KEY,English,Deutsch,Français,Italiano,Spanish,Portuguese (Euro),Portuguese (Brazil),Polish,Russian,Japanese,Chinese (simplified),Chinese (traditional),Korean,Turkish,Greek,Dutch,Vietnamese
pda_88uUCgW,WnOp -on- [c][80ffff]CalSig1a & CAL1a[-][/c][c][0080ff] SubCh[-][/c]: InvOpen -[c][ffffff] Inventory[-][/c] use,,,,,,,,WnOp -on- [c][80ffff]CalSig1a & CAL1a[-][/c][c][0080ff] SubCh[-][/c]: использование [c][ffffff]инвентаря[-][/c],,,,,,,,
pda_SGmu8GO,[c][ff80ff]Off[-][/c] Found [c][ffffff]Iron  [c][ff80ff]OnBy[-][/c][-][/c],,,,,,,,[c][ff80ff]Выкл[-][/c] Найдено: [c][ffffff]железо [c][ff80ff]ВклBy[-][/c][-][/c],,,,,,,,
pda_CSaq8uq,Found Iron,,,,,,,,Найдено железо,,,,,,,,
pda_uaKO8im,(Message),,,,,,,,(Сообщение),,,,,,,,
pda_CG0KaaC,--,,,,,,,,--,,,,,,,,
pda_aqSWO4u,itmPck -on- Found [u][b][c][ffffff]Carbon[-][/c][/b][/u] [b][c][ff8000][i](OffBy: DirectUnlockPC) [/i][c][ff8080]>C_off >C_rw[-][/c][-][/c][/b] [c][ff8000]>C_offx2[-][/c],,,,,,,,itmPck -on- Найден [u][b][c][ffffff]углерод[-][/c][/b][/u] [b][c][ff8000][i](OffBy: DirectUnlockPC) [/i][c][ff8080]>C_off >C_rw[-][/c][-][/c][/b] [c][ff8000]>C_offx2[-][/c],,,,,,,,
pda_WuKeq2O,...,,,,,,,,...,,,,,,,,
pda_mqOSO8S,...,,,,,,,,...,,,,,,,,
pda_CqeQKCm,--,,,,,,,,--,,,,,,,,
pda_u8oSaCG,Better food.,,,,,,,,Пища получше.,,,,,,,,
pda_KWYO8eO,Craft [c][ffff00]Energy Bar[-][/c]\nin [c][ffffff]SuitConstructor[-][/c]\n[i](Click on pic at right side)[c][ffffff][-][/c][/i],,,,,,,,Создать [c][ffff00]энергетический батончик[-][/c]\nв [c][ffffff]конструкторе костюма[-][/c]\n[i](Нажмите на изображение справа)[c][ffffff][-][/c][/i],,,,,,,,
pda_OmCiOaO,--,,,,,,,,--,,,,,,,,
pda_qmwKS84,[c][ffffff]Eat raw [-][/c]food - Illness warning,,,,,,,,[c][ffffff]Есть сырую [-][/c]пищу — предупреждение о болезни,,,,,,,,
pda_Cm8ioUK,Raw Food,,,,,,,,Сырая пища,,,,,,,,
pda_uCZiWWi,"[i](It tastes [b]horrible[/b], and this is an alien world.[/i]\n[i][c][ffffff]- Eating things raw [-][/c]might result in trouble... )[/i]",,,,,,,,"[i](На вкус [b]ужасно[/b], и это чужой мир.[/i]\n[i][c][ffffff]- Употребление сырой пищи [-][/c]может привести к неприятностям... )[/i]",,,,,,,,
pda_q8CCi80,itmC- [c][ffffff]Craft Bandage[-][/c] -  Mitigation hint,,,,,,,,itmC- [c][ffffff]Создать бинт[-][/c] — подсказка по смягчению эффекта,,,,,,,,
pda_aseScWQ,Crafted Bandages,,,,,,,,Бинты созданы,,,,,,,,
pda_qmi0WCO,Crafted: [c][ffffff]Bandage[-][/c].\n\nThey [c][ffffff]heal [-][/c]you up and will [c][ffffff]lessen the effects[-][/c] of a leg fracture.\n... To prevent it from getting[i] worse![/i],,,,,,,,Создано: [c][ffffff]бинт[-][/c].\n\nОн [c][ffffff]лечит [-][/c]вас и [c][ffffff]ослабляет последствия[-][/c] перелома ноги.\n... Чтобы он не стал[i] хуже![/i],,,,,,,,
pda_uYeOq80,A warning,,,,,,,,Предупреждение,,,,,,,,
pda_WKGqmuC,--,,,,,,,,--,,,,,,,,
pda_CW2uLi8,"[i]< Make sure to [c][ffffff]clear the output field[-][/c], else other crafts might have to wait. >[/i]\n\n--\nYou can [c][ffffff]eat [-][/c]with [c][00ff00][Shift + RMB][-][/c].",,,,,,,,"[i]< Обязательно [c][ffffff]очищайте поле результата[-][/c], иначе другие предметы в очереди могут ждать. >[/i]\n\n--\nВы можете [c][ffffff]есть [-][/c] с помощью [c][00ff00][Shift + ПКМ][-][/c].",,,,,,,,
pda_CqOeCj4,____[c][ffff00]Autotriggers for [b]resources[/b][-][/c][b][/b](Priming Awareness) ______,,,,,,,,____[c][ffff00]Автотриггеры для [b]ресурсов[/b][-][/c][b][/b](Подготовка осведомлённости) ______,,,,,,,,
pda_4eOuuWC,...,,,,,,,,...,,,,,,,,
pda_CSua4m4,...,,,,,,,,...,,,,,,,,
pda_8u08fC0,--,,,,,,,,--,,,,,,,,
pda_qmWJSCq,____[c][ffff00]General warnings[-][/c] & info______,,,,,,,,____[c][ffff00]Общие предупреждения[-][/c] и информация______,,,,,,,,
pda_eu8O0Im,...,,,,,,,,...,,,,,,,,
pda_eOe0KWK,...,,,,,,,,...,,,,,,,,
pda_KO1GS0S,--,,,,,,,,--,,,,,,,,
pda_4WWeeiO,____[c][ffff00]BIOME Position triggers[-][/c]______ & stuff,,,,,,,,____[c][ffff00]Триггеры положения в биоме[-][/c]______ и прочее,,,,,,,,
pda_WuCCuea,...,,,,,,,,...,,,,,,,,
pda_qe4iOuO,...,,,,,,,,...,,,,,,,,
pda_qiaGOq4,--,,,,,,,,--,,,,,,,,
pda_0CmW44e,____'[c][ffff00]Crafting related triggers[-][/c] (PC Interface & warnings)______,,,,,,,,"____'[c][ffff00]Триггеры, связанные с созданием[-][/c] (интерфейс ПК и предупреждения)______",,,,,,,,
pda_u8quc0m,...,,,,,,,,...,,,,,,,,
pda_4WauuCq,...,,,,,,,,...,,,,,,,,
pda_wguSCSS,--,,,,,,,,--,,,,,,,,
pda_K0iOmG4,Found [c][ffffff]Silicon[-][/c],,,,,,,,Найден [c][ffffff]кремний[-][/c],,,,,,,,
pda_p8SWCGW,Found [c][ffffff]Copper [c][ff80ff][i][c][ff8000](OffBy: CuDrone) [-][/c][/i][-][/c][-][/c][c][ff80ff][i](OffBy: DetectCopRes) [/i][-][/c],,,,,,,,Найдена [c][ffffff]медь [c][ff80ff][i][c][ff8000](OffBy: CuDrone) [-][/c][/i][-][/c][-][/c][c][ff80ff][i](OffBy: DetectCopRes) [/i][-][/c],,,,,,,,
pda_88eGkeC,Crafted Energy Bars,,,,,,,,Энергетические батончики созданы,,,,,,,,
pda_mWKeW68,...,,,,,,,,...,,,,,,,,
pda_OaGeeSm,--,,,,,,,,--,,,,,,,,
pda_lSiC0mY,[c][ff80ff]Off [-][/c]Found [c][ffffff]PlantFiber[-][/c] & hand harvest hint,,,,,,,,[c][ff80ff]Выкл [-][/c]Найдено [c][ffffff]растительное волокно[-][/c] и подсказка по ручному сбору,,,,,,,,
pda_mGOmOQ0,Open Inventory [c][00ff00][Tab][-][/c],,,,,,,,Откройте инвентарь [c][00ff00][Tab][-][/c],,,,,,,,
pda_SuGiiSO,----,,,,,,,,----,,,,,,,,
pda_alWSWKC,"[u][c][ffffff]Survival [-][/c](Suit) [c][ffffff]Constructor[-][/c][/u]\n\nTo craft, click on the [c][ffff00]picture of the Energy Bar[-][/c]. >>",,,,,,,,"[u][c][ffffff]Конструктор выживания [-][/c](костюма) [c][ffffff][-][/c][/u]\n\nЧтобы создать предмет, нажмите на [c][ffff00]изображение энергетического батончика[-][/c]. >>",,,,,,,,
pda_iSK48aR,Found [c][ffffff]CrushedStones[-][/c][c][ffff00][-][/c][c][ff8000][i](OffByT: OreProcessor)[/i][-][/c],,,,,,,,Найдены [c][ffffff]дроблёные камни[-][/c][c][ffff00][-][/c][c][ff8000][i](OffByT: OreProcessor)[/i][-][/c],,,,,,,,
pda_SeKiAuu,Found Crushed Stone,,,,,,,,Найден дроблёный камень,,,,,,,,
pda_De4e0Ki,--,,,,,,,,--,,,,,,,,
pda_WuGiiuQ,--,,,,,,,,--,,,,,,,,
pda_OeGw4uO,[c][0080ff](nPOI)[-][/c] - rw-[c][ff8080]N[-][/c] - [c][ffffff]Techtree[-][/c] &SurvC [c][ff8080][i](OnBy:[/i][i] Carbon) (RwBy: Tasks2) (OffBy: DirectUnlock) [/i][-][/c][c][ff8000]>C_Off >C_On[-][/c],,,,,,,,[c][0080ff](nPOI)[-][/c] - rw-[c][ff8080]N[-][/c] - [c][ffffff]дерево технологий[-][/c] &SurvC [c][ff8080][i](OnBy:[/i][i] Carbon) (RwBy: Tasks2) (OffBy: DirectUnlock) [/i][-][/c][c][ff8000]>C_Off >C_On[-][/c],,,,,,,,
pda_KxuCCCu,Open [c][ffffff]Techtree[-][/c] [c][00ff00][ F3 ][-][/c],,,,,,,,Откройте [c][ffffff]дерево технологий[-][/c] [c][00ff00][ F3 ][-][/c],,,,,,,,
pda_GHO0K40,Unlock new tech!,,,,,,,,Откройте новую технологию!,,,,,,,,
pda_04qOC8K,---,,,,,,,,---,,,,,,,,
pda_Y8Uqek4,[i]< Great!  >[/i]\n[i]< You can now [c][ffffff]unlock [-][/c]and craft a new [c][ffffff]constructor! >[-][/c][/i]\n[c][ffff80][-][/c] \n( [c][ffff80]Open the Tech tree[-][/c] with [c][00ff00][ F3 ][-][/c] )[c][00ff00][-][/c],,,,,,,,[i]< Отлично! >[/i]\n[i]< Теперь вы можете [c][ffffff]открыть [-][/c]и создать новый [c][ffffff]конструктор! >[-][/c][/i]\n[c][ffff80][-][/c] \n( [c][ffff80]Откройте дерево технологий[-][/c] клавишей [c][00ff00][ F3 ][-][/c] )[c][00ff00][-][/c],,,,,,,,
pda_YMOGWqe,Unlock [c][ffff80]Portable Constructor[-][/c],,,,,,,,Откройте [c][ffff80]переносной конструктор[-][/c],,,,,,,,
pda_8AaKOHG,"[u][c][ffffff]Tech tree[-][/c][/u]:\n\nGain [c][ffffff]unlock points (UP)[-][/c] by collecting experience (XP).\n\n\n[b]Caution:[/b]\nYou will need a fitting[c][ffffff] constructor[-][/c] to craft all these things.\n[i](See lower screen edge, colour examples)[/i]\n\n(Double [c][00ff00][LMB] [-][/c]on icon, to unlock that template)\n\n\n---\n[ [c][ffffff]OK [-][/c]] for next page",,,,,,,,"[u][c][ffffff]Дерево технологий[-][/c][/u]:\n\nПолучайте [c][ffffff]очки открытия (UP)[-][/c], набирая опыт (XP).\n\n\n[b]Внимание:[/b]\nДля создания всех этих предметов потребуется подходящий[c][ffffff] конструктор[-][/c].\n[i](Смотрите на нижний край экрана, примеры цветов)[/i]\n\n(Дважды нажмите [c][00ff00][ЛКМ] [-][/c]по значку, чтобы открыть шаблон)\n\n\n---\n[ [c][ffffff]ОК [-][/c]] для следующей страницы",,,,,,,,
pda_44mGwCw,"Techtree [c][00ff00][ F3 ][-][/c], [b][[ Misc ]] [/b]tab\n[i][c][c0c0c0][sup](Scroll down that list.[/sup][-][/c][c][c0c0c0][sup])[/sup][-][/c][/i]",,,,,,,,"Дерево технологий [c][00ff00][ F3 ][-][/c], вкладка [b][[ Разное ]] [/b]\n[i][c][c0c0c0][sup](Прокрутите список вниз.[/sup][-][/c][c][c0c0c0][sup])[/sup][-][/c][/i]",,,,,,,,
pda_CmCu4KO,--,,,,,,,,--,,,,,,,,
pda_OfUW00O,A new Constructor,,,,,,,,Новый конструктор,,,,,,,,
pda_GWCa0iq,Open Inventory [c][00ff00][Tab][-][/c],,,,,,,,Откройте инвентарь [c][00ff00][Tab][-][/c],,,,,,,,
pda_iuOqCeC,--,,,,,,,,--,,,,,,,,
pda_aaOiSO0,"To craft, click on the [c][ffff80]picture of the Portable Contstructor[-][/c]. >>",,,,,,,,"Чтобы создать предмет, нажмите на [c][ffff80]изображение переносного конструктора[-][/c]. >>",,,,,,,,
pda_wSC082K,Craft [c][ffff00]Portable Constructor[-][/c]\nin [c][ffffff]SuitConstructor[-][/c]\n[i](Click on pic at right side)[/i],,,,,,,,Создать [c][ffff00]переносной конструктор[-][/c]\nв [c][ffffff]конструкторе костюма[-][/c]\n[i](Нажмите на изображение справа)[/i],,,,,,,,
pda_0C8cTiC,--,,,,,,,,--,,,,,,,,
pda_CCnuYKS,[i]< Craft the [c][ffffff]Portable Constructor[-][/c] in your [c][ffff80]Survival (Suit) Constructor.[-][/c] >[/i]\n\n[i]< - Please open your Inventory [/i][c][ffff80][c][00ff00][[-][/c][-][/c][c][ffff80][c][00ff00]Tab][-][/c][-][/c][i]... >[/i],,,,,,,,[i]< Создайте [c][ffffff]переносной конструктор[-][/c] в [c][ffff80]конструкторе выживания (костюма).[-][/c] >[/i]\n\n[i]< - Откройте инвентарь [/i][c][ffff80][c][00ff00][[-][/c][-][/c][c][ffff80][c][00ff00]Tab][-][/c][-][/c][i]... >[/i],,,,,,,,
pda_KuiKOGG,invOp - on- [c][ffffff]PCOpen[-][/c]   & overview [c][ffffff][c][ff8080]VarT3Rewarder[-][/c][-][/c] [c][ffffff][c][ff8080] [c][ff8000][i](OffBy:FillFuelFarm) [/i][-][/c][-][/c][-][/c],,,,,,,,invOp - on- [c][ffffff]PCOpen[-][/c]   & обзор [c][ffffff][c][ff8080]VarT3Rewarder[-][/c][-][/c] [c][ffffff][c][ff8080] [c][ff8000][i](OffBy:FillFuelFarm) [/i][-][/c][-][/c][-][/c],,,,,,,,
pda_8W0eGSa,Portable Constructor,,,,,,,,Переносной конструктор,,,,,,,,
pda_W4SqK0e,...,,,,,,,,...,,,,,,,,
pda_m04eamm,--,,,,,,,,--,,,,,,,,
pda_SSqiaaS,[i](Close Techtree)[/i],,,,,,,,[i](Закройте дерево технологий)[/i],,,,,,,,
pda_4uWKSiY,--,,,,,,,,--,,,,,,,,
pda_WC0SGu2,Sig - on_[c][ff8080]N[-][/c] - Heat[c][ffffff]Rad Ship [c][ffff00]+UI_HeatRad[-][/c][-][/c],,,,,,,,Sig - on_[c][ff8080]N[-][/c] - Жара[c][ffffff]Радиация корабля [c][ffff00]+UI_HeatRad[-][/c][-][/c],,,,,,,,
pda_WiC04oG,[c][ffffff]Heat [-][/c]and \n[c][ffffff]Radiation[-][/c],,,,,,,,[c][ffffff]ЖАРА [-][/c]и \n[c][ffffff]РАДИАЦИЯ[-][/c],,,,,,,,
pda_qGqiamK,...,,,,,,,,...,,,,,,,,
pda_xOmiSam,--,,,,,,,,--,,,,,,,,
pda_WmOeCm8,Trg_Stat [c][ffffff]OtherAffl[-][/c]iction & Mitigation [c][ff8000][i](OffBy: HrPOI & Boom&Heal)[/i][-][/c],,,,,,,,Trg_Stat [c][ffffff]OtherAffl[-][/c]iction & Смягчение [c][ff8000][i](OffBy: HrPOI & Boom&Heal)[/i][-][/c],,,,,,,,
pda_0F080au,Hurt Detected...,,,,,,,,Обнаружено ранение...,,,,,,,,
pda_R8uaOiW,[c][ffff80]Afflictions[-][/c],,,,,,,,[c][ffff80]Недуги[-][/c],,,,,,,,
pda_SC8iG0C,--,,,,,,,,--,,,,,,,,
pda_M0aG88m,"You just got [c][ffffff]ill. [-][/c]\n[i]Effects are stopped, for the moment, but you have to act.[/i]\n\nCheck the Inventory, and [c][ffffff]hover over the icon[-][/c] for more info.\n[c][ffffff][-][/c]\n[c][ffffff]- Mitigation [-][/c]will (at least) slow down the effect.\n\n[c][ffffff]- Healing [-][/c]will get rid of it - \n... But depending on the medicals used, this might have side effects. [i](Healing devices are safer.)[/i]",,,,,,,,"Вы [c][ffffff]заболели. [-][/c]\n[i]Эффекты пока остановлены, но вам нужно действовать.[/i]\n\nПроверьте инвентарь и [c][ffffff]наведите курсор на значок[-][/c], чтобы узнать подробности.\n[c][ffffff][-][/c]\n[c][ffffff]- Смягчение [-][/c]как минимум замедляет эффект.\n\n[c][ffffff]- Лечение [-][/c]устраняет его — \n... Но в зависимости от применённого лекарства возможны побочные эффекты. [i](Лечебные устройства безопаснее.)[/i]",,,,,,,,
pda_OSqC84O,...,,,,,,,,...,,,,,,,,
pda_G000mMe,---,,,,,,,,---,,,,,,,,
pda_uSOKG0B,...,,,,,,,,...,,,,,,,,
pda_OGmqiSC,--,,,,,,,,--,,,,,,,,
pda_qKeOaOW,invOp - on- Heat Rad-Boom&[c][ffffff]Heal [c][ff8000][b]>C_RwT[/b] C_OffT [b]Affl [/b]SecOff[-][/c][c][ff8000]:ClosedFridge >C_Off [-][/c][-][/c][c][ffff00]&signals[-][/c],,,,,,,,invOp - on- Heat Rad-Boom&[c][ffffff]Heal [c][ff8000][b]>C_RwT[/b] C_OffT [b]Affl [/b]SecOff[-][/c][c][ff8000]:ClosedFridge >C_Off [-][/c][-][/c][c][ffff00]&signals[-][/c],,,,,,,,
pda_4GCOCua,[c][ffff00]Healing items[-][/c][c][ffff00][-][/c],,,,,,,,[c][ffff00]Лечебные предметы[-][/c][c][ffff00][-][/c],,,,,,,,
pda_g4KCTWG,Close inventory of palette,,,,,,,,Закройте инвентарь контейнера,,,,,,,,
pda_O4qa2qe,--,,,,,,,,--,,,,,,,,
pda_Gs4iuOC,"""GENERATOR OVERLOAD !""",,,,,,,,"""ПЕРЕГРУЗКА ГЕНЕРАТОРА!""",,,,,,,,
pda_0m8WCEo,[i]< Healing items ... >[/i],,,,,,,,[i]< Лечебные предметы... >[/i],,,,,,,,
pda_mCKaWCi,[c][ffffff]BPlc[-][/c] - [c][ffffff]Tent[-][/c] info [c][80ffff]CalSigTent[-][/c]- [c][ff8000]>C_Off x3 [i][c][ffff00]>FlotSig[-][/c][/i][-][/c],,,,,,,,[c][ffffff]BPlc[-][/c] - сведения о [c][ffffff]палатке[-][/c] [c][80ffff]CalSigTent[-][/c]- [c][ff8000]>C_Off x3 [i][c][ffff00]>FlotSig[-][/c][/i][-][/c],,,,,,,,
pda_aKuCSAe,The Tent,,,,,,,,Палатка,,,,,,,,
pda_OO4CZCS,...,,,,,,,,...,,,,,,,,
pda_mSWiqCC,---,,,,,,,,---,,,,,,,,
pda_e0eO4uW,Queue - [c][ffffff]Craft no [-][/c]L blocks [c][ffffff]w/o Starter [-][/c][i] [c][ff8000](Offby: CraftBAStarter)[-][/c][/i],,,,,,,,Очередь — [c][ffffff]нельзя создать [-][/c]большие блоки [c][ffffff]без стартового блока[-][/c][i] [c][ff8000](Offby: CraftBAStarter)[-][/c][/i],,,,,,,,
pda_OqcGO6a,Building blocks,,,,,,,,Строительные блоки,,,,,,,,
pda_Cui6Ciu,...,,,,,,,,...,,,,,,,,
pda_OeWWLCq,---,,,,,,,,---,,,,,,,,
pda_XK88S8O,"[u][c][ffffff]Building blocks[-][/c][/u]\n\nUse this block on an [b]existing [/b]structure.\n\nFor [c][ffffff]beginning fresh[-][/c], craft a  [c][ffff80]Starter Block[-][/c].",,,,,,,,"[u][c][ffffff]Строительные блоки[-][/c][/u]\n\nИспользуйте этот блок на [b]существующей [/b]конструкции.\n\nЧтобы [c][ffffff]начать с нуля[-][/c], создайте [c][ffff80]стартовый блок[-][/c].",,,,,,,,
pda_0iqI4G8,[c][ffffff]HEAT[-][/c] and [c][ffffff]RADIATION[-][/c]\n\n[i]See [c][ffff80][b]right upper [/b]screen edge[-][/c]  >>[/i]\n\n\n([c][ffffff]Nearby              [-][/c]|  ([c][ffffff]Suit[-][/c] Temperature)   \nTemperature)   |  ([c][ffffff]World[-][/c] Temps)        \n                                                                \n([c][ffffff]Nearby[-][/c]             |  ([c][ffffff]Body [-][/c]surface rads)\nRadiation)         |  ([c][ffffff]World [-][/c]Rads)          ,,,,,,,,[c][ffffff]ЖАРА[-][/c] и [c][ffffff]РАДИАЦИЯ[-][/c]\n\n[i]Смотрите на [c][ffff80][b]правый верхний [/b]край экрана[-][/c]  >>[/i]\n\n\n([c][ffffff]Рядом              [-][/c]|  (Температура [c][ffffff]костюма[-][/c])   \nТемпература)   |  (Температура [c][ffffff]мира[-][/c])        \n                                                                \n([c][ffffff]Рядом[-][/c]             |  (Радиация поверхности [c][ffffff]тела [-][/c])\nРадиация)         |  (Радиация [c][ffffff]мира [-][/c])          ,,,,,,,,
pda_8040Wa4,Sig - HeatRad--- [c][ffffff]SpecialLoot [-][/c]Container,,,,,,,,Sig - HeatRad--- контейнер [c][ffffff]особой добычи[-][/c],,,,,,,,
pda_OiTCeCS,Found Special Loot,,,,,,,,Найдена особая добыча,,,,,,,,
pda_uOKKWWO,...,,,,,,,,...,,,,,,,,
pda_mSCe4a8,--,,,,,,,,--,,,,,,,,
pda_qaqdSeO,"[u][c][ffffff]Found a [-][/c][b][c][ffffff]Secret ![-][/c][/b][/u]\n\nThis is a [c][ffffff]special loot[-][/c] container.\nOften they are well-hidden.\nCheck your surroundings, to find them all.",,,,,,,,"[u][c][ffffff]Найден [-][/c][b][c][ffffff]секрет![-][/c][/b][/u]\n\nЭто контейнер с [c][ffffff]особой добычей[-][/c].\nЧасто они хорошо спрятаны.\nОсматривайте окружение, чтобы найти их все.",,,,,,,,
pda_W4i00S8,_____ [b][c][ffffff]XXXX White Chapters XXXX [-][/c]are tested and working[/b]____,,,,,,,,_____ [b][c][ffffff]XXXX Белые главы XXXX [-][/c]проверены и работают[/b]____,,,,,,,,
pda_GqSqOeW,...,,,,,,,,...,,,,,,,,
pda_s0q8OS0,...,,,,,,,,...,,,,,,,,
pda_4UW0GO8,--,,,,,,,,--,,,,,,,,
pda_m4CG84u,[i]Generator...[/i],,,,,,,,[i]Генератор...[/i],,,,,,,,
pda_ISBuSKT,[i]...[/i],,,,,,,,[i]...[/i],,,,,,,,
pda_i8aBGL8,---,,,,,,,,---,,,,,,,,
pda_uOuqQi4,Apply medicine,,,,,,,,Примените лекарство,,,,,,,,
pda_Oeme80G,Open Inventory [c][00ff00][Tab][-][/c],,,,,,,,Откройте инвентарь [c][00ff00][Tab][-][/c],,,,,,,,
pda_SCqiOei,---,,,,,,,,---,,,,,,,,
pda_6S08Ge8,"[c][ffff00]Use '[b]First Aid Kit[/b]'[-][/c] to heal, or 'Bandages' to mitigate",,,,,,,,[c][ffff00]Используйте '[b]аптечку[/b]'[-][/c] для лечения или бинты для смягчения эффекта,,,,,,,,
pda_qKeCaem,---,,,,,,,,---,,,,,,,,
pda_mWeex8S,Please[c][ffff80] select the [[ Stats ]] tab[-][/c] \nat upper right corner.,,,,,,,,Пожалуйста[c][ffff80] выберите вкладку [[ Статистика ]][-][/c] \nв правом верхнем углу.,,,,,,,,
pda_0iimeCC,Some[c][ffffff] medicines[-][/c] could have[c][ffffff] side effects[-][/c]. \nHealing devices are safer... - - if you can reach them in time![i][/i],,,,,,,,Некоторые[c][ffffff] лекарства[-][/c] могут иметь[c][ffffff] побочные эффекты[-][/c]. \nЛечебные устройства безопаснее... если успеете до них добраться![i][/i],,,,,,,,
pda_0meKaK0,Found [c][ffffff]Wood Logs [-][/c][c][ff8000][i][b]>C_Off[/b][/i][-][/c],,,,,,,,Найдены [c][ffffff]брёвна [-][/c][c][ff8000][i][b]>C_Off[/b][/i][-][/c],,,,,,,,
pda_4CqEaSw,itmPck -rw- [c][80ffff]CalSig3[-][/c][c][00ff00]-[-][/c] Plant[c][ffffff]Prot[-][/c]-PowBarCraft[c][ffffff][c][ff8000] [i](RwByT:SprintResources)[/i]  >C_On  >C[-][/c][b][c][ff8000]_Off x3 [-][/c][/b][c][ff8080][c][ff8000][b]>[/b]C_RwT[-][/c] >COff[-][/c][-][/c],,,,,,,,itmPck -rw- [c][80ffff]CalSig3[-][/c][c][00ff00]-[-][/c] Растительный[c][ffffff] белок[-][/c]-Создание энергетического батончика[c][ffffff][c][ff8000] [i](RwByT:SprintResources)[/i]  >C_On  >C[-][/c][b][c][ff8000]_Off x3 [-][/c][/b][c][ff8080][c][ff8000][b]>[/b]C_RwT[-][/c] >COff[-][/c][-][/c],,,,,,,,
pda_8eq4OiK,Found Plant Protein,,,,,,,,Найден растительный белок,,,,,,,,
pda_0ipe0mS,...,,,,,,,,...,,,,,,,,
pda_See4v00,--,,,,,,,,--,,,,,,,,
pda_0IKa4O0,[c][0080ff]nUnit[-][/c] - on_[c][ff8080]V [-][/c]- Heat[c][ffffff]RadEarly[-][/c] [c][ff8080][i](OffBy:CheckIfDetector) [/i] >C_Off [-][/c][c][ff8000]>C_Rw[-][/c],,,,,,,,[c][0080ff]nUnit[-][/c] - on_[c][ff8080]V [-][/c]- Жара[c][ffffff]Ранняя рад[-][/c] [c][ff8080][i](OffBy:CheckIfDetector) [/i] >C_Off [-][/c][c][ff8000]>C_Rw[-][/c],,,,,,,,
pda_GquaeO0,[b]P[/b]oint [b]O[/b]f [b]I[/b]nterest,,,,,,,,[b]Т[/b]очка [b]и[/b]нтереса,,,,,,,,
pda_0mih8iC,[c][ffff00]Get inside of the cellar[-][/c],,,,,,,,[c][ffff00]Зайдите в подвал[-][/c],,,,,,,,
pda_Y8peC8m,--,,,,,,,,--,,,,,,,,
pda_Su0C4OC,"[i]This is a Mission Chapter.  Please, [c][ffff00]click me[-][/c][/i]",,,,,,,,"[i]Это глава миссии. Пожалуйста, [c][ffff00]нажмите на меня[-][/c][/i]",,,,,,,,
pda_gqiaGaC,...,,,,,,,,...,,,,,,,,
pda_e0mq0ei,...,,,,,,,,...,,,,,,,,
pda_CXim2Ge,\n[c][ffff00]Please click again [-][/c]on the title: [c][ffffff]'This is a mission chapter'[-][/c],,,,,,,,\n[c][ffff00]Нажмите ещё раз [-][/c]на название: [c][ffffff]'Это глава миссии'[-][/c],,,,,,,,
pda_Wuuau80,\n\n\n\n\n\n\n\n\n\n\n\n\n\n\n\n\n\n\n\n\n\n<---- [c][ffff00]Press This button[-][/c] to start test mission.,,,,,,,,"\n\n\n\n\n\n\n\n\n\n\n\n\n\n\n\n\n\n\n\n\n\n<---- [c][ffff00]Нажмите эту кнопку[-][/c], чтобы начать тестовую миссию.",,,,,,,,
pda_iaqS0Oi,[i]-[b] [u]Last resort[/u][/b] - A mission got stuck...? [/i][c][ffffff][i]Click arrow ----->[/i][-][/c],,,,,,,,[i]-[b] [u]Последнее средство[/u][/b] — миссия зависла...? [/i][c][ffffff][i]Нажмите на стрелку ----->[/i][-][/c],,,,,,,,
pda_e4UCqeS,"[c][ffff80]Click on this[-][/c] Task, please.  [i]( Keep [/i][Pda Info][i] on)[/i]",,,,,,,,[c][ffff80]Нажмите на это[-][/c] задание. [i]( Оставьте [/i][Pda Info][i] включённым)[/i],,,,,,,,
pda_0CeacKK,How to unstuck,,,,,,,,Как выйти из зависания,,,,,,,,
pda_mWiejCu,"\n[c][ffffff]In above window[-][/c], there is an ""action"" listed. Called here ""how to unstuck"". \nIt has a [c][ffffff]checkbox[-][/c], to the left.\n\nIn the[c][ffffff] 'stuck' mission, press on such a checkbox[-][/c].\n\n\n[i][b][c][ffffff]Warning [-][/c][/b]\n... Doing this, [b]things might break[/b]. Hidden follow-up problems are likely.[/i]\n\n---------------------\n\n\n[i]If you are forced to use this: \nPlease consider filing a [c][ffff80]bug report[-][/c][/i]. \n\n[c][ffffff]https://empyriononline.com/forums/bugs.24/[-][/c]\n[i][/i]\n[i]Thanks alot!![/i]\n\n--------------------\n\n- Have fun!\n\nYour Eleon Team.",,,,,,,,"\n[c][ffffff]В верхнем окне[-][/c] показано «действие» с названием «Как выйти из зависания». \nСлева от него есть [c][ffffff]флажок[-][/c].\n\nВ[c][ffffff] «зависшей» миссии нажмите такой флажок[-][/c].\n\n\n[i][b][c][ffffff]Внимание [-][/c][/b]\n... Это может [b]сломать некоторые вещи[/b]. Вероятны скрытые проблемы в дальнейшем.[/i]\n\n---------------------\n\n\n[i]Если вам пришлось воспользоваться этим: \nпожалуйста, отправьте [c][ffff80]отчёт об ошибке[-][/c][/i]. \n\n[c][ffffff]https://empyriononline.com/forums/bugs.24/[-][/c]\n[i][/i]\n[i]Большое спасибо!![/i]\n\n--------------------\n\n- Удачи!\n\nКоманда Eleon.",,,,,,,,
pda_acm4uGS,"Queue -on- [c][ffffff]Bulk crafting [-][/c]- -  [i]((Ammo, Fuel, Ingots, Powerbar))[/i]",,,,,,,,"Очередь — [c][ffffff]массовое создание[-][/c] — [i]((Боеприпасы, топливо, слитки, энергетические батончики))[/i]",,,,,,,,
pda_SAxCquC,Bulk Crafting,,,,,,,,Массовое создание,,,,,,,,
pda_GWO8W0G,Bulk Crafting,,,,,,,,Массовое создание,,,,,,,,
pda_mKsWeq0,--,,,,,,,,--,,,,,,,,
pda_GQ8iWaS,"[u][b]Bulk crafting[/b][/u]\n\n[c][ffffff]Craft stacks[-][/c] of items                                            \n[i]Hold [c][00ff00][Shift][-][/c] or [c][00ff00][Cntrl][-][/c],  + click[c][ffffff] template[-][/c].               [/i]\n                                                                \n[c][ffffff]Remove stacks [-][/c]from queue:  [c][ffffff][-][/c]\n[i]Holding [Shift] or [Cntrl] + click on[b] queue icon[/b][/i]\n\n--- \n[c][ffffff]Abort craft[-][/c]:    [c][c0c0c0]                                              \n[b]Green slider[/b] at top of screen to turn off          \nThen, click on queue icon.                        \n(Resources might be lost.)                          [-][/c]",,,,,,,,"[u][b]Массовое создание[/b][/u]\n\n[c][ffffff]Создание стопок[-][/c] предметов                                            \n[i]Удерживайте [c][00ff00][Shift][-][/c] или [c][00ff00][Cntrl][-][/c] и нажмите на[c][ffffff] шаблон[-][/c].               [/i]\n                                                                \n[c][ffffff]Удаление стопок [-][/c]из очереди:  [c][ffffff][-][/c]\n[i]Удерживайте [Shift] или [Cntrl] и нажмите на[b] значок очереди[/b][/i]\n\n--- \n[c][ffffff]Отмена создания[-][/c]:    [c][c0c0c0]                                              \n[b]Зелёный ползунок[/b] вверху экрана — выключите его,          \nзатем нажмите на значок очереди.                        \n(Ресурсы могут быть потеряны.)                          [-][/c]",,,,,,,,
pda_2wC1Sia,"InvC - [c][ffffff]Item quick-transfer[-][/c] reminder PC [c][ff8000][i](OnByT: Tasks3, Hoverbike placed) (OffBy: BiofuelCamp)[/i]      >C_Rw[-][/c]",,,,,,,,"InvC — напоминание о [c][ffffff]быстром переносе предметов[-][/c] в ПК [c][ff8000][i](OnByT: Tasks3, Hoverbike placed) (OffBy: BiofuelCamp)[/i]      >C_Rw[-][/c]",,,,,,,,
pda_6CuS0Si,Added Materials,,,,,,,,Материалы добавлены,,,,,,,,
pda_CuWaY4W,...,,,,,,,,...,,,,,,,,
pda_8qWu0CO,--,,,,,,,,--,,,,,,,,
pda_qD8u8RS,[c][ffffff]To[b] Quick-transfer[/b] things:[-][/c]\n\n[c][00ff00][Shift] + [LMB][-][/c] [c][ffffff]on an item[-][/c],,,,,,,,[c][ffffff]Чтобы[b] быстро перенести[/b] предметы:[-][/c]\n\n[c][00ff00][Shift] + [ЛКМ][-][/c] [c][ffffff]по предмету[-][/c],,,,,,,,
pda_euO0uAi,[c][ff80ff]Check flow [-][/c]Unlocked[c][ffffff] Multitool[-][/c],,,,,,,,[c][ff80ff]Проверка хода [-][/c]Открыт[c][ffffff] мультитул[-][/c],,,,,,,,
pda_amuSS0e,Multitool,,,,,,,,Мультитул,,,,,,,,
pda_KGmGq00,...,,,,,,,,...,,,,,,,,
pda_0mqm8OS,---,,,,,,,,---,,,,,,,,
pda_Z4u8GmK,"This is your [u][c][ffffff]main building tool[-][/c][/u].\n\nMost important function is [c][ffffff]full block retrieval[-][/c].\n\n[i]For ammo clips, you need to find the Resource '[c][ffff80]Promethium[-][/c]' .[/i]",,,,,,,,Это ваш [u][c][ffffff]главный строительный инструмент[-][/c][/u].\n\nЕго важнейшая функция — [c][ffffff]полное извлечение блоков[-][/c].\n\n[i]Для боеприпасов к нему нужно найти ресурс «[c][ffff80]прометий[-][/c]».[/i],,,,,,,,
pda_KSCJ4SI,____[c][ffff00]Techtree special mentions[-][/c]______,,,,,,,,____[c][ffff00]Особые упоминания дерева технологий[-][/c]______,,,,,,,,
pda_WCSgk4m,...,,,,,,,,...,,,,,,,,
pda_GufaOsi,...,,,,,,,,...,,,,,,,,
pda_8o0et8K,--,,,,,,,,--,,,,,,,,
pda_aSWKiKa,"Queue - [c][ffffff]Craft Starter (HV)[-][/c], ""Multitool tip"" [c][ff8000][i]>C_Off[/i][-][/c]",,,,,,,,"Очередь — [c][ffffff]создать стартовый блок (HV)[-][/c], «совет по мультитулу» [c][ff8000][i]>C_Off[/i][-][/c]",,,,,,,,
pda_CeSGa0G,Crafting starter Block,,,,,,,,Создание стартового блока,,,,,,,,
pda_KWG6m8K,...,,,,,,,,...,,,,,,,,
pda_4GG8G4r,--,,,,,,,,--,,,,,,,,
pda_uSa8emm,"This starter block uses the ""[c][ffffff]Small"" Grid[-][/c].\n[sup](""S"" or ""HV"")[/sup]\n\n... To easily choose [b]fitting blocks[/b] to craft:\nSelect the '[c][ffffff] HoverVessel[-][/c]'  filter.\n[c][c0c0c0][sup][i](> Upper tabs, right, Symbol of a Land Speeder)[/i][/sup][-][/c]\n[sup]\nFor complex building, a [c][ffffff]Multitool [-][/c]is \nhighly recommended. (=Block pickup)[/sup]",,,,,,,,"Этот стартовый блок использует «[c][ffffff]малую» сетку[-][/c].\n[sup](«S» или «HV»)[/sup]\n\n... Чтобы легко выбрать [b]подходящие блоки[/b] для создания:\nвыберите фильтр «[c][ffffff]ховерное судно[-][/c]». \n[c][c0c0c0][sup][i](> Верхние вкладки справа, значок наземного транспорта)[/i][/sup][-][/c]\n[sup]\nДля сложного строительства настоятельно рекомендуется [c][ffffff]мультитул[-][/c].\n(=подбор блоков)[/sup]",,,,,,,,
pda_CwqWGCC,Trg_Stat [c][ffffff]FirstFracture[-][/c] security mention [c][ff8000][i](OffBy: HrPOI & heatRad early &BoomHeal)[/i][-][/c],,,,,,,,Trg_Stat [c][ffffff]Первый перелом[-][/c] упоминание безопасности [c][ff8000][i](OffBy: HrPOI & heatRad early &BoomHeal)[/i][-][/c],,,,,,,,
pda_oW44Sqm,Ouch...,,,,,,,,Ай...,,,,,,,,
pda_KCka8K7,...,,,,,,,,...,,,,,,,,
pda_uG8qWSj,---,,,,,,,,---,,,,,,,,
pda_8imeamG,[c][ffff80]Afflictions[-][/c],,,,,,,,[c][ffff80]Недуги[-][/c],,,,,,,,
pda_8GMYmwS,--,,,,,,,,--,,,,,,,,
pda_4erKaGC,"You just got [c][ffffff]ill. [-][/c]\n[i]Effects are stopped, for the moment, but you have to act.[/i]\n\n[c][ffffff]- Mitigation [-][/c]will lessen or slow down the illness.\n[c][ffffff]- Healing [-][/c]will get rid of it.\n\nA [c][ffffff]fracture is mitigated [-][/c]with [c][ffff80]bandages[-][/c].",,,,,,,,"Вы [c][ffffff]заболели. [-][/c]\n[i]Эффекты пока остановлены, но вам нужно действовать.[/i]\n\n[c][ffffff]- Смягчение [-][/c]ослабляет или замедляет болезнь.\n[c][ffffff]- Лечение [-][/c]устраняет её.\n\n[c][ffffff]Перелом смягчается [-][/c]с помощью [c][ffff80]бинтов[-][/c].",,,,,,,,
pda_8OetKWS,Your Inventory,,,,,,,,Ваш инвентарь,,,,,,,,
pda_qaiiu8O,InvCc -on- [c][ffffff]Make ores[-][/c] - - [i]((Crushed stone x5))[/i],,,,,,,,InvCc -on- [c][ffffff]Создание руды[-][/c] — [i]((Дроблёный камень x5))[/i],,,,,,,,
pda_qq0uim8,Crushed Stone,,,,,,,,Дроблёный камень,,,,,,,,
pda_OuCKmTC,...,,,,,,,,...,,,,,,,,
pda_CimEmLW,--,,,,,,,,--,,,,,,,,
pda_CWmqiak,"[u][c][ffffff]Emergency resources[-][/c][/u]:\n\nIf desperate, this Constructor can filter basic[c][ffffff] ores[-][/c] \nout of [c][ffffff]Crushed Stones.                                               [-][/c]\n[i][/i]\n[i](Check the [b]'Components' [/b]tab.                                    [/i]\n[i]Upper row of small symbols -> Small gear symbol)[/i]",,,,,,,,[u][c][ffffff]Экстренные ресурсы[-][/c][/u]:\n\nВ крайнем случае этот конструктор может переработать [c][ffffff]дроблёные камни[-][/c] в базовую[c][ffffff] руду[-][/c].                                               \n[i][/i]\n[i](Проверьте вкладку [b]«Компоненты»[/b].                                    [/i]\n[i]Верхний ряд маленьких значков -> значок малой шестерёнки)[/i],,,,,,,,
pda_qG4QKYi,____[c][ffff00] Tent  [-][/c]______________,,,,,,,,____[c][ffff00] Палатка  [-][/c]______________,,,,,,,,
pda_4qiaOuS,...,,,,,,,,...,,,,,,,,
pda_SmaKOqE,...,,,,,,,,...,,,,,,,,
pda_qKWmaGO,--,,,,,,,,--,,,,,,,,
pda_G2GOmam,"Found: [c][ffffff]Crushed Stone[-][/c]\n[c][ffffff][-][/c]\n[i]( For: [u]Concrete[/u], Devices...)[/i]",,,,,,,,"Найдено: [c][ffffff]дроблёный камень[-][/c]\n[c][ffffff][-][/c]\n[i]( Для: [u]бетона[/u], устройств...)[/i]",,,,,,,,
pda_i8ax48K,Queue - Craft replacement [c][ffffff]Core[-][/c]. [i](OnBy??) [c][ff8000](OffBy: CraftBAStarter)[-][/c][/i],,,,,,,,Очередь — создать запасное [c][ffffff]ядро[-][/c]. [i](OnBy??) [c][ff8000](OffBy: CraftBAStarter)[-][/c][/i],,,,,,,,
pda_iSiW5ue,Replacement Core,,,,,,,,Запасное ядро,,,,,,,,
pda_O2U40WK,[i]... intended?[/i],,,,,,,,[i]... Так и задумано?[/i],,,,,,,,
pda_i0WO808,"[u]Note:[/u] You [c][ffffff]crafted a[b] 'replacement' Core[/b][-][/c]\n\n... Use it to [b]move your Core[/b] location,\nor to [b]claim [/b]another structure.\n\n--- \n\n[c][c0c0c0](...If you intended to create a [-][/c][c][ffffff][b]new [/b]structure: [-][/c][c][c0c0c0]\nJust craft the fitting [-][/c][c][ffffff]Starter Block[-][/c][c][c0c0c0] next. [-][/c]\n[i][c][c0c0c0]> ""Building blocks'""tab & ""Show all Templates'"" selector.)[-][/c][/i]",,,,,,,,"[u]Примечание:[/u] Вы [c][ffffff]создали[b] «запасное» ядро[/b][-][/c]\n\n... Используйте его, чтобы [b]переместить своё ядро[/b]\nили [b]захватить [/b]другую конструкцию.\n\n--- \n\n[c][c0c0c0](...Если вы хотели создать [-][/c][c][ffffff][b]новую [/b]конструкцию: [-][/c][c][c0c0c0]\nсоздайте подходящий [-][/c][c][ffffff]стартовый блок[-][/c][c][c0c0c0]. [-][/c]\n[i][c][c0c0c0]> Вкладка «Строительные блоки» и переключатель «Показать все шаблоны».)[-][/c][/i]",,,,,,,,
pda_qaO8mCC,..,,,,,,,,..,,,,,,,,
pda_iqq48eK,"Queue - [c][ffffff]Craft Starter (BA) [-][/c]Size & ""Multitool"" warn [i][c][ff8000]>C_Off[-][/c][/i]",,,,,,,,Очередь — [c][ffffff]создать стартовый блок (BA) [-][/c]размер и предупреждение о «мультитуле» [i][c][ff8000]>C_Off[-][/c][/i],,,,,,,,
pda_WRWRSqG,Crafting starter Block,,,,,,,,Создание стартового блока,,,,,,,,
pda_WWuaGli,...,,,,,,,,...,,,,,,,,
pda_qGSSUe8,--,,,,,,,,--,,,,,,,,
pda_QSOmM8O,"This starter block uses the ""[c][ffffff]Large"" Grid[-][/c].\n(""L"" or ""BA"")                                                  \n\n... To easily choose [b]fitting blocks[/b] to craft, select the '[c][ffffff] Base[-][/c]'  filter.\n[i](> Upper tabs, right, same symbol as on this block.)                   [/i]\n\n-\n[i]Note: For building, a [c][ffffff]Multitool [-][/c]is highly recommended. [/i]\n[i](=Block pickup)                                                                     [/i]",,,,,,,,"Этот стартовый блок использует «[c][ffffff]большую» сетку[-][/c].\n(«L» или «BA»)                                                  \n\n... Чтобы легко выбрать [b]подходящие блоки[/b] для создания, выберите фильтр «[c][ffffff]база[-][/c]». \n[i](> Верхние вкладки справа, тот же значок, что на этом блоке.)                   [/i]\n\n-\n[i]Примечание: для строительства настоятельно рекомендуется [c][ffffff]мультитул[-][/c]. [/i]\n[i](=подбор блоков)                                                                     [/i]",,,,,,,,
pda_4m8uSSC,[c][ff8000]bmC[-][/c]- Enter the [c][ffffff]Poles [-][/c]&travel over poles [i][c][ff8000](OffBy: DBDoorBreach)[-][/c][/i],,,,,,,,[c][ff8000]bmC[-][/c]- Войдите на [c][ffffff]полюса[-][/c] и двигайтесь через полюса [i][c][ff8000](OffBy: DBDoorBreach)[-][/c][/i],,,,,,,,
pda_eiuUKaS,Pol[c][ffffff]e C[-][/c]aps,,,,,,,,Полюс[c][ffffff]ные шапки[-][/c],,,,,,,,
pda_X4ik4iC,[i](Nothing to See)[/i],,,,,,,,[i](Смотреть не на что)[/i],,,,,,,,
pda_4Q004mW,---,,,,,,,,---,,,,,,,,
pda_4aWcimG,"[i]< ... Just ice and snow...  [/i][i]- No life, [c][ffffff]nothing to see[-][/c] ... >[/i]\n[i][/i]\n[i]< And the polar coordinates are messing with all your gear. >[/i]",,,,,,,,"[i]< ... Только лёд и снег...  [/i][i]- Нет жизни, [c][ffffff]смотреть не на что[-][/c] ... >[/i]\n[i][/i]\n[i]< А полярные координаты сбивают с толку всё ваше снаряжение. >[/i]",,,,,,,,
pda_Kq0eGW8,"Found [c][ffffff]Promethium[-][/c]  [c][ff80ff][i][c][ff8000](OffBy: PromRes&Ore, [-][/c][/i][c][ff8000])[-][/c][-][/c]",,,,,,,,"Найден [c][ffffff]прометий[-][/c]  [c][ff80ff][i][c][ff8000](OffBy: PromRes&Ore, [-][/c][/i][c][ff8000])[-][/c][-][/c]",,,,,,,,
pda_eWmO8aO,Found Promethium,,,,,,,,Найден прометий,,,,,,,,
pda_eieOcCK,--,,,,,,,,--,,,,,,,,
pda_hmC0mGC,--,,,,,,,,--,,,,,,,,
pda_848OqeK,"[i]< Promethium !! [/i]\n[i]For: [c][ffff80][u]>Multitool[/u] [c][ffffff]clips[-][/c],[-][/c] Fuel... >[/i]\n\n[i]< [c][ffffff]Really important[-][/c], ... but not right now. >[/i]",,,,,,,,"[i]< Прометий!! [/i]\n[i]Для: [c][ffff80][u]>мультитула[/u] [c][ffffff]заряды[-][/c],[-][/c] топлива... >[/i]\n\n[i]< [c][ffffff]Очень важен[-][/c], ... но не сейчас. >[/i]",,,,,,,,
pda_qiOeuCK,____Building help checklists & steering controls  [c][ffff00][c][ff80ff]TEST[-][/c] [-][/c]______,,,,,,,,____Контрольные списки строительства и управление транспортом  [c][ffff00][c][ff80ff]ТЕСТ[-][/c] [-][/c]______,,,,,,,,
pda_QomGGK4,...,,,,,,,,...,,,,,,,,
pda_aSuW848,...,,,,,,,,...,,,,,,,,
pda_WGmauO0,--,,,,,,,,--,,,,,,,,
pda_iPmeOW0,Checklist: HV Building - TEST,,,,,,,,Контрольный список: строительство HV — ТЕСТ,,,,,,,,
pda_08i4Ceu,HV: Basic parts,,,,,,,,HV: основные детали,,,,,,,,
pda_G8K84Aa,- [c][ffffff]Starter[-][/c] block,,,,,,,,- [c][ffffff]Стартовый[-][/c] блок,,,,,,,,
pda_eCGSI0K,--,,,,,,,,--,,,,,,,,
pda_r8aCmaW,[i](Alternatively[/i]:[i] Replacement Core)[/i],,,,,,,,[i](Или[/i]:[i] запасное ядро)[/i],,,,,,,,
pda_eS44aC0,--,,,,,,,,--,,,,,,,,
pda_OCiDiSm,- [c][ffffff]Generator[-][/c],,,,,,,,- [c][ffffff]Генератор[-][/c],,,,,,,,
pda_Cumqq4u,--,,,,,,,,--,,,,,,,,
pda_W4auKuE,- [c][ffffff]Hover Engines[-][/c]\n[i](Place in T-layout for better stability)[/i],,,,,,,,- [c][ffffff]Ховерные двигатели[-][/c]\n[i](Разместите Т-образно для лучшей устойчивости)[/i],,,,,,,,
pda_TqqGuSm,--,,,,,,,,--,,,,,,,,
pda_WaSuC8d,- [c][ffffff]Fuel Tank[-][/c],,,,,,,,- [c][ffffff]Топливный бак[-][/c],,,,,,,,
pda_mmWkmee,--,,,,,,,,--,,,,,,,,
pda_q4mKAKS,- [c][ffffff]Cockpit[-][/c],,,,,,,,- [c][ffffff]Кабина[-][/c],,,,,,,,
pda_WuOOa4K,--,,,,,,,,--,,,,,,,,
pda_Omu0qSu,- Generator,,,,,,,,- Генератор,,,,,,,,
pda_SJq48i9,--,,,,,,,,--,,,,,,,,
pda_8ieKaj2,- (Building Blocks),,,,,,,,- (Строительные блоки),,,,,,,,
pda_GOgme4a,--,,,,,,,,--,,,,,,,,
pda_q8e0Giq,- Building Blocks,,,,,,,,- Строительные блоки,,,,,,,,
pda_8uOK8Uu,--,,,,,,,,--,,,,,,,,
pda_u0aamIO,(Checklist removed),,,,,,,,(Контрольный список убран),,,,,,,,
pda_SwSSH8S,[i]((Turn off: [b]Put back into inventory[/b]))[/i],,,,,,,,[i]((Отключить: [b]верните в инвентарь[/b]))[/i],,,,,,,,
pda_uiSieCu,--,,,,,,,,--,,,,,,,,
pda_CqOqu5O,Turning off checklist.,,,,,,,,Отключение контрольного списка.,,,,,,,,
pda_K8iaqFK,BlckPlc [c][80ffff]CalSig4c[-][/c]- [c][ffffff]Hoverbike[-][/c] - placed [c][ff8000]>C_Off x3 >C_Rw[-][/c],,,,,,,,BlckPlc [c][80ffff]CalSig4c[-][/c]- [c][ffffff]Ховербайк[-][/c] — размещён [c][ff8000]>C_Off x3 >C_Rw[-][/c],,,,,,,,
pda_KCKOaqi,"Added[c][ffffff] HV Building Checklist [-][/c]to view.\n\n[i](To [b]remove[/b], put this item [c][ffffff]back into your inventory[-][/c].)[/i]",,,,,,,,"В просмотр добавлен[c][ffffff] контрольный список строительства HV[-][/c].\n\n[i](Чтобы [b]убрать[/b] его, верните предмет [c][ffffff]в инвентарь[-][/c].)[/i]",,,,,,,,
pda_UO0dWqS,"[i]((Turn off: [b]Select the Checklist item in Toolbar, [LMB][/b]))[/i]",,,,,,,,[i]((Отключить: [b]выберите предмет контрольного списка на панели быстрого доступа и нажмите [ЛКМ][/b]))[/i],,,,,,,,
pda_O0GOCKO,--,,,,,,,,--,,,,,,,,
pda_qimWC0T,Turning off checklist.,,,,,,,,Отключение контрольного списка.,,,,,,,,
pda_u0ti0W8,Hoverbike,,,,,,,,Ховербайк,,,,,,,,
pda_ScxTq4a,...placed!,,,,,,,,...размещён!,,,,,,,,
pda_3SOS8SO,--,,,,,,,,--,,,,,,,,
pda_uWKCiON,"[i]< Careful ... It will [c][ff0000][b]fold up[/b][-][/c] , if you leave it too long in the open! >[/i]\n\n[i]< Just[c][ffff80] pick it up into your toolbar[-][/c], [/i]\n[i]and place it again when needed. >[/i]",,,,,,,,"[i]< Осторожно... Если оставить его надолго на открытом месте, он [c][ff0000][b]сложится[/b][-][/c]! >[/i]\n\n[i]< Просто[c][ffff80] подберите его на панель быстрого доступа[-][/c], [/i]\n[i]и при необходимости разместите снова. >[/i]",,,,,,,,
pda_uCOKAm8,View controls,,,,,,,,Управление обзором,,,,,,,,
pda_W9WS1e8,Unlock Camera with[c][00ff00] [Alt][-][/c],,,,,,,,Разблокировать камеру: [c][00ff00] [Alt][-][/c],,,,,,,,
pda_CeWS8oe,--,,,,,,,,--,,,,,,,,
pda_WeSuEOe,[u]When driving[/u]:\n\nUnlock the [c][ffffff]view camera[-][/c] with [c][00ff00][Alt][-][/c] .\n[i][/i]\n[i]( View Distance: [MouseWheel] )[/i],,,,,,,,[u]Во время вождения[/u]:\n\nразблокируйте [c][ffffff]камеру обзора[-][/c] клавишей [c][00ff00][Alt][-][/c].\n[i][/i]\n[i]( Дальность обзора: [колесо мыши] )[/i],,,,,,,,
pda_duCUaK4,Other Note,,,,,,,,Прочее,,,,,,,,
pda_iISSN8u,--,,,,,,,,--,,,,,,,,
pda_44OemKi,(Full Timeout),,,,,,,,(Полное время ожидания),,,,,,,,
pda_iKAaaeG,--,,,,,,,,--,,,,,,,,
pda_KOWmq8G,"Found: [c][ffffff]Iron[-][/c]\n[c][ffffff][-][/c]\n[i]< For: [u]Weapons[/u][/i] [i]& [u]Ammo,[/u] Devices, ... >[/i]",,,,,,,,"Найдено: [c][ffffff]железо[-][/c]\n[c][ffffff][-][/c]\n[i]< Для: [u]оружия[/u][/i] [i]и [u]боеприпасов,[/u] устройств... >[/i]",,,,,,,,
pda_MlCq84w,Found Silicon,,,,,,,,Найден кремний,,,,,,,,
pda_uCS6eaK,...,,,,,,,,...,,,,,,,,
pda_uaKOaeK,--,,,,,,,,--,,,,,,,,
pda_iCamSwG,Found Copper,,,,,,,,Найдена медь,,,,,,,,
pda_KG0CIWa,...,,,,,,,,...,,,,,,,,
pda_WOuSuKO,--,,,,,,,,--,,,,,,,,
pda_SCeuMOm,Found Wood Logs,,,,,,,,Найдены брёвна,,,,,,,,
pda_0480kim,...,,,,,,,,...,,,,,,,,
pda_me8mOwi,--,,,,,,,,--,,,,,,,,
pda_w8ael40,Found Plant Fiber,,,,,,,,Найдено растительное волокно,,,,,,,,
pda_0OS82CW,(Message),,,,,,,,(Сообщение),,,,,,,,
pda_O48uGM4,--,,,,,,,,--,,,,,,,,
pda_iu0mS04,"[i]Found: [c][ffffff]Fiber[-][/c][/i]\n\n< For: [u]Bandages[/u], Devices...\n  Note: [c][ffffff]Destroyed plants[-][/c] do not regrow. >",,,,,,,,"[i]Найдено: [c][ffffff]волокно[-][/c][/i]\n\n< Для: [u]бинтов[/u], устройств...\n  Примечание: [c][ffffff]уничтоженные растения[-][/c] не отрастают. >",,,,,,,,
pda_6oaSGaq,(Full Timeout),,,,,,,,(Полное время ожидания),,,,,,,,
pda_0S0ai8q,--,,,,,,,,--,,,,,,,,
pda_GWOCqCu,Healing Affliction,,,,,,,,Лечение недуга,,,,,,,,
pda_m4CmKuu,Uh-oh...,,,,,,,,О нет...,,,,,,,,
pda_OQ4COYC,"""GENERATOR OVERLOAD!""",,,,,,,,"""ПЕРЕГРУЗКА ГЕНЕРАТОРА!""",,,,,,,,
pda_K00Wa4C,...,,,,,,,,...,,,,,,,,
pda_8Kq8esm,---,,,,,,,,---,,,,,,,,
pda_a4OwGee,"You just got [c][ffff00]wounded[-][/c]!\n[c][c0c0c0](See: Red icon, bottom left screen)[-][/c]\n\n[c][ffffff]Heal[-][/c] it as soon as possible- \n-...  or at least [c][ffffff]mitigate[-][/c] it, so that it does not get [i]worse[/i].\n\n---\n[ [c][ffffff]OK[-][/c] ] for next message",,,,,,,,"Вы [c][ffff00]ранены[-][/c]!\n[c][c0c0c0](См. красный значок внизу слева)[-][/c]\n\n[c][ffffff]Вылечите[-][/c] рану как можно скорее\n—... или хотя бы [c][ffffff]смягчите[-][/c] эффект, чтобы состояние не стало [i]хуже[/i].\n\n---\n[ [c][ffffff]ОК[-][/c] ] для следующего сообщения",,,,,,,,
pda_SSaOeii,Drone Mining,,,,,,,,Добыча дроном,,,,,,,,
pda_mm4ONKq,...,,,,,,,,...,,,,,,,,
pda_G0amq4q,--,,,,,,,,--,,,,,,,,
pda_MSq0EGG,\n- Select [b]Survival Tool[/b] & [c][ffff00]Mine[-][/c] the deposit with Drone\n[i][/i][i][sup][c][c0c0c0][RMB] for selecting tool modes. )[-][/c][/sup][/i],,,,,,,,\n- Выберите [b]инструмент выживания[/b] и [c][ffff00]добывайте[-][/c] месторождение дроном\n[i][/i][i][sup][c][c0c0c0][ПКМ] для выбора режима инструмента. )[-][/c][/sup][/i],,,,,,,,
pda_GSO0uC0,--,,,,,,,,--,,,,,,,,
pda_iKm0CeL,"Crft  - [c][80ffff]CalSig4c [-][/c]-on- [c][ffffff]BikeCrafted[-][/c] [i][c][ff8000](OffBy: FoundBike, placeBike)  [-][/c][/i][c][ff8080]>ToRwBy [-][/c][c][ff8000]>C_Off x4 [-][/c]",,,,,,,,"Crft  - [c][80ffff]CalSig4c [-][/c]-on- [c][ffffff]BikeCrafted[-][/c] [i][c][ff8000](OffBy: FoundBike, placeBike)  [-][/c][/i][c][ff8080]>ToRwBy [-][/c][c][ff8000]>C_Off x4 [-][/c]",,,,,,,,
pda_qWaWGtK,Hoverbike,,,,,,,,Ховербайк,,,,,,,,
pda_SauaOiq,...,,,,,,,,...,,,,,,,,
pda_mwGmKOi,--,,,,,,,,--,,,,,,,,
pda_SIeqeSW,TlbC - [c][80ffff]CalSig4c [-][/c]Toolbar - [c][ffffff]PlaceBike[-][/c] [i][c][ff8000](OffBy: PlaceBike) [-][/c][/i][c][ff8000]>C_Offx4[-][/c],,,,,,,,TlbC - [c][80ffff]CalSig4c [-][/c]Панель — [c][ffffff]PlaceBike[-][/c] [i][c][ff8000](OffBy: PlaceBike) [-][/c][/i][c][ff8000]>C_Offx4[-][/c],,,,,,,,
pda_LKCOCkq,Place Bike,,,,,,,,Разместите байк,,,,,,,,
pda_i0ueSO7,"Select it in [c][ffffff]Toolbar[-][/c], place on ground with [c][00ff00][LMB][-][/c]",,,,,,,,Выберите его на [c][ffffff]панели быстрого доступа[-][/c] и разместите на земле [c][00ff00][ЛКМ][-][/c],,,,,,,,
pda_4Ku4qWe,--,,,,,,,,--,,,,,,,,
pda_a4aeqmK,(Debug) Taurus Explosion trigger,,,,,,,,(Отладка) триггер взрыва Taurus,,,,,,,,
pda_GU4uua0,BoomLever,,,,,,,,Рычаг взрыва,,,,,,,,
pda_8C2qO4i,New Action,,,,,,,,Новое действие,,,,,,,,
pda_eqGCuSm,--,,,,,,,,--,,,,,,,,
pda_iKaG0a4,Sig - [c][ffffff]Sprint[-][/c] Info- [i][c][ff8000](OnBy: ReportCaptain) [-][/c][/i],,,,,,,,Sig — сведения о [c][ffffff]спринте[-][/c] [i][c][ff8000](OnBy: ReportCaptain) [-][/c][/i],,,,,,,,
pda_mIemGbq,Sprinting,,,,,,,,Спринт,,,,,,,,
pda_mBKKCqq,--,,,,,,,,--,,,,,,,,
pda_Ouu8e4K,--,,,,,,,,--,,,,,,,,
pda_SeMWmR4,[c][00ff00]Move +[Shift][-][/c],,,,,,,,[c][00ff00]Движение +[Shift][-][/c],,,,,,,,
pda_IGCOC8e,--,,,,,,,,--,,,,,,,,
pda_84WwC46,Sig & [c][0080ff]nPOI[-][/c] _on [c][ffffff]Leak[-][/c] found [i][c][ff8000](SigOnByT:PerfectFarm)[-][/c][/i] [c][ffffff][c][ff8000] [i][b]+Dlg[/b]Var[/i]  >C_On[-][/c][-][/c],,,,,,,,Sig & [c][0080ff]nPOI[-][/c] _on найдена [c][ffffff]утечка[-][/c] [i][c][ff8000](SigOnByT:PerfectFarm)[-][/c][/i] [c][ffffff][c][ff8000] [i][b]+Dlg[/b]Var[/i]  >C_On[-][/c][-][/c],,,,,,,,
pda_uWue8iO,Leak found,,,,,,,,Утечка найдена,,,,,,,,
pda_ErS8qGW,Return & [c][ffff00]talk to Galleon[-][/c],,,,,,,,Вернитесь и [c][ffff00]поговорите с Galleon[-][/c],,,,,,,,
pda_8e40S0G,--,,,,,,,,--,,,,,,,,
pda_iiqmmmG,( Debug) Open HangarDoor,,,,,,,,(Отладка) открыть дверь ангара,,,,,,,,
pda_auC4CmU,OpenHangar,,,,,,,,Открыть ангар,,,,,,,,
pda_q8i8mfi,New Action,,,,,,,,Новое действие,,,,,,,,
pda_eECSuGi,--,,,,,,,,--,,,,,,,,
pda_44qeOmK,invOp - [c][ffffff]Faction [-][/c]storage - Captain  [c][ff8080]>C_Off&C_On Junk[-][/c],,,,,,,,invOp — [c][ffffff]фракционное[-][/c] хранилище — капитан  [c][ff8080]>C_Off&C_On Junk[-][/c],,,,,,,,
pda_CGKCaum,[c][ff80ff]Unused [-][/c]DvUse- [c][ffffff]Back to Bed[-][/c] - (Offby:,,,,,,,,[c][ff80ff]Не используется [-][/c]DvUse- [c][ffffff]Назад в кровать[-][/c] - (Offby:,,,,,,,,
pda_WrqGuei,Too Sleepy,,,,,,,,Слишком хочется спать,,,,,,,,
pda_uqOeme8,Used Bed,,,,,,,,Кровать использована,,,,,,,,
pda_muui0Oq,--,,,,,,,,--,,,,,,,,
pda_4S8O8uW,"[i]""What the... Human,[c][ffffff][-][/c][/i][c][ffffff] get up!! [-][/c]\n[i]Earn your stay.""[/i]",,,,,,,,"[i]""Что за... Человек,[c][ffffff][-][/c][/i][c][ffffff] вставай!! [-][/c]\n[i]Отрабатывай своё проживание.""[/i]",,,,,,,,
pda_8Si0mK4,To [c][ffffff]Sprint[-][/c]: \n[c][00ff00]Move +[Shift][-][/c]\n\n(Will make you hungry),,,,,,,,Чтобы [c][ffffff]бежать[-][/c]: \n[c][00ff00]движение +[Shift][-][/c]\n\n(От этого вы проголодаетесь),,,,,,,,
pda_kiKeWmq,[c][ffffff]Dlg[-][/c]_Trig - Open [c][ffffff]HangarDoor & Jetpack[-][/c]  [c][ffff00]+UI All[-][/c],,,,,,,,[c][ffffff]Dlg[-][/c]_Trig — открыть [c][ffffff]дверь ангара и реактивный ранец[-][/c]  [c][ffff00]+UI All[-][/c],,,,,,,,
pda_aWSWieO,- Into Space -,,,,,,,,- В космос -,,,,,,,,
pda_K8waKaP,WOp - [c][ffffff]Armor[b]Lo[/b]cker[-][/c] use (Gal) [i][c][ff8000](OffBy: PerfectFarm)[-][/c][/i],,,,,,,,WOp — использовать [c][ffffff]шкаф[b]а [/b]брони[-][/c] (Gal) [i][c][ff8000](OffBy: PerfectFarm)[-][/c][/i],,,,,,,,
pda_0Gm8qaa,Get 'Into The Zone',,,,,,,,Попасть в зону,,,,,,,,
pda_SS4CqGS,Mine Ice,,,,,,,,Добывайте лёд,,,,,,,,
pda_OWKSu00,--,,,,,,,,--,,,,,,,,
pda_ua0amue,(Ignore) ... [c][ffff00]((Drone attack trigger))[-][/c],,,,,,,,(Игнорировать) ... [c][ffff00]((Триггер атаки дронов))[-][/c],,,,,,,,
pda_WceiKOO,--,,,,,,,,--,,,,,,,,
pda_aiumOWW,Zen Ice Mining,,,,,,,,Спокойная добыча льда,,,,,,,,
pda_CuS0Wqu,Just a little more ...,,,,,,,,Ещё немного...,,,,,,,,
pda_qS48aue,--,,,,,,,,--,,,,,,,,
pda_Seuuuae,"[i][Captain] :[/i]\n \n""... I [i]knew [/i]it! [b][/b]\n[b]- Drones incoming [/b]!!""",,,,,,,,"[i][Капитан] :[/i]\n \n""... Я [i]знал [/i]это! [b][/b]\n[b]- Приближаются дроны [/b]!!""",,,,,,,,
pda_imoOGOe,[c][c0c0c0](( [-][/c][i][c][c0c0c0]Incoming Message [-][/c][/i][c][c0c0c0]))[-][/c],,,,,,,,[c][c0c0c0](( [-][/c][i][c][c0c0c0]Входящее сообщение [-][/c][/i][c][c0c0c0]))[-][/c],,,,,,,,
pda_44SGGua,[i]...[/i],,,,,,,,[i]...[/i],,,,,,,,
pda_Kium4Wi,--,,,,,,,,--,,,,,,,,
pda_CumeC8u,[c][c0c0c0](( Incoming message ))[-][/c],,,,,,,,[c][c0c0c0](( Входящее сообщение ))[-][/c],,,,,,,,
pda_Y0KCC04,[i]< Incredible. You are a true Mining Hero. >[/i],,,,,,,,[i]< Невероятно. Ты настоящий герой добычи. >[/i],,,,,,,,
pda_aCRGSS4,[c][c0c0c0](( [-][/c][i][c][c0c0c0]Incoming Message [-][/c][/i][c][c0c0c0]))[-][/c],,,,,,,,[c][c0c0c0](( [-][/c][i][c][c0c0c0]Входящее сообщение [-][/c][/i][c][c0c0c0]))[-][/c],,,,,,,,
pda_uuGOiqg,[i]...[/i],,,,,,,,[i]...[/i],,,,,,,,
pda_CSgKmee,--,,,,,,,,--,,,,,,,,
pda_UeG0W4C,[c][c0c0c0](([-][/c][i][c][c0c0c0] Cursed Drill [-][/c][/i][c][c0c0c0]))[-][/c],,,,,,,,[c][c0c0c0](([-][/c][i][c][c0c0c0] Проклятая дрель [-][/c][/i][c][c0c0c0]))[-][/c],,,,,,,,
pda_OCEUOua,[i]...[/i],,,,,,,,[i]...[/i],,,,,,,,
pda_bq8KaGO,--,,,,,,,,--,,,,,,,,
pda_uUi4W04,[i]< These Drones will ignore you. >[/i]\n[i][/i]\n[i]< Detecting a [c][ffff00]teleporter [-][/c]here- >[/i],,,,,,,,[i]< Эти дроны будут вас игнорировать. >[/i]\n[i][/i]\n[i]< Обнаружен [c][ffff00]телепорт[-][/c] неподалёку. >[/i],,,,,,,,
pda_44c0aGC,[c][c0c0c0](( [i]------[/i][-][/c][i][c][c0c0c0][-][/c][/i][c][c0c0c0] ))[-][/c],,,,,,,,[c][c0c0c0](( [i]------[/i][-][/c][i][c][c0c0c0][-][/c][/i][c][c0c0c0] ))[-][/c],,,,,,,,
pda_maSOuue,[i]...[/i],,,,,,,,[i]...[/i],,,,,,,,
pda_Cq0qiC8,--,,,,,,,,--,,,,,,,,
pda_CieSe4O,[c][ff8080]PfTLeft[-][/c][c][0080ff] (nPOI) [-][/c]- [c][ffffff]Flightime [-][/c]TeleP-[c][ff8000](OnByT:TeleCore)[-][/c] [i][c][ff8000]>Off: Diverse [-][/c][/i][c][ff0000]PurgeMiningCore [-][/c][i][c][ff8000][c][ffff00]+UI_All + SwimSignals[-][/c][-][/c][/i],,,,,,,,[c][ff8080]PfTLeft[-][/c][c][0080ff] (nPOI) [-][/c]- [c][ffffff]Время полёта [-][/c]TeleP-[c][ff8000](OnByT:TeleCore)[-][/c] [i][c][ff8000]>Off: Diverse [-][/c][/i][c][ff0000]PurgeMiningCore [-][/c][i][c][ff8000][c][ffff00]+UI_All + SwimSignals[-][/c][-][/c][/i],,,,,,,,
pda_CKGCS7u,FlightTime Message  [c][ffff00]ChapterOff diverse[-][/c],,,,,,,,Сообщение времени полёта  [c][ffff00]ChapterOff diverse[-][/c],,,,,,,,
pda_ueSGeWc,Sig & [c][0080ff]Mrk[-][/c] - on_[c][ff8080]N[-][/c] - [c][ffffff]HangarLeave [-][/c]to Palette [c][ff8080]([-][/c][c][ff8000][c][ff8080]OffBy:JunkChpts)[-][/c] >C-Off x2 >C_OffT >C-On x2 >CRw (OffBy:ExplodeShip) [-][/c][i][c][ff8000][c][0080ff]CloseDoor (3rdTask)[-][/c][-][/c][/i],,,,,,,,Sig & [c][0080ff]Mrk[-][/c] — on_[c][ff8080]N[-][/c] — [c][ffffff]Выход из ангара [-][/c]к контейнеру [c][ff8080]([-][/c][c][ff8000][c][ff8080]OffBy:JunkChpts)[-][/c] >C-Off x2 >C_OffT >C-On x2 >CRw (OffBy:ExplodeShip) [-][/c][i][c][ff8000][c][0080ff]CloseDoor (3rdTask)[-][/c][-][/c][/i],,,,,,,,
pda_eee0eqK,Fly to Container,,,,,,,,Летите к контейнеру,,,,,,,,
pda_aOVSm8G,Collect Drill,,,,,,,,Заберите дрель,,,,,,,,
pda_im8CC4a,--,,,,,,,,--,,,,,,,,
pda_CK8Gqae,Get Drill,,,,,,,,Возьмите дрель,,,,,,,,
pda_2W8SGGW,Open the Container,,,,,,,,Откройте контейнер,,,,,,,,
pda_KGWOeiS,---,,,,,,,,---,,,,,,,,
pda_C0Gq0eO,...,,,,,,,,...,,,,,,,,
pda_qG2oMa4,...,,,,,,,,...,,,,,,,,
pda_Ky1qCa0,--,,,,,,,,--,,,,,,,,
pda_qCKaS04,DvU - [c][ffffff]HV cockpit[-][/c] Comm [i][c][ff8000](OffBy:TelePlanet)  [c][ffff00]+UI[-][/c][-][/c][/i],,,,,,,,DvU — связь из [c][ffffff]кабины HV[-][/c] [i][c][ff8000](OffBy:TelePlanet)  [c][ffff00]+UI[-][/c][-][/c][/i],,,,,,,,
pda_cqe2iGa,(( Galleon )),,,,,,,,(( Galleon )),,,,,,,,
pda_quqO0aE,...,,,,,,,,...,,,,,,,,
pda_aam8kqS,--,,,,,,,,--,,,,,,,,
pda_uOimia0,MPowS - Using powerbutton  [c][ff80ff] [c][ff8000](OffBy: HangarLeave)[c][ff80ff] Only works with CP?[-][/c][-][/c][-][/c],,,,,,,,MPowS — использование кнопки питания  [c][ff80ff] [c][ff8000](OffBy: HangarLeave)[c][ff80ff] Работает только с CP?[-][/c][-][/c][-][/c],,,,,,,,
pda_CqeWKqW,(( Galleon )),,,,,,,,(( Galleon )),,,,,,,,
pda_imIaqSa,...,,,,,,,,...,,,,,,,,
pda_e4aSki8,--,,,,,,,,--,,,,,,,,
pda_uGueGue,...,,,,,,,,...,,,,,,,,
pda_40KS088,...,,,,,,,,...,,,,,,,,
pda_uqmmKG0,"< The good news:\nWelcome to the [c][ffffff]""Explorer Point"" Star system ![-][/c]\n\n- Don't worry; we will be back to [b]mining [/b]in no time! >",,,,,,,,< Хорошие новости:\nДобро пожаловать в звёздную систему [c][ffffff]«Explorer Point»![-][/c]\n\n- Не волнуйтесь: скоро мы снова займёмся [b]добычей [/b]! >,,,,,,,,
pda_mie02SS,[c][0080ff]Mrk[-][/c]_nUnit - [c][ff8080]V[-][/c] - [c][ffffff]Galleon[-][/c] [i][c][ff8000](OnBy GravGenOut) (OffBy:CaptainTalk) C_off[-][/c][/i],,,,,,,,[c][0080ff]Mrk[-][/c]_nUnit — [c][ff8080]V[-][/c] — [c][ffffff]Galleon[-][/c] [i][c][ff8000](OnBy GravGenOut) (OffBy:CaptainTalk) C_off[-][/c][/i],,,,,,,,
pda_im4avaG,Found: Galleon,,,,,,,,Найден: Galleon,,,,,,,,
pda_KCuOqC8,...,,,,,,,,...,,,,,,,,
pda_GSqCi2i,--,,,,,,,,--,,,,,,,,
pda_WqieOuS,[c][ffffff]Dlg[-][/c] -[c][0080ff]nPOI[-][/c] - [c][ffffff]Captain: Talk[-][/c] to galleon   [i][c][ff8000](By:Dialog) [-][/c][/i][c][ff8000]C_On [-][/c][c][ff8000]>C_Off[-][/c],,,,,,,,[c][ffffff]Dlg[-][/c] -[c][0080ff]nPOI[-][/c] — [c][ffffff]Капитан: поговорить[-][/c] с Galleon   [i][c][ff8000](By:Dialog) [-][/c][/i][c][ff8000]C_On [-][/c][c][ff8000]>C_Off[-][/c],,,,,,,,
pda_4SqaCW8,Talk to Galleon,,,,,,,,Поговорите с Galleon,,,,,,,,
pda_quS4iMw,...,,,,,,,,...,,,,,,,,
pda_aq6WKm0,--,,,,,,,,--,,,,,,,,
pda_SS8iCOS,Armor: Jetpack controls,,,,,,,,Броня: управление реактивным ранцем,,,,,,,,
pda_U8GOSq4,"[c][00ff00][J][-][/c] for[c][ffff00] Jetpack[-][/c][c][ffffff]\n [-][/c][c][00ff00][Space, C][-][/c]: Up, Down\n [c][00ff00][Q, E][-][/c]: Roll",,,,,,,,"[c][00ff00][J][-][/c] — [c][ffff00]реактивный ранец[-][/c][c][ffffff]\n [-][/c][c][00ff00][Пробел, C][-][/c]: вверх, вниз\n [c][00ff00][Q, E][-][/c]: крен",,,,,,,,
pda_CmSqemF,---,,,,,,,,---,,,,,,,,
pda_8K6s0Sa,...,,,,,,,,...,,,,,,,,
pda_uKqOaqi,--,,,,,,,,--,,,,,,,,
pda_aiEmaGG,[c][ffffff]Dlg[-][/c]_ [c][0080ff]Mrk[-][/c]- [c][0080ff]Task[-][/c] [c][ffffff]Armor [-][/c]locker [c][ff8000][i](OffBy: ArmorLocker) >>[u][b]C-On [/b][/u]& [u][b]C-Off[/b][/u][/i][-][/c],,,,,,,,[c][ffffff]Dlg[-][/c]_ [c][0080ff]Mrk[-][/c]- [c][0080ff]Task[-][/c] [c][ffffff]шкаф для брони[-][/c] [c][ff8000][i](OffBy: ArmorLocker) >>[u][b]C-On [/b][/u]& [u][b]C-Off[/b][/u][/i][-][/c],,,,,,,,
pda_8ZGKGSe,Find armor locker,,,,,,,,Найдите шкаф для брони,,,,,,,,
pda_m8CqGSZ,--,,,,,,,,--,,,,,,,,
pda_WFKa84W,Sig - [c][ffffff]Swim & [c][ff0000]Purge MiningTowerCore [-][/c][-][/c][c][ffff00](sigs are off) [-][/c][c][ff8000][i](RwBy: FlightTIme)[/i][-][/c],,,,,,,,Sig — [c][ffffff]Плавание и [c][ff0000]очистка ядра шахтной башни [-][/c][-][/c][c][ffff00](сигналы выключены) [-][/c][c][ff8000][i](RwBy: FlightTIme)[/i][-][/c],,,,,,,,
pda_8aKO04R,How to Swim,,,,,,,,Как плавать,,,,,,,,
pda_Ou880Gu,...,,,,,,,,...,,,,,,,,
pda_S4aekOa,--,,,,,,,,--,,,,,,,,
pda_Oia0RSC,Open Doors,,,,,,,,Откройте двери,,,,,,,,
pda_44k484e,..,,,,,,,,..,,,,,,,,
pda_m4qejma,--,,,,,,,,--,,,,,,,,
pda_4Cii4YW,_____________ DEBUG ______________,,,,,,,,_____________ ОТЛАДКА ______________,,,,,,,,
pda_e8u8a8G,--,,,,,,,,--,,,,,,,,
pda_pWtigK0,--,,,,,,,,--,,,,,,,,
pda_emTW84I,--,,,,,,,,--,,,,,,,,
pda_WNW4qWS,\n[i](Leave Hangar to continue)[/i],,,,,,,,"\n[i](Покиньте ангар, чтобы продолжить)[/i]",,,,,,,,
pda_nWe40mK,--,,,,,,,,--,,,,,,,,
pda_GGGCWg8,[i]< ... Had to improvise a bit. >[/i],,,,,,,,[i]< ... Пришлось немного импровизировать. >[/i],,,,,,,,
pda_Iq4GCgO,Sig -[c][ffffff] GravGen[-][/c]Out&Boom[c][ff8000][i](OnBy: CaptainIntro) [/i]>C_Rw[-][/c] [c][ffff00]+UIOxy[-][/c],,,,,,,,Sig —[c][ffffff] генератор гравитации[-][/c]Out&Boom[c][ff8000][i](OnBy: CaptainIntro) [/i]>C_Rw[-][/c] [c][ffff00]+UIOxy[-][/c],,,,,,,,
pda_KcKOWqe,...,,,,,,,,...,,,,,,,,
pda_4KKm4cO,(Galleon?),,,,,,,,(Galleon?)...,,,,,,,,
pda_E8iw0Oi,--,,,,,,,,--,,,,,,,,
pda_eei4SiO,...,,,,,,,,...,,,,,,,,
pda_CmeCieK,(Galleon...?),,,,,,,,(Galleon...?),,,,,,,,
pda_aieaKqa,--,,,,,,,,--,,,,,,,,
pda_iWOaOCe,[c][0080ff](nPOI2a) Mrk[-][/c] -rw- [c][ffffff]PerfectFarm[-][/c][c][ff8000][i](RwBy: ArmorLockerUse) [/i]>C-Off x2 >SigOnT[-][/c],,,,,,,,[c][0080ff](nPOI2a) Mrk[-][/c] -rw- [c][ffffff]Идеальная ферма[-][/c][c][ff8000][i](RwBy: ArmorLockerUse) [/i]>C-Off x2 >SigOnT[-][/c],,,,,,,,
pda_WqSWaOa,Earn your Stay,,,,,,,,Отработайте своё проживание,,,,,,,,
pda_uCa8WKK,Enter the ship's Farm\n[sup](See [c][ffff00]Marker[-][/c])[/sup],,,,,,,,Войдите на ферму корабля\n[sup](Смотрите [c][ffff00]маркер[-][/c])[/sup],,,,,,,,
pda_uSa4CuS,--,,,,,,,,--,,,,,,,,
pda_K0meDam,Check for O[sub]2[/sub] leak,,,,,,,,Проверьте утечку O[sub]2[/sub],,,,,,,,
pda_euSmGiE,"\n\n\n\n\n\n\n\nPress [c][00ff00][N][-][/c] for [c][ffffff]Building [-][/c]menu.\n\nSelect [b][c][ffffff][[[-][/c][/b][c][00ff00]Debug[-][/c][c][ffffff][b]]][/b][-][/c] [c][ffffff]tab.[-][/c]\n\nActivate '[c][00ff00]Show Oxygen[-][/c]'\n\n[N] to close, [c][ffff00]Follow trail[-][/c]", \n[N] to close.\n\nCheck trail.,,,,,,,"\n\n\n\n\n\n\n\n\nНажмите [c][00ff00][N][-][/c], чтобы открыть [c][ffffff]меню строительства[-][/c].\n\nВыберите вкладку [b][c][ffffff][[[-][/c][/b][c][00ff00]Отладка[-][/c][c][ffffff][b]]][/b][-][/c] [c][ffffff][-][/c].\n\nВключите «[c][00ff00]Показывать кислород[-][/c]».\n\n[N] — закрыть, [c][ffff00]следуйте по следу[-][/c]",,,,,,,,
pda_qqG4WCW,---,,,,,,,,---,,,,,,,,
pda_m4miGeM,Teleport ice into box,,,,,,,,Телепортируйте лёд в ящик,,,,,,,,
pda_8aCGS0m,[c][ffff00]Press[-][/c] [c][00ff00]['F4'][-][/c] for Logistics when in range,,,,,,,,"[c][ffff00]Нажмите[-][/c] [c][00ff00]['F4'][-][/c], чтобы открыть логистику, когда будете в зоне действия",,,,,,,,
pda_SNWGWSi,[i](It's faster than flying there)[/i],,,,,,,,"[i](Это быстрее, чем лететь туда)[/i]",,,,,,,,
pda_m4Weu8A,--,,,,,,,,--,,,,,,,,
pda_WGG4SmG,"< With the [c][ffffff]Logistics [-][/c]system, you do not need to get this close...! \nC'mon, this is all time that we could have mined! >",,,,,,,,"< С [c][ffffff]логистической[-][/c] системой не нужно подходить так близко...! \nНу же, это всё время, которое мы могли бы потратить на добычу! >",,,,,,,,
pda_SmOC4SO,[i]< Wonderful! >[/i],,,,,,,,[i]< Замечательно! >[/i],,,,,,,,
pda_O8SmS44,"[c][c0c0c0]( [c][c9a39c][b][i]Galleon[/i][/b] [-][/c]) :[-][/c]           [i]""Hey, stop that ! [/i]\n                              - ... [i][c][ffffff]Switch it back [-][/c]! ""[/i]",,,,,,,,"[c][c0c0c0]( [c][c9a39c][b][i]Galleon[/i][/b] [-][/c]) :[-][/c]           [i]""Эй, прекрати! [/i]\n                              - ... [i][c][ffffff]Включи обратно[-][/c]! ""[/i]",,,,,,,,
pda_G80i8am,"[i]< The bad news: \nWe [b]won't[/b] catch up with your crewmates.[/i]\n[i]With the power loss, the teleporter target had been wiped. >[/i]",,,,,,,,[i]< Плохие новости: \nмы [b]не[/b] сможем догнать твоих товарищей по экипажу.[/i]\n[i]Из-за потери питания цель телепорта была стёрта. >[/i],,,,,,,,
pda_OK0KKDs,_____________ BUNK ______________ [i]& junk[/i],,,,,,,,_____________ КОЙКА ______________ [i]и прочее[/i],,,,,,,,
pda_ajSGeuS,--,,,,,,,,--,,,,,,,,
pda_WKauqau,--,,,,,,,,--,,,,,,,,
pda_4GuiSmF,--,,,,,,,,--,,,,,,,,
pda_8s0iC08,Press [c][00ff00][N][-][/c] for [c][ffffff]Building [-][/c]menu.\n\nSelect [b][[[/b][c][00ff00]Debug[-][/c][b]]][/b] tab.\n\nActivate '[c][00ff00]Show Oxygen[-][/c]'.\n\nCheck trail.,,,,,,,,"Нажмите [c][00ff00][N][-][/c], чтобы открыть [c][ffffff]меню строительства[-][/c].\n\nВыберите вкладку [b][[[/b][c][00ff00]Отладка[-][/c][b]]][/b].\n\nВключите «[c][00ff00]Показывать кислород[-][/c]».\n\nПроверьте след.",,,,,,,,
pda_WiK00G4,New Action,,,,,,,,Новое действие,,,,,,,,
pda_YKGKGmq,--,,,,,,,,--,,,,,,,,
pda_vq8KK4S,[c][ffffff]_____________ HALLWAYS ______________ [-][/c](Coll diverse),,,,,,,,[c][ffffff]_____________ КОРИДОРЫ ______________ [-][/c](Соберите разные предметы),,,,,,,,
pda_C4Uuu00,-- (Collect diverse parts),,,,,,,,-- (Соберите разные детали),,,,,,,,
pda_8S4YqGi,--,,,,,,,,--,,,,,,,,
pda_4KOH8G4,--,,,,,,,,--,,,,,,,,
pda_vGXSi8s,Press [c][00ff00][N][-][/c] for [c][ffffff]Building [-][/c]menu.\n\nSelect [b][[[/b][c][00ff00]Debug[-][/c][b]]][/b] tab.\n\nActivate '[c][00ff00]Show Oxygen[-][/c]'.\n\nCheck trail.,,,,,,,,"Нажмите [c][00ff00][N][-][/c], чтобы открыть [c][ffffff]меню строительства[-][/c].\n\nВыберите вкладку [b][[[/b][c][00ff00]Отладка[-][/c][b]]][/b].\n\nВключите «[c][00ff00]Показывать кислород[-][/c]».\n\nПроверьте след.",,,,,,,,
pda_SaS04uo,New Action,,,,,,,,Новое действие,,,,,,,,
pda_C0SGqWq,--,,,,,,,,--,,,,,,,,
pda_GV44aiW,[c][ffffff]_____________ ICE DRILLING ______________[-][/c],,,,,,,,[c][ffffff]_____________ БУРЕНИЕ ЛЬДА ______________[-][/c],,,,,,,,
pda_JaSO8Gu,--,,,,,,,,--,,,,,,,,
pda_l0GWSq0,--,,,,,,,,--,,,,,,,,
pda_0mOKqww,--,,,,,,,,--,,,,,,,,
pda_m84uuZC,[c][ffffff][b]_____________ PLANET ______________[/b][-][/c],,,,,,,,[c][ffffff][b]_____________ ПЛАНЕТА ______________[/b][-][/c],,,,,,,,
pda_4Ci00aK,--,,,,,,,,--,,,,,,,,
pda_awmO468,--,,,,,,,,--,,,,,,,,
pda_qWO48gh,--,,,,,,,,--,,,,,,,,
pda_KSVuu0e,(Debug) [c][ffff00]Turn on all UI[-][/c],,,,,,,,(Отладка) [c][ffff00]Включить весь интерфейс[-][/c],,,,,,,,
pda_pImKmCW,Turn On UI,,,,,,,,Включить интерфейс,,,,,,,,
pda_hw00uui,....,,,,,,,,....,,,,,,,,
pda_CKaveaS,--,,,,,,,,--,,,,,,,,
pda_Ge0e3mG,Activate [c][ffff00]+Lifestats[-][/c],,,,,,,,Включить [c][ffff00]+показатели состояния[-][/c],,,,,,,,
pda_CuKueWS,...,,,,,,,,...,,,,,,,,
pda_WuOCOMK,---,,,,,,,,---,,,,,,,,
pda_KeKCGiq,Find food,,,,,,,,Найдите еду,,,,,,,,
pda_eSu0GOu,--,,,,,,,,--,,,,,,,,
pda_mOG8C0S,"Point at display, activate with [c][00ff00][b][F][/b][-][/c]",,,,,,,,Наведите на дисплей и активируйте клавишей [c][00ff00][b][F][/b][-][/c],,,,,,,,
pda_aS88K4G,--,,,,,,,,--,,,,,,,,
pda_jiWW0Ci,[c][ffff00]Flee with Teleporter[-][/c],,,,,,,,[c][ffff00]Бегите к телепорту[-][/c],,,,,,,,
pda_GWCmSKm,Space Mining,,,,,,,,Космическая добыча,,,,,,,,
pda_KuiuWOO,"Use '[u][b]Resource Mode[/b][/u]' ,\n[c][ffff00]Collect ice[-][/c] into your inventory with [c][00ff00][LMB][-][/c]",,,,,,,,"Используйте «[u][b]режим ресурсов[/b][/u]»,\n[c][ffff00]соберите лёд[-][/c] в инвентарь с помощью [c][00ff00][ЛКМ][-][/c]",,,,,,,,
pda_4O0S6aG,---,,,,,,,,---,,,,,,,,
pda_u4mPW4q,[i]<  Yes . That's the good box! >[/i]\n\n[i]< -[c][ffff00] Place the ice[-][/c] in there. [/i]- [i][c][ffffff]Close [-][/c]it when done. >[/i],,,,,,,,"[i]< Да. Это нужный контейнер! >[/i]\n\n[i]< -[c][ffff00] Положите лёд[-][/c] туда. [/i]- [i][c][ffffff]Закройте[-][/c] его, когда закончите. >[/i]",,,,,,,,
pda_eeGmOKK,DvU - [c][ffffff]Cockpit[-][/c] Captain Comm[c][ff8000][i](OffBy: HangarLeave & ExplodeShip)[/i][-][/c],,,,,,,,DvU — связь капитана из [c][ffffff]кабины[-][/c][c][ff8000][i](OffBy: HangarLeave & ExplodeShip)[/i][-][/c],,,,,,,,
pda_eC0IKqW,(( Captain )),,,,,,,,(( Капитан )),,,,,,,,
pda_8YOk0ue,...,,,,,,,,...,,,,,,,,
pda_q4K8KSp,--,,,,,,,,--,,,,,,,,
pda_iOO4S04,DvU - [c][ffffff]Bench[-][/c] next to captain Comm -[i]  ([c][ff8000][c][ff0000][c][ff8000]OffBy: ReportCaptain & ExplodeShip[-][/c][-][/c])[-][/c][/i],,,,,,,,DvU — связь у [c][ffffff]скамьи[-][/c] рядом с капитаном [i]  ([c][ff8000][c][ff0000][c][ff8000]OffBy: ReportCaptain & ExplodeShip[-][/c][-][/c])[-][/c][/i],,,,,,,,
pda_aT8SCeK,(( Captain )),,,,,,,,(( Капитан )),,,,,,,,
pda_eSKm4aa,...,,,,,,,,...,,,,,,,,
pda_OOZGSmC,--,,,,,,,,--,,,,,,,,
pda_44CWoGa,Equip drill,,,,,,,,Экипируйте дрель,,,,,,,,
pda_WeSKuia,"[i][sub](Container window)[/sub][/i]\nPut the\n[c][ffff00]Survival Tool into[-][/c]\n[c][ffff00]your [u]Toolbar[/u][-][/c], below.",,,,,,,,[i][sub](Окно контейнера)[/sub][/i]\nПоместите\n[c][ffff00]инструмент выживания[-][/c]\n[c][ffff00]на [u]панель быстрого доступа[/u][-][/c] внизу.,,,,,,,,
pda_Wami4Gj,--,,,,,,,,--,,,,,,,,
pda_iGO8mKx,Sig- on-[c][80ffff]CAL2[-][/c] [c][ffffff]IceDrilling [-][/c][c][80ffff](SigBy: EquipDrill) [-][/c][c][ffffff][c][ff8000]>C_OnOffT  >Dlg[-][/c][-][/c],,,,,,,,Sig- on-[c][80ffff]CAL2[-][/c] [c][ffffff]Бурение льда [-][/c][c][80ffff](SigBy: EquipDrill) [-][/c][c][ffffff][c][ff8000]>C_OnOffT  >Dlg[-][/c][-][/c],,,,,,,,
pda_iq4GGKO,[c][ff8080][b]WARNING[/b][-][/c],,,,,,,,[c][ff8080][b]ПРЕДУПРЕЖДЕНИЕ[/b][-][/c],,,,,,,,
pda_Ku4YiSo,[i]System attack![/i],,,,,,,,[i]Атака на систему![/i],,,,,,,,
pda_0ua8aue,--,,,,,,,,--,,,,,,,,
pda_8ie0qaa,[i][c][ff8080][b][[ WARNING : [/b][-][/c][c][ffffff][b]Hacking[/b] [-][/c][c][ff8080][b]attempt detected.[/b][-][/c][/i]\n[i][c][ff8080]      Integrity is at - ]][-][/c][/i],,,,,,,,[i][c][ff8080][b][[ ПРЕДУПРЕЖДЕНИЕ: [/b][-][/c][c][ffffff][b]Взлом[/b] [-][/c][c][ff8080][b]обнаружен.[/b][-][/c][/i]\n[i][c][ff8080]      Целостность: - ]][-][/c][/i],,,,,,,,
pda_uYeSueu,[c][ff8080][b]WARNING[/b][-][/c],,,,,,,,[c][ff8080][b]ПРЕДУПРЕЖДЕНИЕ[/b][-][/c],,,,,,,,
pda_KGeCaGq,[i]System attack![/i],,,,,,,,[i]Атака на систему![/i],,,,,,,,
pda_YKeCO8O,--,,,,,,,,--,,,,,,,,
pda_uSOSqOS,[i][c][ff8080][b][[ WARNING : [/b][-][/c][c][ffffff][b]Hacking[/b] [-][/c][c][ff8080][b]attempt detected.[/b][-][/c][/i]\n[i][c][ff8080]Integrity is at [b]50[/b]% ]][-][/c][/i],,,,,,,,[i][c][ff8080][b][[ ПРЕДУПРЕЖДЕНИЕ: [/b][-][/c][c][ffffff][b]Взлом[/b] [-][/c][c][ff8080][b]обнаружен.[/b][-][/c][/i]\n[i][c][ff8080]Целостность: [b]50[/b]% ]][-][/c][/i],,,,,,,,
pda_aI0uGSC,[c][ff8080][b]WARNING[/b][-][/c],,,,,,,,[c][ff8080][b]ПРЕДУПРЕЖДЕНИЕ[/b][-][/c],,,,,,,,
pda_iaGWaO0,[i]System attack![/i],,,,,,,,[i]Атака на систему![/i],,,,,,,,
pda_KcCOieS,--,,,,,,,,--,,,,,,,,
pda_WiS1SO8,[i][c][ff8080][b][[ WARNING : [/b][-][/c][c][ffffff][b]Hacking[/b] [-][/c][c][ff8080][b]attempt detected.[/b][-][/c][/i]\n[i][c][ff8080]Integrity is at [b]10%[/b] ]][-][/c][/i],,,,,,,,[i][c][ff8080][b][[ ПРЕДУПРЕЖДЕНИЕ: [/b][-][/c][c][ffffff][b]Взлом[/b] [-][/c][c][ff8080][b]обнаружен.[/b][-][/c][/i]\n[i][c][ff8080]Целостность: [b]10%[/b] ]][-][/c][/i],,,,,,,,
pda_Kqaacm8,(( The Cursed Drill )),,,,,,,,(( Проклятая дрель )),,,,,,,,
pda_aKCWuqL,...,,,,,,,,...,,,,,,,,
pda_aCuSW4K,--,,,,,,,,--,,,,,,,,
pda_8QGmWOG,Space Mining,,,,,,,,Космическая добыча,,,,,,,,
pda_iCGKOWS,...,,,,,,,,...,,,,,,,,
pda_G4qKumQ,--,,,,,,,,--,,,,,,,,
pda_rdOGMOK,[c][c0c0c0]( [-][/c][c][ffffff][i]The [/i][i]Drill[/i][-][/c][c][c0c0c0][c][c9a39c][-][/c] ) [i]:[/i][-][/c][i][/i][i][/i]\n[i][/i]\n[i]< [c][ffffff]Hello there! [-][/c]... Can you [b]hear [/b]me now ? >[/i]\n[i]<  Nice to meet you ! >[/i],,,,,,,,[c][c0c0c0]( [-][/c][c][ffffff][i]Дрель[/i][-][/c][c][c0c0c0][c][c9a39c][-][/c] ) [i]:[/i][-][/c][i][/i][i][/i]\n[i][/i]\n[i]< [c][ffffff]Привет! [-][/c]... Ты [b]слышишь [/b]меня? >[/i]\n[i]< Рад знакомству! >[/i],,,,,,,,
pda_iiKqJ0C,ItmPck - Hlp - [c][ffffff]Wrong slot[-][/c] Drill [i][c][ff8000](OffBy: EquipDrill)[-][/c][/i],,,,,,,,ItmPck — Hlp — [c][ffffff]Неверный слот[-][/c] для дрели [i][c][ff8000](OffBy: EquipDrill)[-][/c][/i],,,,,,,,
pda_C00mCXi,(Wrong slot used),,,,,,,,(Использован неверный слот),,,,,,,,
pda_6u04WOq,Put into your Toolbar,,,,,,,,Поместите на панель быстрого доступа,,,,,,,,
pda_GuQsO9q,--,,,,,,,,--,,,,,,,,
pda_0k8G403,"( To use, put this into your [c][ffff00]Toolbar[-][/c], at [c][ffffff]lower screen edge[-][/c]. )",,,,,,,,"(Чтобы использовать, поместите предмет на [c][ffff00]панель быстрого доступа[-][/c] в [c][ffffff]нижней части экрана[-][/c].)",,,,,,,,
pda_SWnqK8a,[i]< ... Better to [c][ffff80]craft Energy Bars [-][/c]out of it? >[/i]\n\n[i]< - You got this [c][ffffff]'Suit Constructor[-][/c]' [/i][c][00ff00][i][Tab] [/i][-][/c][i]... >[/i],,,,,,,,"[i]< ... Может, лучше [c][ffff80]создать из этого энергетические батончики[-][/c]? >[/i]\n\n[i]< - У вас есть [c][ffffff]«конструктор костюма[-][/c]» [/i][c][00ff00][i][Tab] [/i][-][/c][i]... >[/i]",,,,,,,,
pda_8UsU4Gu,[b][c][ffffff]_____________ FLEET ______________[-][/c][/b],,,,,,,,[b][c][ffffff]_____________ ФЛОТ ______________[-][/c][/b],,,,,,,,
pda_4Mm8KC0,--,,,,,,,,--,,,,,,,,
pda_Ta0mKeu,--,,,,,,,,--,,,,,,,,
pda_0sqaKAC,--,,,,,,,,--,,,,,,,,
pda_0V8WGai,...,,,,,,,,...,,,,,,,,
pda_IOGeKCm,--,,,,,,,,--,,,,,,,,
pda_egWCVSi,Move this into the [c][ffff00]slot to the right of your character[-][/c],,,,,,,,Переместите предмет в [c][ffff00]слот справа от персонажа[-][/c],,,,,,,,
pda_Dcq08ae,[c][ffffff](Put into the correct slot - EVA)[-][/c],,,,,,,,[c][ffffff](Поместите в правильный слот — EVA)[-][/c],,,,,,,,
pda_SmU800a,--,,,,,,,,--,,,,,,,,
pda_eenE4mi,(Move this into the [c][ffff00]slot next to the character[-][/c]),,,,,,,,(Переместите предмет в [c][ffff00]слот рядом с персонажем[-][/c]),,,,,,,,
pda_8maiKqe,Suit up,,,,,,,,Наденьте броню,,,,,,,,
pda_KC6OOWC,[c][ffff00]Suit up[-][/c]\n[i](Armor Locker)[/i],,,,,,,,[c][ffff00]Наденьте броню[-][/c]\n[i](Шкаф для брони)[/i],,,,,,,,
pda_eq88mSX,[c][ffffff](Put into the correct slot - Armor)[-][/c],,,,,,,,[c][ffffff](Поместите в правильный слот — броня)[-][/c],,,,,,,,
pda_84M0CFK,--,,,,,,,,--,,,,,,,,
pda_O0Wuqqu,(Move this into the [c][ffff00]slot next to the character[-][/c]),,,,,,,,(Переместите предмет в [c][ffff00]слот рядом с персонажем[-][/c]),,,,,,,,
pda_eOqWiaK,...,,,,,,,,...,,,,,,,,
pda_8qeKmiK,--,,,,,,,,--,,,,,,,,
pda_KmSSmOK,Move this into the [c][ffff00]slot to the left of your character[-][/c]. \n(You need to equip the armor first.),,,,,,,,Переместите предмет в [c][ffff00]слот слева от персонажа[-][/c]. \n(Сначала нужно надеть броню.),,,,,,,,
pda_aGeGii4,[sup](Then close armor locker)[/sup],,,,,,,,[sup](Затем закройте шкаф для брони)[/sup],,,,,,,,
pda_Sm8Sia4,--,,,,,,,,--,,,,,,,,
pda_EW0qmKK,[u][b]Equip:[/b][/u]\nMove the Armor from the locker [c][ffff00]into the armor slot[-][/c] \n[i]([b]right [/b]to your character)[/i],,,,,,,,[u][b]Экипировка:[/b][/u]\nПереместите броню из шкафа [c][ffff00]в слот брони[-][/c] \n[i]([b]справа [/b]от персонажа)[/i],,,,,,,,
pda_qaS04uG,Inv - [c][ffffff]SecretStash[-][/c] of Galleon [c][ff8000] +Dlg [-][/c] [c][ff8080]>C_Off&C_On Junk[-][/c],,,,,,,,Inv — [c][ffffff]тайник[-][/c] Galleon [c][ff8000] +Dlg [-][/c] [c][ff8080]>C_Off&C_On Junk[-][/c],,,,,,,,
pda_9eS40Ki,Suit up,,,,,,,,Наденьте броню,,,,,,,,
pda_84OK8Tg,[i](Armor Locker)[/i][c][ffffff]\nMove the Armor[-][/c] into the armor slot.\n[c][ffffff]Add ArmorBoosters[-][/c] to the other slots.,,,,,,,,[i](Шкаф для брони)[/i][c][ffffff]\nПереместите броню[-][/c] в слот брони.\n[c][ffffff]Добавьте усилители брони[-][/c] в остальные слоты.,,,,,,,,
pda_4G4aWaC,--,,,,,,,,--,,,,,,,,
pda_e8600kC,(Close window),,,,,,,,(Закройте окно),,,,,,,,
pda_CiuKOS4,--,,,,,,,,--,,,,,,,,
pda_m4mGCmK,"[i]([u]Armor Locker[/u]: [/i]\n[i]You can put on a [b]Light Armor [/b]even without this Locker.[/i]\n[i]... But for anything other, you will need this device.)[/i]",,,,,,,,[i]([u]Шкаф для брони[/u]: [/i]\n[i]лёгкую [b]броню[/b] можно надеть и без этого шкафа.[/i]\n[i]... Но для всего остального понадобится это устройство.)[/i],,,,,,,,
pda_SS4u4WS,[u][b]Equip:[/b][/u]\nMove the [c][ffffff]Armor[-][/c] from the locker [c][ffff00]into the armor slot[-][/c] \n([b]right[/b][c][ffffff][-][/c]to your character)\n\nThen [c][ffffff][c][ffff00]add the EVA[-][/c] booster[-][/c] to Booster slot \n([b]left[/b] of character),,,,,,,,[u][b]Экипировка:[/b][/u]\nПереместите [c][ffffff]броню[-][/c] из шкафа [c][ffff00]в слот брони[-][/c] \n([b]справа[/b][c][ffffff][-][/c] от персонажа)\n\nЗатем [c][ffffff][c][ffff00]добавьте EVA[-][/c] усилитель[-][/c] в слот усилителя \n([b]слева[/b] от персонажа),,,,,,,,
pda_eWioaaG,Close inventory: [c][00ff00][ESC][-][/c],,,,,,,,Закройте инвентарь: [c][00ff00][ESC][-][/c],,,,,,,,
pda_8KW0CJG,--,,,,,,,,--,,,,,,,,
pda_aLuRKi4,[c][0080ff]nPOI[-][/c] - Suit [c][ffffff]light2[-][/c]Flotsam  [c][ff8000][i] (OffBy: Bm-Light & PlantProt ) [b]>>C_Off[/b][/i][-][/c],,,,,,,,[c][0080ff]nPOI[-][/c] — комплект [c][ffffff]лёгкой2[-][/c] брони  [c][ff8000][i] (OffBy: Bm-Light & PlantProt ) [b]>>C_Off[/b][/i][-][/c],,,,,,,,
pda_eqSa82u,Suit light[c][00ff00][-][/c],,,,,,,,Лёгкий костюм[c][00ff00][-][/c],,,,,,,,
pda_aiG40uq,Use with [c][00ff00][L][-][/c],,,,,,,,Используйте клавишу [c][00ff00][L][-][/c],,,,,,,,
pda_C4m8u4S,--,,,,,,,,--,,,,,,,,
pda_K8UmWqa,Secret Stash,,,,,,,,Тайник,,,,,,,,
pda_niiOWmC,...,,,,,,,,...,,,,,,,,
pda_eGuiWGm,--,,,,,,,,--,,,,,,,,
pda_ui4C4aS,InvOp -on- [c][0080ff]SubCh[-][/c]: [c][ffffff]Quick [-][/c]transfer & eat (Fridge),,,,,,,,InvOp -on- [c][0080ff]SubCh[-][/c]: [c][ffffff]Быстрый [-][/c]перенос и еда (холодильник),,,,,,,,
pda_mNamsau,Quick transfer,,,,,,,,Быстрый перенос,,,,,,,,
pda_eSK80u8,[sub][c][c0c0c0][i]At the Fridge:[/i][-][/c][/sub]\n[c][ffffff]Move items[-][/c] into your\ninventory with\n [c][00ff00][Shift]+[-][/c][c][00ff00][LMB][-][/c] keys\n[sup][c][c0c0c0][i](Left Mouse Button)[/i][-][/c][/sup]\n... or click the [c][ffffff]arrow[-][/c]\n at screen center,,,,,,,,[sub][c][c0c0c0][i]У холодильника:[/i][-][/c][/sub]\n[c][ffffff]Перенесите предметы[-][/c] в\nинвентарь с помощью\n [c][00ff00][Shift]+[-][/c][c][00ff00][ЛКМ][-][/c]\n[sup][c][c0c0c0][i](левая кнопка мыши)[/i][-][/c][/sup]\n... или нажмите [c][ffffff]стрелку[-][/c]\nв центре экрана,,,,,,,,
pda_c4GqeWK,--,,,,,,,,--,,,,,,,,
pda_iumGeSU,"[c][ffffff]Quick transfer [-][/c]of items:\n\nEither[c][ffffff] press[-][/c] [c][00ff00][Shift] + L[-][/c]eft [c][00ff00]M[-][/c]ouse[c][00ff00] B[-][/c]utton [c][00ff00][""LMB""][-][/c], on an item,\n\n... or use the [c][ffffff]arrows [-][/c] in the middle to transfer it all.",,,,,,,,"[c][ffffff]Быстрый перенос[-][/c] предметов:\n\nЛибо[c][ffffff] нажмите[-][/c] [c][00ff00][Shift] + Л[-][/c]евую [c][00ff00]К[-][/c]нопку [c][00ff00]М[-][/c]ыши [c][00ff00][«ЛКМ»][-][/c] по предмету,\n\n... либо используйте [c][ffffff]стрелки[-][/c] в центре, чтобы перенести всё.",,,,,,,,
pda_C8KqCmk,Overview,,,,,,,,Обзор,,,,,,,,
pda_8SmiiK4,---,,,,,,,,---,,,,,,,,
pda_m8ShW80,Closing a window,,,,,,,,Закрытие окна,,,,,,,,
pda_uaCGxX4,"\nScreen overview: \n---------------------\n                                                          \n<- Left                                                                                   Right -> \n                       \nYour[c][ffffff] [c][ffff00]inventory [-][/c][-][/c]slots                                                              [c][ffffff]Survival constructor.              [-][/c]\n[i](Collect resources)                                         [/i]                          [i] (Crafting templates)    [/i]\n\n\n\n\n\/  Bottom  \/\n\n       Your [c][ffffff]Life stats                         [-][/c]                             Your [c][ffffff]toolbar                            [-][/c]\n[i]                                                                      (Hold in hands, to use directly)[/i]",,,,,,,,\nОбзор экрана: \n---------------------\n                                                          \n<- Слева                                                                                   Справа -> \n                       \nВаши[c][ffffff] [c][ffff00]слоты инвентаря[-][/c][-][/c]                                                              [c][ffffff]Конструктор выживания.              [-][/c]\n[i](Собирайте ресурсы)                                         [/i]                          [i] (Шаблоны создания)    [/i]\n\n\n\n\n\/  Внизу  \/\n\n       Ваши [c][ffffff]показатели состояния                         [-][/c]                             Ваша [c][ffffff]панель быстрого доступа                            [-][/c]\n[i]                                                                      (Держите в руках для прямого использования)[/i],,,,,,,,
pda_mt8qOGS,Trg- [c][ffffff]Sit CV[-][/c] Cockpit Drill -[c][ff8000] [i](OnBy: ExplodeShip)[/i][-][/c],,,,,,,,Trg- [c][ffffff]Сесть в CV[-][/c] Кабина дрели -[c][ff8000] [i](OnBy: ExplodeShip)[/i][-][/c],,,,,,,,
pda_iCeaSqO,(( The Drill )),,,,,,,,(( Дрель )),,,,,,,,
pda_aWeqK4q,...,,,,,,,,...,,,,,,,,
pda_aeCK00O,--,,,,,,,,--,,,,,,,,
pda_mgMiGmm,"[i]< I am sorry, this [c][ffffff]ship is a wreck. [-][/c]\nThrusters are gone. There is nothing left... >[/i]\n\n[i]< We have to go... >[/i]",,,,,,,,"[i]< Прости, этот [c][ffffff]корабль — обломки. [-][/c]\nДвигателей больше нет. Ничего не осталось... >[/i]\n\n[i]< Нам нужно уходить... >[/i]",,,,,,,,
pda_KKCS8ea,[c][c0c0c0](( Incoming message ))[-][/c],,,,,,,,[c][c0c0c0](( Входящее сообщение ))[-][/c],,,,,,,,
pda_0kKaGKS,[c][c0c0c0](( Incoming message ))[-][/c],,,,,,,,[c][c0c0c0](( Входящее сообщение ))[-][/c],,,,,,,,
pda_SeMmteq,[c][ffffff]Dlg[-][/c] -[c][ffffff] Explode[-][/c]Ship  [c][ff8000][i]> By:DlgAnsw  [/i]>C_OnT x2 >COff x3 [c][ffff00]TurnOff tele [-][/c][-][/c],,,,,,,,[c][ffffff]Dlg[-][/c] -[c][ffffff] Взрыв[-][/c]корабля  [c][ff8000][i]> By:DlgAnsw  [/i]>C_OnT x2 >COff x3 [c][ffff00]TurnOff tele [-][/c][-][/c],,,,,,,,
pda_aEGSCQG,[c][c0c0c0](([-][/c][i][c][c0c0c0] Cursed Drill [-][/c][/i][c][c0c0c0]))[-][/c],,,,,,,,[c][c0c0c0](([-][/c][i][c][c0c0c0] Проклятая дрель [-][/c][/i][c][c0c0c0]))[-][/c],,,,,,,,
pda_8iS84Oj,[i]...[/i],,,,,,,,[i]...[/i],,,,,,,,
pda_0q4imKu,--,,,,,,,,--,,,,,,,,
pda_S0t4mi8,"[i]< Well, that is unfortunate ... >[/i]",,,,,,,,"[i]< Что ж, очень жаль... >[/i]",,,,,,,,
pda_isOm0m8,[c][0080ff]nPOI[-][/c] & Trg -off- Tele &[c][ffffff] Core[-][/c] place [i][c][ff8000](OnBy: ExplodeShip)  C_OnT >C_Rw >C_off[-][/c][/i],,,,,,,,[c][0080ff]nPOI[-][/c] & Trg -off- Телепорт и[c][ffffff] установка ядра[-][/c] [i][c][ff8000](OnBy: ExplodeShip)  C_OnT >C_Rw >C_off[-][/c][/i],,,,,,,,
pda_W0q8K8q,[c][ffff00]Fly to Teleporter[-][/c],,,,,,,,[c][ffff00]Летите к телепорту[-][/c],,,,,,,,
pda_CSO4mYS,...,,,,,,,,...,,,,,,,,
pda_q488KSC,--,,,,,,,,--,,,,,,,,
pda_ijOIWmi,[i]< It's [c][ffffff]offline[-][/c][b].[/b] The power is out. ->[/i]\n\n[i]<- The ship’s [b]Core got blasted[/b]. >[/i],,,,,,,,[i]< Он [c][ffffff]не работает[-][/c][b].[/b] Нет питания. ->[/i]\n\n[i]<- [b]Ядро корабля уничтожено[/b]. >[/i],,,,,,,,
pda_4GKqqid,Open box,,,,,,,,Откройте ящик,,,,,,,,
pda_m8OiWo8,--,,,,,,,,--,,,,,,,,
pda_qqoi0Ou,[c][c0c0c0](( [-][/c][i][c][c0c0c0]Cursed Drill [-][/c][/i][c][c0c0c0]))[-][/c],,,,,,,,[c][c0c0c0](( [-][/c][i][c][c0c0c0]Проклятая дрель [-][/c][/i][c][c0c0c0]))[-][/c],,,,,,,,
pda_SKumOGa,...,,,,,,,,...,,,,,,,,
pda_040qWOS,--,,,,,,,,--,,,,,,,,
pda_e88wC0i,< [i]You need to [c][ffffff][b]claim [/b]this wreck[-][/c] ! >[/i]\n\n[i]< There's still a way... >[/i],,,,,,,,< Вам нужно [c][ffffff][b]захватить [/b]этот обломок[-][/c]! >\n\n[i]< Способ всё ещё есть... >[/i],,,,,,,,
pda_0bCsmee,...,,,,,,,,...,,,,,,,,
pda_cEm28Ym,--,,,,,,,,--,,,,,,,,
pda_iu0qmqG,Spare Core,,,,,,,,Запасное ядро,,,,,,,,
pda_WeSqqWK,...,,,,,,,,...,,,,,,,,
pda_Si0KiGC,--,,,,,,,,--,,,,,,,,
pda_SduG0WG,Use [c][ffffff]Core to Claim[-][/c] Structure,,,,,,,,"Используйте [c][ffffff]ядро, чтобы захватить[-][/c] конструкцию",,,,,,,,
pda_4GmaiFW,"[c][ffffff]Select[-][/c]Core with[c][00ff00] [Numbers][-][/c], [c][ffff00]place it[-][/c] [c][ffff00]on ship[-][/c]",,,,,,,,"[c][ffffff]Выберите[-][/c] ядро клавишами[c][00ff00] [Цифры][-][/c], [c][ffff00]разместите его[-][/c] [c][ffff00]на корабле[-][/c]",,,,,,,,
pda_kOCGaSS,--,,,,,,,,--,,,,,,,,
pda_i4a480T,Put [c][ffffff]Core on toolbar[-][/c],,,,,,,,Поместите [c][ffffff]ядро на панель быстрого доступа[-][/c],,,,,,,,
pda_a8SKm0C,--,,,,,,,,--,,,,,,,,
pda_qU808GA,"[i]< [c][ffffff]Select [-][/c]the block with[/i] [c][00ff00][Numbers] [-][/c], \n[i]then, [c][ffffff]place [-][/c]it at a safe spot. >[/i]",,,,,,,,"[i]< [c][ffffff]Выберите [-][/c]блок клавишами[/i] [c][00ff00][Цифры] [-][/c], \n[i]затем [c][ffffff]разместите [-][/c]его в безопасном месте. >[/i]",,,,,,,,
pda_GKeC6Cq,Use Bandages,,,,,,,,Используйте бинты,,,,,,,,
pda_KCa0oCO,"[i][c][c0c0c0](Press [-][/c][c][00ff00][Tab][-][/c][c][c0c0c0] key for Inventory)[-][/c][/i]\n\n... In inventory, click\n on Bandages with:\n [c][00ff00][Shift] + [RMB][-][/c]\n[c][c0c0c0][sup][i]('RMB': Right Mouse Button)[/i][/sup][-][/c]",,,,,,,,"[i][c][c0c0c0](Нажмите [-][/c][c][00ff00][Tab][-][/c][c][c0c0c0], чтобы открыть инвентарь)[-][/c][/i]\n\n... В инвентаре нажмите\nна бинты сочетанием:\n [c][00ff00][Shift] + [ПКМ][-][/c]\n[c][c0c0c0][sup][i](«ПКМ»: правая кнопка мыши)[/i][/sup][-][/c]",,,,,,,,
pda_GmGAGCu,--,,,,,,,,--,,,,,,,,
pda_qKmqCK8,[i]You can [c][ffff00]close[-][/c][/i][i][c][ffff00] any window[-][/c] with[/i] [c][00ff00][ESC].[-][/c],,,,,,,,[i]Любое окно можно [c][ffff00]закрыть[-][/c][/i][i][c][ffff00] клавишей[-][/c] [c][00ff00][ESC].[-][/c],,,,,,,,
pda_mGS0aVi,Orig - - Health and Saturation[c][ffff00] Lifestats[-][/c],,,,,,,,Orig - - Здоровье и насыщение[c][ffff00] Показатели состояния[-][/c],,,,,,,,
pda_aKK0bSe,Open inventory [c][00ff00][Tab][-][/c],,,,,,,,Откройте инвентарь [c][00ff00][Tab][-][/c],,,,,,,,
pda_SneE4GW,--,,,,,,,,--,,,,,,,,
pda_C84aOmu,Find something to eat,,,,,,,,Найдите что-нибудь поесть,,,,,,,,
pda_iGWGCbi,--,,,,,,,,--,,,,,,,,
pda_jqOiGa8,[i]Eat and Use: [c][00ff00][Shift] +[-][/c] [c][ffffff][c][00ff00][[-][/c]R[-][/c]ight[c][ffffff]M[-][/c]ouse[c][ffffff]B[-][/c]utton/[c][00ff00]RMB][-][/c][/i][i].[/i],,,,,,,,[i]Есть и использовать: [c][00ff00][Shift] +[-][/c] [c][ffffff][c][00ff00][[-][/c]П[-][/c]равая[c][ffffff]К[-][/c]нопка[c][ffffff]М[-][/c]ыши/[c][00ff00]ПКМ][-][/c][/i][i].[/i],,,,,,,,
pda_mS0W300,Use item,,,,,,,,Используйте предмет,,,,,,,,
pda_4ueKSe4,--,,,,,,,,--,,,,,,,,
pda_0K0CSqu,Use items,,,,,,,,Используйте предметы,,,,,,,,
pda_aiWqS4m,Use / Eat /Consume:[c][00ff00] [Shift] + [RMB][-][/c],,,,,,,,Использовать / съесть / употребить:[c][00ff00] [Shift] + [ПКМ][-][/c],,,,,,,,
pda_fE8m4m4,--,,,,,,,,--,,,,,,,,
pda_46qeWqi,"[c][ffff00]Eat / Consume / Use[-][/c]: \n[c][ffffff]Click on the item[-][/c] [c][ffffff]with[-][/c] [c][00ff00][Shift] + R[-][/c]ight [c][00ff00]M[-][/c]ouse[c][00ff00] B[-][/c]utton[c][00ff00] [""RMB""][-][/c]",,,,,,,,[c][ffff00]Съесть / употребить / использовать[-][/c]: \n[c][ffffff]нажмите на предмет[-][/c] [c][ffffff]с помощью[-][/c] [c][00ff00][Shift] + П[-][/c]равой [c][00ff00]К[-][/c]нопки[c][00ff00] М[-][/c]ыши[c][00ff00] [«ПКМ»][-][/c],,,,,,,,
pda_mWOq4i4,"[c][c0c0c0]( [-][/c][i][b][c][8080ff]Captain[-][/c][/b][/i][c][c0c0c0] )[-][/c] :            ""[i]One day, Human. [/i]\n                                [i]- Maybe.""[/i]",,,,,,,,"[c][c0c0c0]( [-][/c][i][b][c][8080ff]Капитан[-][/c][/b][/i][c][c0c0c0] )[-][/c] :            ""[i]Когда-нибудь, человек. [/i]\n                                [i]- Возможно.""[/i]",,,,,,,,
pda_OG4HU08,"[c][c0c0c0]( [-][/c][i][b][c][8080ff]Captain[-][/c][/b][/i][c][c0c0c0] )[-][/c] :           [i]""I'm right here, Human...""[/i]",,,,,,,,"[c][c0c0c0]( [-][/c][i][b][c][8080ff]Капитан[-][/c][/b][/i][c][c0c0c0] )[-][/c] :           [i]""Я прямо здесь, человек...""[/i]",,,,,,,,
pda_qBaGaSK,..,,,,,,,,..,,,,,,,,
pda_8M8auaG,...,,,,,,,,...,,,,,,,,
pda_4mWaJ0O,--,,,,,,,,--,,,,,,,,
pda_iOiq04u,"[c][c0c0c0]( [c][c9a39c][b][i]Galleon[/i][/b] [-][/c]) :[-][/c]           [i]"" This is MINE. - Get your own.""[/i]",,,,,,,,"[c][c0c0c0]( [c][c9a39c][b][i]Galleon[/i][/b] [-][/c]) :[-][/c]           [i]"" Это МОЁ. - Найди себе своё.""[/i]",,,,,,,,
pda_a44WCiq,A[c][ffffff] Wireless Block [-][/c]in range! (100m),,,,,,,,Беспроводной [c][ffffff]блок[-][/c] в зоне действия! (100 м),,,,,,,,
pda_00Sm4Ni,Use cargo [c][ffff00]Logistics[-][/c]: [c][00ff00][F4][-][/c],,,,,,,,Используйте грузовую [c][ffff00]логистику[-][/c]: [c][00ff00][F4][-][/c],,,,,,,,
pda_hWWmq0i,--,,,,,,,,--,,,,,,,,
pda_SWbqeOi,New Captain,,,,,,,,Новый капитан,,,,,,,,
pda_OCIs8Sq,...,,,,,,,,...,,,,,,,,
pda_iGume4a,--,,,,,,,,--,,,,,,,,
pda_aSKOeuH,"[i]< Congrats, you just bec[/i]ame[i] [c][ffffff]Captain[-][/c]. >[/i]",,,,,,,,"[i]< Поздравляю, ты только что стал[/i] [c][ffffff]капитаном[-][/c]. >[/i]",,,,,,,,
pda_mWqKK4q,[c][0080ff]nPOI[-][/c] - Wrn - Flying[c][ffffff] to LavaPlanet [-][/c]warning,,,,,,,,[c][0080ff]nPOI[-][/c] — предупреждение: полёт[c][ffffff] к лавовой планете[-][/c],,,,,,,,
pda_eGoSeCu,"[c][c0c0c0]( [-][/c][i][b][c][8080ff]Captain[-][/c][/b][/i][c][c0c0c0] ) :[-][/c]        ""[i]Hey, Human, [c][ffffff]what are you doing[-][/c]...?""[/i]",,,,,,,,"[c][c0c0c0]( [-][/c][i][b][c][8080ff]Капитан[-][/c][/b][/i][c][c0c0c0] ) :[-][/c]        ""[i]Эй, человек, [c][ffffff]что ты делаешь[-][/c]...? ""[/i]",,,,,,,,
pda_umSO68a,Off the beaten tracks,,,,,,,,В стороне от проторенных путей...,,,,,,,,
pda_4KKmC0u,[i]( Are you sure? [c][ff8000]This will [b]break the tutorial[/b].[-][/c][/i] \n[i]- You likely will be stuck. )[/i],,,,,,,,"[i]( Ты уверен? [c][ff8000]Это [b]сломает обучение[/b].[-][/c][/i] \n[i]- Ты, вероятно, застрянешь. )[/i]",,,,,,,,
pda_GWmia8G,--,,,,,,,,--,,,,,,,,
pda_8uO1C4K,"[c][c0c0c0]([i][/i][-][/c][i][b][c][8080ff]Captain[-][/c][/b][/i][c][c0c0c0] ) :[-][/c]             ""[i]Curse you!\n\n                         [b]You are right[/b]. I'm no slaver.\n\n                          ... See you on the other side, Human.""[/i]",,,,,,,,"[c][c0c0c0]([i][/i][-][/c][i][b][c][8080ff]Капитан[-][/c][/b][/i][c][c0c0c0] ) :[-][/c]             ""[i]Будь ты проклят!\n\n                         [b]Ты прав[/b]. Я не работорговец.\n\n                          ... Увидимся по ту сторону, человек.""[/i]",,,,,,,,
pda_Kamu8O4,(( Captain )),,,,,,,,(( Капитан )),,,,,,,,
pda_8iG0eb0,...,,,,,,,,...,,,,,,,,
pda_km4Ks40,--,,,,,,,,--,,,,,,,,
pda_iqqgCqS,"_________ [i](Hallway, other triggers)[/i]",,,,,,,,"_________ [i](Коридор, другие триггеры)[/i]",,,,,,,,
pda_60Oas8m,--,,,,,,,,--,,,,,,,,
pda_eOEG040,--,,,,,,,,--,,,,,,,,
pda_mGaaiG8,--,,,,,,,,--,,,,,,,,
pda_gKwqi04,Sig - [c][ffffff]NoArmor[-][/c] in Farm[c][ff8000][i] (OffBy: ArmorLockerGal. ArmorLockerUse)[/i][-][/c],,,,,,,,Sig — [c][ffffff]Без брони[-][/c] на ферме[c][ff8000][i] (OffBy: ArmorLockerGal. ArmorLockerUse)[/i][-][/c],,,,,,,,
pda_uIeagCG,No Oxygen!,,,,,,,,Нет кислорода!,,,,,,,,
pda_W8quiMu,...,,,,,,,,...,,,,,,,,
pda_CKKaC6a,--,,,,,,,,--,,,,,,,,
pda_iqoCC0G,(( Cannot breathe... ! )),,,,,,,,(( Невозможно дышать...! )),,,,,,,,
pda_O9Cam00,[i][c][c0c0c0](Close Logistics if done)[-][/c][/i],,,,,,,,"[i][c][c0c0c0](Закройте логистику, если закончили)[-][/c][/i]",,,,,,,,
pda_KOum040,--,,,,,,,,--,,,,,,,,
pda_e4mq0Ci,"[i]< With the [c][ffffff]Logistics [-][/c]system, you do not need to get this close...! >[/i]\n\n[i]< C'mon, this is all time that we could have [b]mined [/b]... >[/i]",,,,,,,,"[i]< С [c][ffffff]логистической[-][/c] системой не нужно подходить так близко...! >[/i]\n\n[i]< Ну же, это всё время, которое мы могли бы потратить на [b]добычу [/b]... >[/i]",,,,,,,,
pda_4aOWiiO,"_________ [i](Space, other triggers)[/i]",,,,,,,,"_________ [i](Космос, другие триггеры)[/i]",,,,,,,,
pda_0K0C8GK,--,,,,,,,,--,,,,,,,,
pda_ui8ueeq,--,,,,,,,,--,,,,,,,,
pda_4uu0480,--,,,,,,,,--,,,,,,,,
pda_GGCaKp0,Back to Mining!  [c][ffff00]>RevChptr   >Drone attack trigger[-][/c],,,,,,,,Снова к добыче! [c][ffff00]>RevChptr   >Триггер атаки дронов[-][/c],,,,,,,,
pda_ki4CXEu,...,,,,,,,,...,,,,,,,,
pda_e4QFO8e,--,,,,,,,,--,,,,,,,,
pda_uqOS404,< Back to Mining!! Glory awaits! >,,,,,,,,< Снова к добыче!! Слава ждёт! >,,,,,,,,
pda_umK2OqG,"< Those will be a good start.\nC'mon, let's go! >\n[i][/i]\n[i]-Chirp Chirp-[/i]",,,,,,,,"< Это будет хорошим началом.\nНу же, вперёд! >\n[i][/i]\n[i]-Чирик-чирик-[/i]",,,,,,,,
pda_mOC40WC,< So back to mining it is !\nDo you really think you have enough? I bet you need more! >\n[i][/i]\n[i]-Chirp Chirp-[/i],,,,,,,,"< Значит, снова добыча!\nТы действительно думаешь, что у тебя уже достаточно? Спорим, нужно ещё больше! >\n[i][/i]\n[i]-Чирик-чирик-[/i]",,,,,,,,
pda_eOGemau,[i]... Hold Tool in hands with: [/i][c][00ff00][Numbers][-][/c]\n[i]... Then [b]select modes[/b] with: [/i][c][00ff00][RMB][-][/c],,,,,,,,[i]... Возьмите инструмент в руки клавишами: [/i][c][00ff00][Цифры][-][/c]\n[i]... Затем [b]выберите режим[/b] с помощью: [/i][c][00ff00][ПКМ][-][/c],,,,,,,,
pda_CqC8O4a,--,,,,,,,,--,,,,,,,,
pda_qQG0KmK,Open it,,,,,,,,Откройте это,,,,,,,,
pda_K4a880W,--,,,,,,,,--,,,,,,,,
pda_OIkWWGa,Back to mining,,,,,,,,Снова к добыче,,,,,,,,
pda_WYSLmcS,...,,,,,,,,...,,,,,,,,
pda_au0OSqh,--,,,,,,,,--,,,,,,,,
pda_OD0aCQC,Logistics Teleport,,,,,,,,Телепортация через логистику,,,,,,,,
pda_WOWu88W,[c][ffff00]Fly in range of Wireless block[-][/c],,,,,,,,[c][ffff00]Подлетите в зону действия беспроводного блока[-][/c],,,,,,,,
pda_0SuF4iq,--,,,,,,,,--,,,,,,,,
pda_qaKKaOO,Inventory management,,,,,,,,Управление инвентарём,,,,,,,,
pda_WOSSam4,Cargo teleport,,,,,,,,Телепортация груза,,,,,,,,
pda_J4KqCGi,--,,,,,,,,--,,,,,,,,
pda_4SS0uiW,"< There's this device, a [c][ffffff]""Wireless Block""[-][/c]. \nIt allows to [b]access cargo containers[/b] from afar. >\n\n< By that, you can[c][ffffff] teleport items [-][/c]directly your ship or base! >",,,,,,,,< Есть такое устройство — [c][ffffff]«беспроводной блок»[-][/c]. \nОно позволяет [b]получать доступ к грузовым контейнерам[/b] издалека. >\n\n< Благодаря этому можно[c][ffffff] телепортировать предметы [-][/c]прямо на корабль или базу! >,,,,,,,,
pda_SKCWCA6,[i]<  ... That cargo palette has a[/i] [i][c][ffffff]Wireless Extender block. [-][/c]>[/i]\n[i][/i]\n[i]< We are nearly in range... [b]Try it out! [/b]- Just [c][ffff00]fly closer [-][/c]to it. >[/i],,,,,,,,[i]< ... На той грузовой паллете есть[/i] [i][c][ffffff]блок беспроводного расширителя[-][/c]. >[/i]\n[i][/i]\n[i]< Мы почти в зоне действия... [b]Попробуй! [/b]— просто [c][ffff00]подлети ближе[-][/c]. >[/i],,,,,,,,
pda_ASaSS80,In range of Wireless,,,,,,,,В зоне действия беспроводной сети,,,,,,,,
pda_4uWeGSK,[i](Check above life stats:[/i]\n[i][b]Wireless symbol [/b]has lit up.)[/i],,,,,,,,[i](Смотрите над показателями состояния:[/i]\n[i][b]значок беспроводной сети [/b]загорелся.)[/i],,,,,,,,
pda_OI4OmKI,--,,,,,,,,--,,,,,,,,
pda_SSCu4ei,"< With the [c][ffffff]Logistics [-][/c]system, you do not need to get this close...! \nC'mon, this is all time that we could have mined! >",,,,,,,,"< С [c][ffffff]логистической[-][/c] системой не нужно подходить так близко...! \nНу же, это всё время, которое мы могли бы потратить на добычу! >",,,,,,,,
pda_aC8KSWi,[i][c][c0c0c0]Logistics [-][/c][/i][c][00ff00][ F4 ][-][/c][i][c][c0c0c0] while in range:[-][/c][/i]\n[c][ffff00]Put the ice into the box.[-][/c],,,,,,,,[i][c][c0c0c0]Логистика [-][/c][/i][c][00ff00][ F4 ][-][/c][i][c][c0c0c0] в зоне действия:[-][/c][/i]\n[c][ffff00]Положите лёд в ящик.[-][/c],,,,,,,,
pda_4WGO8mK,--,,,,,,,,--,,,,,,,,
pda_meumiqa,[c][ffff00]Fly closer to asteroid[-][/c],,,,,,,,[c][ffff00]Подлетите ближе к астероиду[-][/c],,,,,,,,
pda_C04CW4W,--,,,,,,,,--,,,,,,,,
pda_qemq4eu,Collect Ice,,,,,,,,Соберите лёд,,,,,,,,
pda_q4a4GmK,...,,,,,,,,...,,,,,,,,
pda_aemKeC3,--,,,,,,,,--,,,,,,,,
pda_OiwWi8G,< But there were reports - - You must be those who bridged over from another Galaxy! >,,,,,,,,"< Но были сообщения... Вы, должно быть, те, кто перебрался из другой галактики! >",,,,,,,,
pda_iOaeGOC,[c][c0c0c0][i](Check left corner of toolbar:[/i][-][/c]\n[c][c0c0c0][i][b]Wireless symbol [/b]has lit up.)[/i][-][/c],,,,,,,,[c][c0c0c0][i](Проверьте левый край панели быстрого доступа:[/i][-][/c]\n[c][c0c0c0][i][b]значок беспроводной сети [/b]загорелся.)[/i][-][/c],,,,,,,,
pda_vGOqST8,--,,,,,,,,--,,,,,,,,
pda_cK8eCoq,"[i]< With the [c][ffffff]Logistics [-][/c]system, you do not need to get this close...! >[/i]\n\n[i]< C'mon, this is all time that we could have [b]mined [/b]... >[/i]",,,,,,,,"[i]< С [c][ffffff]логистической[-][/c] системой не нужно подходить так близко...! >[/i]\n\n[i]< Ну же, это всё время, которое мы могли бы потратить на [b]добычу [/b]... >[/i]",,,,,,,,
pda_OuKeiSa,"[i]< If the palette would be just a little [b]closer[/b]..., you could even [c][ffffff]link your inventory[-][/c] with it ... - - Awesome stuff. >[/i]",,,,,,,,"[i]< Если бы паллета была немного [b]ближе[/b]..., можно было бы даже [c][ffffff]связать с ней инвентарь[-][/c]... — потрясающая штука. >[/i]",,,,,,,,
pda_oiSqCm0,--,,,,,,,,--,,,,,,,,
pda_e8quamO,--,,,,,,,,--,,,,,,,,
pda_SaI4iaa,[c][0080ff]Mrk[-][/c] - Near[c][ffffff]Ice[-][/c] [i][c][ff8000](OnOffByT: Equip drill)[-][/c][/i],,,,,,,,[c][0080ff]Mrk[-][/c] — рядом[c][ffffff] лёд[-][/c] [i][c][ff8000](OnOffByT: Equip drill)[-][/c][/i],,,,,,,,
pda_amKamp8,Collect Ice,,,,,,,,Соберите лёд,,,,,,,,
pda_TW4qK4O,..,,,,,,,,..,,,,,,,,
pda_OCWE082,--,,,,,,,,--,,,,,,,,
pda_WKWGaCC,(( Captain )),,,,,,,,(( Капитан )),,,,,,,,
pda_m0CKiiW,"[c][c0c0c0]([-][/c] [i][b][c][8080ff]Captain[-][/c][/b][/i] [c][c0c0c0]) :[-][/c]          ""... I [i]knew [/i]it! \n                              [b]- Drones incoming [/b]!!",,,,,,,,"[c][c0c0c0]([-][/c] [i][b][c][8080ff]Капитан[-][/c][/b][/i] [c][c0c0c0]) :[-][/c]          ""... Я [i]знал [/i]это! \n                              [b]- Приближаются дроны [/b]!!",,,,,,,,
pda_aO2qGi4,...,,,,,,,,...,,,,,,,,
pda_C8eBK2W,--,,,,,,,,--,,,,,,,,
pda_Ko0SuNe,Mine...,,,,,,,,Добывайте...,,,,,,,,
pda_WuSeOKO,--,,,,,,,,--,,,,,,,,
pda_0ueqUW0,Trg - [c][ffff00]Turn off UI[-][/c] to [c][ffffff]end [-][/c]scene  [i][c][ff8000]RewBy: ClearedDock[-][/c][/i],,,,,,,,"Trg — [c][ffff00]Выключить интерфейс[-][/c], чтобы [c][ffffff]завершить[-][/c] сцену  [i][c][ff8000]RewBy: ClearedDock[-][/c][/i]",,,,,,,,
pda_WO82m9G,[c][0080ff]nPOI[-][/c] - Find [c][ffffff]way [-][/c]to the cockpit [c][ff8000][i]RewBy: ClearedDock[/i][-][/c],,,,,,,,[c][0080ff]nPOI[-][/c] — найдите [c][ffffff]путь[-][/c] к кабине [c][ff8000][i]RewBy: ClearedDock[/i][-][/c],,,,,,,,
pda_G0qWuu4,Get to the ship's Bridge,,,,,,,,Доберитесь до мостика корабля,,,,,,,,
pda_qimgauS,...,,,,,,,,...,,,,,,,,
pda_S4Semu0,---,,,,,,,,---,,,,,,,,
pda_aaCeaSS,[c][0080ff]nPOI[-][/c] - Fleet [c][ffffff]arrival[-][/c]- [c][ff8000][i](OnByT:AvoidDrones & fleetArrival)[/i]  >CRew[u]Task[/u][-][/c],,,,,,,,[c][0080ff]nPOI[-][/c] — прибытие [c][ffffff]флота[-][/c] — [c][ff8000][i](OnByT:AvoidDrones & fleetArrival)[/i]  >CRew[u]Task[/u][-][/c],,,,,,,,
pda_4q08BaS,[c][ffff00]Reach the Fleet.[-][/c],,,,,,,,[c][ffff00]Доберитесь до флота.[-][/c],,,,,,,,
pda_4AW4esS,Brakes on/off:[c][00ff00] [ i ][-][/c]\n[i]( Cruise lock: [Cntrl] + Move )[/i]\n--\n Auto-orient: [c][00ff00] [ O ][-][/c]\nPilot modes: [c][00ff00][Shift] + [ i ][-][/c],,,,,,,,Тормоза вкл./выкл.:[c][00ff00] [ i ][-][/c]\n[i]( Фиксация крейсерской скорости: [Cntrl] + движение )[/i]\n--\nАвтовыравнивание: [c][00ff00] [ O ][-][/c]\nРежимы пилота: [c][00ff00][Shift] + [ i ][-][/c],,,,,,,,
pda_aWOKeNC,---,,,,,,,,---,,,,,,,,
pda_CqiOem9,Back home[c][ffff00][-][/c],,,,,,,,Домой[c][ffff00][-][/c],,,,,,,,
pda_GW8rO0O,[c][ffff00]Reach the Command ship.[-][/c]\n\n-------[sup][/sup][c][c0c0c0]\n[sup]Brakes on/off[/sup][-][/c][sup]:[c][00ff00] [ i ][-][/c][/sup] [sup][c][c0c0c0]\nAuto-orient:[-][/c] [c][00ff00] [ O ][-][/c]\n[c][c0c0c0]Pilot modes:[-][/c] [c][00ff00][Shift] + [ i ][-][/c][/sup],,,,,,,,[c][ffff00]Доберитесь до командного корабля.[-][/c]\n\n-------[sup][/sup][c][c0c0c0]\n[sup]Тормоза вкл./выкл.[/sup][-][/c][sup]:[c][00ff00] [ i ][-][/c][/sup] [sup][c][c0c0c0]\nАвтовыравнивание:[-][/c] [c][00ff00] [ O ][-][/c]\n[c][c0c0c0]Режимы пилота:[-][/c] [c][00ff00][Shift] + [ i ][-][/c][/sup],,,,,,,,
pda_x00KqO4,---,,,,,,,,---,,,,,,,,
pda_0imO0m4,[c][ffffff]DvUse[-][/c] - Sit [c][ffffff]cockpit [-][/c]- [c][ff8000][c][ffff00]ENDING[-][/c] [c][ffff00]- UI on[-][/c][-][/c],,,,,,,,[c][ffffff]DvUse[-][/c] — сесть в [c][ffffff]кабину[-][/c] — [c][ff8000][c][ffff00]КОНЕЦ[-][/c] [c][ffff00]— интерфейс вкл.[-][/c][-][/c],,,,,,,,
pda_a8KOeua,TUTORIAL END,,,,,,,,КОНЕЦ ОБУЧЕНИЯ,,,,,,,,
pda_eWSemuK,..,,,,,,,,..,,,,,,,,
pda_K0jpu4s,---,,,,,,,,---,,,,,,,,
pda_u8g9G0W,[b][c][ffffff]_____________ WARP ______________[-][/c][/b],,,,,,,,[b][c][ffffff]_____________ ВАРП ______________[-][/c][/b],,,,,,,,
pda_eqi8CWE,--,,,,,,,,--,,,,,,,,
pda_OeaSe4a,--,,,,,,,,--,,,,,,,,
pda_OGmKqKa,--,,,,,,,,--,,,,,,,,
pda_eeUOOCK,"[c][0080ff](nPOI)[-][/c] - [c][ffffff]OrbitWarp[-][/c]SV, fun ride [i][c][ff8000](OnBy: Liftoff)[-][/c][/i][c][ff8000] >C_Off[-][/c][i][c][ff8000][-][/c][/i]",,,,,,,,"[c][0080ff](nPOI)[-][/c] — [c][ffffff]Орбитальный варп[-][/c] SV, приятная поездка [i][c][ff8000](OnBy: Liftoff)[-][/c][/i][c][ff8000] >C_Off[-][/c][i][c][ff8000][-][/c][/i]",,,,,,,,
pda_8iQK4eq,...,,,,,,,,...,,,,,,,,
pda_uKiKWC2,...,,,,,,,,...,,,,,,,,
pda_a8aWieg,---,,,,,,,,---,,,,,,,,
pda_iCuq8qO,WnOp - [c][ffffff]Galaxy[-][/c] map & select target[i][c][ff8000] (OnBy:LiftOff)[-][/c][/i][c][ff8000][-][/c][b][c][ff8000]>C_Rev[-][/c][/b],,,,,,,,WnOp — [c][ffffff]карта галактики[-][/c] и выбор цели[i][c][ff8000] (OnBy:LiftOff)[-][/c][/i][c][ff8000][-][/c][b][c][ff8000]>C_Rev[-][/c][/b],,,,,,,,
pda_T0lu4ia,Galaxy Map,,,,,,,,Карта галактики,,,,,,,,
pda_08vKqo0,...,,,,,,,,...,,,,,,,,
pda_qKW2iK0,--,,,,,,,,--,,,,,,,,
pda_WVia8WK,[c][ffffff]pfLeft[-][/c] - Leave playfield[i][c][ff8000] (RwBy:UseWarp)[-][/c][/i],,,,,,,,[c][ffffff]pfLeft[-][/c] — покинуть игровую область[i][c][ff8000] (RwBy:UseWarp)[-][/c][/i],,,,,,,,
pda_OemO8ii,...,,,,,,,,...,,,,,,,,
pda_8iaG8Sa,...,,,,,,,,...,,,,,,,,
pda_su4um0i,--,,,,,,,,--,,,,,,,,
pda_aYq8eWm,_____________ WARP-PREP ______________,,,,,,,,_____________ ПОДГОТОВКА К ВАРПУ ______________,,,,,,,,
pda_0WOGVGK,--,,,,,,,,--,,,,,,,,
pda_4miGqKK,--,,,,,,,,--,,,,,,,,
pda_KGC44Sa,--,,,,,,,,--,,,,,,,,
pda_eqKeGKm,[c][0080ff]Mrk[-][/c]_nUnit - [c][ffffff]FuelStash[-][/c] [i][c][ff8000](OnByT: SVHangar) (OffBy: LiftOff & ResBox)[-][/c][/i],,,,,,,,[c][0080ff]Mrk[-][/c]_nUnit — [c][ffffff]тайник с топливом[-][/c] [i][c][ff8000](OnByT: SVHangar) (OffBy: LiftOff & ResBox)[-][/c][/i],,,,,,,,
pda_C0mC8Gc,...,,,,,,,,...,,,,,,,,
pda_uioOGCG,...,,,,,,,,...,,,,,,,,
pda_S8mKkRM,---,,,,,,,,---,,,,,,,,
pda_uOi4G8q,[c][ffffff]_____________ HV RIDE & Controls ______________[-][/c],,,,,,,,[c][ffffff]_____________ ПОЕЗДКА НА HV И УПРАВЛЕНИЕ ______________[-][/c],,,,,,,,
pda_C00Cea0,--,,,,,,,,--,,,,,,,,
pda_W4amsmC,--,,,,,,,,--,,,,,,,,
pda_We0CSq8,--,,,,,,,,--,,,,,,,,
pda_AKEq6eK,[c][ffffff]_____________ CHALLGENGE ISLAND ______________[-][/c],,,,,,,,[c][ffffff]_____________ ОСТРОВ ИСПЫТАНИЙ ______________[-][/c],,,,,,,,
pda_W0WWamS,--,,,,,,,,--,,,,,,,,
pda_48gGKuS,--,,,,,,,,--,,,,,,,,
pda_GeuVXSa,--,,,,,,,,--,,,,,,,,
pda_qiWaq8q,[c][0080ff]nPOI[-][/c] & Trg - N -[c][00ffff] CAL15[-][/c]- [c][ffffff]Artillery[-][/c] Base [c][ff8040][i](OnByT:ArtyDisc & ArtyEarly)[/i][-][/c] [c][ff8000]>C_OnT x4 >C_OffT x3 >C_Off[-][/c],,,,,,,,[c][0080ff]nPOI[-][/c] & Trg — N —[c][00ffff] CAL15[-][/c]— [c][ffffff]артиллерийская[-][/c] база [c][ff8040][i](OnByT:ArtyDisc & ArtyEarly)[/i][-][/c] [c][ff8000]>C_OnT x4 >C_OffT x3 >C_Off[-][/c],,,,,,,,
pda_TIWGCei,Claim Artillery Base,,,,,,,,Захватите артиллерийскую базу,,,,,,,,
pda_qOCqYSG,- Destroy enemy Core,,,,,,,,- Уничтожьте вражеское ядро,,,,,,,,
pda_4GeS4ia,---,,,,,,,,---,,,,,,,,
pda_GqSurOm,_____________ NEST ______________ & older msg,,,,,,,,_____________ ГНЕЗДО ______________ и старые сообщения,,,,,,,,
pda_uOmOOam,--,,,,,,,,--,,,,,,,,
pda_Se0B0Wm,--,,,,,,,,--,,,,,,,,
pda_mQSmS2m,--,,,,,,,,--,,,,,,,,
pda_aS0Ce0C,[c][0080ff]nPOI[-][/c] - Evil[c][ffffff]HackDrill[-][/c]Attack[c][ff80ff] [i][c][ff8000](OnBy: ExplNest) [-][/c][/i][-][/c][c][ff8000]>C_OnT >C_Off x5 (C_OffOn Hangar)[-][/c],,,,,,,,[c][0080ff]nPOI[-][/c] — злой[c][ffffff] взлом дрели[-][/c]атака[c][ff80ff] [i][c][ff8000](OnBy: ExplNest) [-][/c][/i][-][/c][c][ff8000]>C_OnT >C_Off x5 (C_OffOn Hangar)[-][/c],,,,,,,,
pda_WOWqS4p,...,,,,,,,,...,,,,,,,,
pda_Gm04u5i,...,,,,,,,,...,,,,,,,,
pda_8uC6SaC,---,,,,,,,,---,,,,,,,,
pda_a8eeauC,[c][0080ff]Mrk[-][/c] -SV to [c][ffffff]Starlight [-][/c][i][c][ff80ff] [c][ff8000](OnByT: ArtyBase) (OffByT: NestOpen & SVHangar& ReachDBVess)[-][/c][-][/c][/i],,,,,,,,[c][0080ff]Mrk[-][/c] — SV к [c][ffffff]Starlight[-][/c] [i][c][ff80ff] [c][ff8000](OnByT: ArtyBase) (OffByT: NestOpen & SVHangar& ReachDBVess)[-][/c][-][/c][/i],,,,,,,,
pda_Sma0Gau,...,,,,,,,,...,,,,,,,,
pda_OWuBWWi,...,,,,,,,,...,,,,,,,,
pda_SW8iCmO,---,,,,,,,,---,,,,,,,,
pda_CgCqmu8,[c][ffffff][c][ff8080]B_Dstr[-][/c] [-][/c]-on- DB [c][ffffff]Turrets[-][/c]Down [c][ff8000][i](OnByT: Artillery) [/i]>C_Off [i][/i][c][ff8080]>C_Rw [-][/c][-][/c],,,,,,,,[c][ffffff][c][ff8080]B_Dstr[-][/c] [-][/c]—on— DB [c][ffffff]турели[-][/c] уничтожены [c][ff8000][i](OnByT: Artillery) [/i]>C_Off [i][/i][c][ff8080]>C_Rw [-][/c][-][/c],,,,,,,,
pda_KqaeuCK,Turrets destroyed,,,,,,,,Турели уничтожены,,,,,,,,
pda_WOKqgq8,...,,,,,,,,...,,,,,,,,
pda_iiCKi30,---,,,,,,,,---,,,,,,,,
pda_ueGm8Ke,[c][0080ff]Mrk[-][/c] & Trg - [c][ffffff]Drill [-][/c]HV [i][c][ff8000](OnBy:[-][/c][c][ff80ff][-][/c][c][ff8000] DB DIfficulty) [-][/c][/i](OffBy:FightBoost),,,,,,,,[c][0080ff]Mrk[-][/c] & Trg — [c][ffffff]буровая[-][/c] HV [i][c][ff8000](OnBy:[-][/c][c][ff80ff][-][/c][c][ff8000] DB DIfficulty) [-][/c][/i](OffBy:FightBoost),,,,,,,,
pda_aqGU0Cq,Drilling,,,,,,,,Бурение,,,,,,,,
pda_aiCeKAQ,...,,,,,,,,...,,,,,,,,
pda_8CuuiCq,---,,,,,,,,---,,,,,,,,
pda_CW1W04i,[c][0080ff]Mrk[-][/c] & Trg - [c][ffffff]TankHV  [-][/c]- Full frontal attack [i][c][ff8000](OnBy: [-][/c][/i][i][c][ff8000]DrillHackMsg_2) [-][/c][/i](OffBy:FightBoost),,,,,,,,[c][0080ff]Mrk[-][/c] & Trg — [c][ffffff]танковая HV[-][/c] — лобовая атака [i][c][ff8000](OnBy: [-][/c][/i][i][c][ff8000]DrillHackMsg_2) [-][/c][/i](OffBy:FightBoost),,,,,,,,
pda_mqeOaee,Tank Goodness,,,,,,,,Танковые радости,,,,,,,,
pda_VOqC4ei,...,,,,,,,,...,,,,,,,,
pda_waGWCq8,---,,,,,,,,---,,,,,,,,
pda_e4eW0oq,[c][ffffff][c][ff80ff]Off retool maybe [-][/c][-][/c]DvUse_Cockpit - Simple hover control,,,,,,,,[c][ffffff][c][ff80ff]Off retool maybe [-][/c][-][/c]DvUse_Cockpit — простое управление ховером,,,,,,,,
pda_Ce4084O,Vessel orientation,,,,,,,,Ориентация судна,,,,,,,,
pda_Y8CuO4S,[c][00ff00][Z] : [-][/c]Power\n[c][00ff00][Shift] + [I] [-][/c]: Pilot modes\n[c][00ff00][Shift] : [-][/c]Upright vessel\n[c][00ff00][O][-][/c] : Auto-level,,,,,,,,[c][00ff00][Z] : [-][/c]Питание\n[c][00ff00][Shift] + [I] [-][/c]: Режимы пилота\n[c][00ff00][Shift] : [-][/c]Выпрямить судно\n[c][00ff00][O][-][/c] : Автовыравнивание,,,,,,,,
pda_caKmuG4,---,,,,,,,,---,,,,,,,,
pda_qi08iuu,[c][ffffff]_____________ POI CLUSTER & ANTENNA ______________[-][/c],,,,,,,,[c][ffffff]_____________ КЛАСТЕР ТОЧЕК ИНТЕРЕСА И АНТЕННА ______________[-][/c],,,,,,,,
pda_CaOK0qq,--,,,,,,,,--,,,,,,,,
pda_YGCigCi,--,,,,,,,,--,,,,,,,,
pda_C0OOsOG,--,,,,,,,,--,,,,,,,,
pda_eC4K4S4,"[c][0080ff]Mrk[-][/c] & Trg - [b][c][ffffff]Settle[-][/c][/b]&Console [i][c][ff8000](RwBy: ReaSett_TowDne, ReaSett_IslDne) [-][/c][/i][c][ff8000]>C_Off x3 [c][ffff00]SecClearMrk[-][/c][-][/c]",,,,,,,,"[c][0080ff]Mrk[-][/c] & Trg — [b][c][ffffff]Поселение[-][/c][/b] и консоль [i][c][ff8000](RwBy: ReaSett_TowDne, ReaSett_IslDne) [-][/c][/i][c][ff8000]>C_Off x3 [c][ffff00]SecClearMrk[-][/c][-][/c]",,,,,,,,
pda_eaK0iae,Reach Console,,,,,,,,Доберитесь до консоли,,,,,,,,
pda_aKam8Ki,Talk to Console on top of Antenna,,,,,,,,Поговорите с консолью наверху антенны,,,,,,,,
pda_euWSKi0,---,,,,,,,,---,,,,,,,,
pda_OKWqKm4,[c][0080ff]Mrk[-][/c] -rw - WeatherStat [c][ffffff]WeakSignal [-][/c][i][c][ff8000](RwByT: UseRadar) (Off&ToRw:SteelSalvage) (OffBy: GoToHR [-][/c][/i][i][c][ff8000]& NextGoal[-][/c][/i][i][c][ff8000]) [c][ff80ff]OffBy:[-][/c][-][/c][/i],,,,,,,,[c][0080ff]Mrk[-][/c] -rw — погодный статус [c][ffffff]слабый сигнал[-][/c] [i][c][ff8000](RwByT: UseRadar) (Off&ToRw:SteelSalvage) (OffBy: GoToHR [-][/c][/i][i][c][ff8000]& NextGoal[-][/c][/i][i][c][ff8000]) [c][ff80ff]OffBy:[-][/c][-][/c][/i],,,,,,,,
pda_8aa0OaG,...,,,,,,,,...,,,,,,,,
pda_NSe4Om8,...,,,,,,,,...,,,,,,,,
pda_iG4q8KW,---,,,,,,,,---,,,,,,,,
pda_WuaGGK4,_____________ VESSEL BUILD ______________,,,,,,,,_____________ СТРОИТЕЛЬСТВО СУДНА ______________,,,,,,,,
pda_4um0m4c,--,,,,,,,,--,,,,,,,,
pda_WW08CWi,--,,,,,,,,--,,,,,,,,
pda_4WYK0Wi,--,,,,,,,,--,,,,,,,,
pda_4KqKmG0,[c][0080ff](nPOI)[-][/c] - [c][80ffff]CAL12[-][/c] - [c][ffffff]BAattack[-][/c] Troop transport [i][c][ff8000](OnBy: EndBuild) [-][/c][/i][c][ff8000]>C_OnT x2 >C_Rw[-][/c],,,,,,,,"[c][0080ff](nPOI)[-][/c] — [c][80ffff]CAL12[-][/c] — [c][ffffff]атака BA[-][/c], транспорт войск [i][c][ff8000](OnBy: EndBuild) [-][/c][/i][c][ff8000]>C_OnT x2 >C_Rw[-][/c]",,,,,,,,
pda_uSqiqG8,[i]( Noises... )[/i],,,,,,,,[i](Шумы...)[/i],,,,,,,,
pda_WGeGiui,[c][0080ff]Mrk[-][/c] - [c][ffffff]Dronebase[-][/c] loc  [i][c][ff8000](OnByT:[-][/c][/i][i][c][ff8000]UseOreScan[-][/c][/i][i][c][ff8000] & NewShores) (OffBy: OpnHangar &[-][/c][/i],,,,,,,,[c][0080ff]Mrk[-][/c] — местоположение [c][ffffff]базы дронов[-][/c] [i][c][ff8000](OnByT:[-][/c][/i][i][c][ff8000]UseOreScan[-][/c][/i][i][c][ff8000] & NewShores) (OffBy: OpnHangar &[-][/c][/i],,,,,,,,
pda_OeqqimW,Found: Zirax [c][ff8000]Dronebase[-][/c],,,,,,,,Найдена [c][ff8000]база дронов[-][/c] Zirax,,,,,,,,
pda_CSqKqa0,...,,,,,,,,...,,,,,,,,
pda_CumKaqA,...,,,,,,,,...,,,,,,,,
pda_AmCum60,_____________ SUBSPACE ANTENNA ______________ (& stuff),,,,,,,,_____________ ПОДПРОСТРАНСТВЕННАЯ АНТЕННА ______________ (и прочее),,,,,,,,
pda_7KSKCG8,--,,,,,,,,--,,,,,,,,
pda_C0msmaK,--,,,,,,,,--,,,,,,,,
pda_SCBS0m8,--,,,,,,,,--,,,,,,,,
pda_a8iKmWu,"Sig - [c][80ffff]CAL8[-][/c] - Shoot&[b][c][ffffff]Core claim[-][/c][/b] [c][ff8000]>C_On/OffT  >C_Rw >C_VisOffT, VisOn, C_Off[-][/c][c][ff8000] x3[-][/c][b][c][ffffff][-][/c][/b][c][ffffff] PrimeCoreKill[-][/c]",,,,,,,,"Sig — [c][80ffff]CAL8[-][/c] — стрельба и [b][c][ffffff]захват ядра[-][/c][/b] [c][ff8000]>C_On/OffT  >C_Rw >C_VisOffT, VisOn, C_Off[-][/c][c][ff8000] x3[-][/c][b][c][ffffff][-][/c][/b][c][ffffff] PrimeCoreKill[-][/c]",,,,,,,,
pda_mu8eCKq,InvOP - [c][ffffff]Multitool T2 [-][/c]in a box[c][ffffff][-][/c],,,,,,,,InvOP — [c][ffffff]мультитул T2[-][/c] в ящике[c][ffffff][-][/c],,,,,,,,
pda_GPO08aK,Multitool T2,,,,,,,,Мультитул T2,,,,,,,,
pda_qquqVaT,...,,,,,,,,...,,,,,,,,
pda_W4aiGGm,---,,,,,,,,---,,,,,,,,
pda_eK8Om48,InvOp - [c][ffffff]Shells[-][/c] in a box [i][c][ff8000](OffByT: ArtilleryBase)[-][/c][/i],,,,,,,,InvOp — [c][ffffff]снаряды[-][/c] в ящике [i][c][ff8000](OffByT: ArtilleryBase)[-][/c][/i],,,,,,,,
pda_meiqCui,...,,,,,,,,...,,,,,,,,
pda_Ouu4u4C,...,,,,,,,,...,,,,,,,,
pda_PS8Oq8W,---,,,,,,,,---,,,,,,,,
pda_4WGbW4y,[c][ffffff]pfEnt[-][/c] - Wrn Orbit & [c][ffffff]NoWarp[-][/c] [i] [c][ff8000](OffBy: Liftoff)[-][/c][/i],,,,,,,,[c][ffffff]pfEnt[-][/c] — предупреждение: орбита и [c][ffffff]нет варп-двигателя[-][/c] [i] [c][ff8000](OffBy: Liftoff)[-][/c][/i],,,,,,,,
pda_GiKSieq,No Warp Drive !\n[i][c][c0c0c0][sup](Cannot leave yet...)[/sup][-][/c][/i],,,,,,,,Нет варп-двигателя!\n[i][c][c0c0c0][sup](Пока нельзя покинуть эту область...)[/sup][-][/c][/i],,,,,,,,
pda_OSmaWqq,...,,,,,,,,...,,,,,,,,
pda_e6aiS4A,---,,,,,,,,---,,,,,,,,
pda_iqeueeO,"[c][ff8080][b]B_Dstr[/b][-][/c] - DB[c][ffffff]CoreKill[-][/c], drill is back  [c][ff8000]>C_Off x16 >C_On >C_RwT[-][/c]",,,,,,,,"[c][ff8080][b]B_Dstr[/b][-][/c] — база дронов[c][ffffff] ядро уничтожено[-][/c], дрель вернулась  [c][ff8000]>C_Off x16 >C_On >C_RwT[-][/c]",,,,,,,,
pda_f6WuOiS,Dronebase destroyed,,,,,,,,База дронов уничтожена,,,,,,,,
pda_KuO0aW4,...,,,,,,,,...,,,,,,,,
pda_w0u0uS4,---,,,,,,,,---,,,,,,,,
pda_Aqqu4Sq,_____________ DRONEBASE RAID ______________,,,,,,,,_____________ НАЛЁТ НА БАЗУ ДРОНОВ ______________,,,,,,,,
pda_GiWGCeq,--,,,,,,,,--,,,,,,,,
pda_e0qSui8,--,,,,,,,,--,,,,,,,,
pda_mqaqiqG,--,,,,,,,,--,,,,,,,,
pda_mCGOmmC,[c][0080ff](nPOI)[-][/c] - EndBuild - [c][ffffff]MakeBP [-][/c][c][ff8000][i](OnBy: DoneBuild_PDA)[/i] >C_On[-][/c],,,,,,,,[c][0080ff](nPOI)[-][/c] — завершение строительства — [c][ffffff]создать чертёж[-][/c][c][ff8000][i](OnBy: DoneBuild_PDA)[/i] >C_On[-][/c],,,,,,,,
pda_umOG8S0,Blueprints,,,,,,,,Чертежи,,,,,,,,
pda_W8YGKBO,[sub][i](Close BP library)[/i][/sub],,,,,,,,[sub][i](Закройте библиотеку чертежей)[/i][/sub],,,,,,,,
pda_KCCAOOs,---,,,,,,,,---,,,,,,,,
pda_OOCuuKK,[c][ff80ff]Off -still needed? [-][/c][c][ffffff]Prod - [-][/c]Spawn [c][ffffff]HV[-][/c] -,,,,,,,,[c][ff80ff]Выкл — всё ещё нужно? [-][/c][c][ffffff]Произв — [-][/c]создать [c][ffffff]HV[-][/c] —,,,,,,,,
pda_mCmqWiW,HV produced,,,,,,,,HV создан,,,,,,,,
pda_8uASKhK,Open Blueprint Library [ F2 ],,,,,,,,Откройте библиотеку чертежей [ F2 ],,,,,,,,
pda_8DSmi84,---,,,,,,,,---,,,,,,,,
pda_uiGSgKG,WinOp - [c][ffffff]FoodProc_1st [-][/c]- [c][ff8000]OnBy: BackToFarm[-][/c]  >C_Off,,,,,,,,WinOp — [c][ffffff]FoodProc_1st [-][/c]— [c][ff8000]OnBy: BackToFarm[-][/c]  >C_Off,,,,,,,,
pda_Suo0a0a,[i]( New Constructor Type! )[/i],,,,,,,,[i](Новый тип конструктора!)[/i],,,,,,,,
pda_TmmWuSq,"[c][0080ff][c][ff80ff]Off -check if needed, else delete -[-][/c] nPOI[-][/c] - Entered a faction territory",,,,,,,,"[c][0080ff][c][ff80ff]Выкл — проверьте, нужно ли; иначе удалите —[-][/c] nPOI[-][/c] — вход на территорию фракции",,,,,,,,
pda_iOEA0u4,Faction Territory,,,,,,,,Территория фракции,,,,,,,,
pda_6eaSGWW,...,,,,,,,,...,,,,,,,,
pda_WGCWquC,---,,,,,,,,---,,,,,,,,
pda_auG40qW,"_____________ POI, Other ______________",,,,,,,,"_____________ ТОЧКИ ИНТЕРЕСА, ПРОЧЕЕ ______________",,,,,,,,
pda_WGiOia4,--,,,,,,,,--,,,,,,,,
pda_U4G04ia,--,,,,,,,,--,,,,,,,,
pda_u8eMCCa,--,,,,,,,,--,,,,,,,,
pda_aqmqoSm,[c][0080ff]nPOI[-][/c] &Trig- [c][80ffff]CAL11[-][/c] - [c][ffffff]UseOreScan[-][/c] Promethium [c][ff8000][i](OnByT: OreProcess)  [/i]C_OnTx2 >C_Off >C_Rw[-][/c],,,,,,,,[c][0080ff]nPOI[-][/c] &Trig— [c][80ffff]CAL11[-][/c] — [c][ffffff]сканирование руды[-][/c] прометий [c][ff8000][i](OnByT: OreProcess)  [/i]C_OnTx2 >C_Off >C_Rw[-][/c],,,,,,,,
pda_OSqOsee,Mine Promethium nodes,,,,,,,,Добывайте залежи прометия,,,,,,,,
pda_8SXmKqK,"[i]Keep [c][ffffff]Ore Scanner[-][/c] in inventory, \n[c][ffff00]Hold better Drill.[-][/c][/i]\n\nThen:[c][ffff00] Search for blue outlines[-][/c]\nin the ground, and [c][ffff00]drill [-][/c]them\n\n[i](Better visible with Tool Drone [/i][c][00ff00][ F5 ][-][/c][i], while moving)[/i]",,,,,,,,"[i]Держите [c][ffffff]сканер руды[-][/c] в инвентаре, \n[c][ffff00]возьмите дрель получше.[-][/c][/i]\n\nЗатем:[c][ffff00] ищите синие контуры[-][/c]\nв земле и [c][ffff00]бурите[-][/c] их\n\n[i](Лучше видно с дроном-инструментом [/i][c][00ff00][ F5 ][-][/c][i], во время движения)[/i]",,,,,,,,
pda_Wq4eql8,---,,,,,,,,---,,,,,,,,
pda_SC4W01C,_____________ LOST GARDEN & CACHE ______________,,,,,,,,_____________ ПОТЕРЯННЫЙ САД И ТАЙНИК ______________,,,,,,,,
pda_OuCce0K,--,,,,,,,,--,,,,,,,,
pda_KGm00CW,--,,,,,,,,--,,,,,,,,
pda_KiPSaCu,--,,,,,,,,--,,,,,,,,
pda_m0AaWWg,invOpP - off - [c][ffffff]small grid[-][/c] Starter block[c][ff8000][i] (OnByT: SpawnTimes)[/i][-][/c],,,,,,,,invOpP — выкл — [c][ffffff]малая сетка[-][/c] стартовый блок[c][ff8000][i] (OnByT: SpawnTimes)[/i][-][/c],,,,,,,,
pda_CiamO48,...,,,,,,,,...,,,,,,,,
pda_4aiH0WK,...,,,,,,,,...,,,,,,,,
pda_aKKiOqu,---,,,,,,,,---,,,,,,,,
pda_SCSum0i,[c][ffffff]BlkPlc[-][/c] - [c][80ffff]CalSig10[-][/c] - Solar [c][ffffff]panel [-][/c]location [c][ff8000]RwBy: LogisticsCache   >RwTask x2[-][/c],,,,,,,,[c][ffffff]BlkPlc[-][/c] — [c][80ffff]CalSig10[-][/c] — расположение солнечной [c][ffffff]панели[-][/c] [c][ff8000]RwBy: LogisticsCache   >RwTask x2[-][/c],,,,,,,,
pda_e0Wmqem,Check Solar Panels,,,,,,,,Проверьте солнечные панели,,,,,,,,
pda_qCiCGaW,...,,,,,,,,...,,,,,,,,
pda_WuSei0W,--,,,,,,,,--,,,,,,,,
pda_0C0KSaK,_____________ WORKSHOP ______________,,,,,,,,_____________ МАСТЕРСКАЯ ______________,,,,,,,,
pda_mCKeI80,--,,,,,,,,--,,,,,,,,
pda_4uas8SE,--,,,,,,,,--,,,,,,,,
pda_4Cu0q0S,--,,,,,,,,--,,,,,,,,
pda_GuOCWmu,"[c][0080ff]nPOI[-][/c] -rw- [c][ff8080]N[-][/c] - Steel[c][ffffff]Salvage[-][/c] [c][ff8000][i](RwBy:PCCrafts) (OffBy:SteelDestr, RightJunk) [/i][-][/c] [c][ff8000]>C_Rew >C_Off x3 >ToRw[-][/c]",,,,,,,,"[c][0080ff]nPOI[-][/c] -rw- [c][ff8080]N[-][/c] - сбор[c][ffffff] металлолома[-][/c] [c][ff8000][i](RwBy:PCCrafts) (OffBy:SteelDestr, RightJunk) [/i][-][/c] [c][ff8000]>C_Rew >C_Off x3 >ToRw[-][/c]",,,,,,,,
pda_aquGGmC,Steel salvage,,,,,,,,Сбор металлолома,,,,,,,,
pda_WS8eaKi,\n- Select [c][ffffff][b]Salvage mode[/b] [-][/c][c][00ff00][RMB][-][/c] of Survival tool\n- [c][ffff00]Cut metal[-][/c] from a wreck\n[c][c0c0c0][sup][i](See marker)[/i][/sup][-][/c],,,,,,,,\n- Выберите [c][ffffff][b]режим разбора[/b] [-][/c][c][00ff00][ПКМ][-][/c] на инструменте выживания\n- [c][ffff00]Срежьте металл[-][/c] с обломка\n[c][c0c0c0][sup][i](См. маркер)[/i][/sup][-][/c],,,,,,,,
pda_aGWOiWm,---,,,,,,,,---,,,,,,,,
pda_m4a0Ome,[c][0080ff]Mrk[-][/c] -[c][ffffff] EnemyCore[-][/c]  [c][ff8000][i](OnBy/OffBy: SpawnPad & Core)[/i][-][/c],,,,,,,,[c][0080ff]Mrk[-][/c] —[c][ffffff] вражеское ядро[-][/c]  [c][ff8000][i](OnBy/OffBy: SpawnPad & Core)[/i][-][/c],,,,,,,,
pda_KOS548X,Destroy Core,,,,,,,,Уничтожьте ядро,,,,,,,,
pda_M08r8i8,...,,,,,,,,...,,,,,,,,
pda_W8imS0G,---,,,,,,,,---,,,,,,,,
pda_G80kqiG,[c][0080ff](nPOI)[-][/c] - [c][ffffff]Control panel[-][/c]- [i][c][ff8000](RwBy: CoreClaim) >[-][/c][/i][c][ff8000]RwTsk >C_Rw[-][/c],,,,,,,,[c][0080ff](nPOI)[-][/c] — [c][ffffff]панель управления[-][/c]— [i][c][ff8000](RwBy: CoreClaim) >[-][/c][/i][c][ff8000]RwTsk >C_Rw[-][/c],,,,,,,,
pda_WWq4qKi,The Control Panel,,,,,,,,Панель управления,,,,,,,,
pda_q8eKSSu,"Point at floor, [c][ffffff]press[-][/c] [c][00ff00][P][-][/c]",,,,,,,,Наведите курсор на пол и [c][ffffff]нажмите[-][/c] [c][00ff00][P][-][/c],,,,,,,,
pda_ueGSSi0,---,,,,,,,,---,,,,,,,,
pda_GaW0qC4,[c][0080ff](nPOI)[-][/c] & Trg - [c][0080ff]Task[-][/c] [c][ffffff]Ammo[-][/c]Box [c][ff80ff][i][c][ff8000](OnByT: BA attack)[-][/c][/i][c][ff8000] >C_OnT[-][/c][-][/c],,,,,,,,[c][0080ff](nPOI)[-][/c] & Trg — [c][0080ff]Задание[-][/c] [c][ffffff]ящик с боеприпасами[-][/c] [c][ff80ff][i][c][ff8000](OnByT: BA attack)[-][/c][/i][c][ff8000] >C_OnT[-][/c][-][/c],,,,,,,,
pda_OS4aaqa,Find Ammo Box,,,,,,,,Найдите ящик с боеприпасами,,,,,,,,
pda_eq4mG8e,Find Ammo Box\n[sup](of Farpoint Base)[/sup],,,,,,,,Найдите ящик с боеприпасами\n[sup](на базе Farpoint)[/sup],,,,,,,,
pda_8CiCaKW,--,,,,,,,,--,,,,,,,,
pda_CGeSuuK,Tb_Sel [c][ffffff]mass [-][/c]block - N building menu - center of mass,,,,,,,,Tb_Sel [c][ffffff]масса[-][/c] блока — меню строительства N — центр массы,,,,,,,,
pda_mKKe4Cq,Mass distribution,,,,,,,,Распределение массы,,,,,,,,
pda_0OhZuCC,...,,,,,,,,...,,,,,,,,
pda_GuKqSS0,---,,,,,,,,---,,,,,,,,
pda_u0GeSm4,InvC - [c][ffffff]Starter block [-][/c]HV (General Info) >C_off,,,,,,,,InvC — [c][ffffff]стартовый блок[-][/c] HV (общая информация) >C_off,,,,,,,,
pda_8OgUWeW,Hover Vessel Starter,,,,,,,,Стартовый блок ховера,,,,,,,,
pda_eubq0OO,...,,,,,,,,...,,,,,,,,
pda_i00iqaC,--,,,,,,,,--,,,,,,,,
pda_icO0Wqe,Fly to Container,,,,,,,,Летите к контейнеру,,,,,,,,
pda_m4dOCeG,Collect Drill,,,,,,,,Заберите дрель,,,,,,,,
pda_ueKX00G,--,,,,,,,,--,,,,,,,,
pda_OGfTqaC,"[c][c0c0c0]( [c][c9a39c][b][i]Galleon[/i][/b] [-][/c]) :[-][/c]           [i]""... Just do what it wants, and it will be over quickly.""[/i]",,,,,,,,"[c][c0c0c0]( [c][c9a39c][b][i]Galleon[/i][/b] [-][/c]) :[-][/c]           [i]""... Просто сделай, чего она хочет, и всё быстро закончится.""[/i]",,,,,,,,
pda_K088K4e,...,,,,,,,,...,,,,,,,,
pda_8BOmK8a,--,,,,,,,,--,,,,,,,,
pda_W0Oa4uW,[i]< But there's [b]joy [/b]hidden in this. >[/i]\n[i]\n< For safety. - For riches. - It's [b]so [/b]soothing. \n... And you directly see the results. >[/i],,,,,,,,[i]< Но в этом скрыта [b]радость[/b]. >[/i]\n[i]\n< Безопасность. Богатство. Это [b]так[/b] успокаивает. \n... И ты сразу видишь результат. >[/i],,,,,,,,
pda_kGlPSe0,Space Mining (5 of 100),,,,,,,,Космическая добыча (5 из 100),,,,,,,,
pda_G0iSUgm,Collect more ice,,,,,,,,Соберите ещё льда,,,,,,,,
pda_CKSiuh4,---,,,,,,,,---,,,,,,,,
pda_8aGuWqq,"[c][c0c0c0]( [c][c9a39c][b][i]Galleon[/i][/b] [-][/c]) :[-][/c]           [i]""[c][ffff00]Fly to that container[-][/c], and take the drill.""[/i]",,,,,,,,"[c][c0c0c0]( [c][c9a39c][b][i]Galleon[/i][/b] [-][/c]) :[-][/c]           [i]""[c][ffff00]Лети к тому контейнеру[-][/c] и забери дрель.""[/i]",,,,,,,,
pda_44Ge4eo,[i]( ... please ... )[/i],,,,,,,,[i]( ... пожалуйста... )[/i],,,,,,,,
pda_SGOOaCu,--,,,,,,,,--,,,,,,,,
pda_mmOScuK,"( [b][c][8080ff]Flight Dispatch[-][/c][/b] ) :          [i]""UCH Vessel, this is Flight Dispatch."" [/i]\n\n                                          [i]"" - Welcome home.""[/i]",,,,,,,,"( [b][c][8080ff]Диспетчерская служба[-][/c][/b] ) :          [i]""Корабль UCH, это диспетчерская."" [/i]\n\n                                          [i]"" — Добро пожаловать домой.""[/i]",,,,,,,,
pda_8KKqi88,(( Comm )),,,,,,,,(( Связь )),,,,,,,,
pda_m0imWeO,[c][ffff00]Reach the Command ship.[-][/c]\n\n-------[sup][/sup][c][c0c0c0]\n[sup]Brakes on/off[/sup][-][/c][sup]:[c][00ff00] [ i ][-][/c][/sup] [sup][c][c0c0c0]\nAuto-orient:[-][/c] [c][00ff00] [ O ][-][/c]\n[c][c0c0c0]Pilot modes:[-][/c] [c][00ff00][Shift] + [ i ][-][/c][/sup],,,,,,,,[c][ffff00]Доберитесь до командного корабля.[-][/c]\n\n-------[sup][/sup][c][c0c0c0]\n[sup]Тормоза вкл./выкл.[/sup][-][/c][sup]:[c][00ff00] [ i ][-][/c][/sup] [sup][c][c0c0c0]\nАвтовыравнивание:[-][/c] [c][00ff00] [ O ][-][/c]\n[c][c0c0c0]Режимы пилота:[-][/c] [c][00ff00][Shift] + [ i ][-][/c][/sup],,,,,,,,
pda_CC8uaei,---,,,,,,,,---,,,,,,,,
pda_biG0WGC,"( [b][c][8080ff]Flight Dispatch[-][/c][/b] ) :         [i]""It has been a long journey.[/i]\n\n                                         [i]""- Please proceed to the [c][ffffff]Command Ship[-][/c].""[/i]",,,,,,,,"( [b][c][8080ff]Диспетчерская служба[-][/c][/b] ) :         [i]""Путь был долгим.[/i]\n\n                                         [i]""— Проследуйте к [c][ffffff]командному кораблю[-][/c].""[/i]",,,,,,,,
pda_4CiiO4S,[c][0080ff]Mrk[-][/c] - [c][ffffff]Galleon[-][/c]Fleet Pos  [i][c][ff8000](OffBy: CcokpitEnd)[-][/c][/i],,,,,,,,[c][0080ff]Mrk[-][/c] — позиция флота [c][ffffff]Galleon[-][/c]  [i][c][ff8000](OffBy: CcokpitEnd)[-][/c][/i],,,,,,,,
pda_KuOC8mG,...,,,,,,,,...,,,,,,,,
pda_ammOOmK,...,,,,,,,,...,,,,,,,,
pda_oKeCuOA,---,,,,,,,,---,,,,,,,,
pda_8WK88Sa,[c][0080ff]Mrk[-][/c] - [c][ffffff]Captain[-][/c]Fleet Pos [i][c][ff8000](OffBy: CcokpitEnd)[-][/c][/i],,,,,,,,[c][0080ff]Mrk[-][/c] — позиция флота [c][ffffff]Капитана[-][/c] [i][c][ff8000](OffBy: CcokpitEnd)[-][/c][/i],,,,,,,,
pda_u4mWSi4,...,,,,,,,,...,,,,,,,,
pda_8KSSTSe,...,,,,,,,,...,,,,,,,,
pda_tW0uvmO,---,,,,,,,,---,,,,,,,,
pda_SemCK48,[c][0080ff]Mrk[-][/c] - [c][ffffff]Command[-][/c] Fleet Pos [i][c][ff8000] (OnBy: Captain&GalleonFleetPos)   (OffBy: CcokpitEnd)[-][/c][/i],,,,,,,,[c][0080ff]Mrk[-][/c] — позиция [c][ffffff]командного[-][/c] флота [i][c][ff8000] (OnBy: Captain&GalleonFleetPos)   (OffBy: CcokpitEnd)[-][/c][/i],,,,,,,,
pda_8qsK4oS,...,,,,,,,,...,,,,,,,,
pda_kSG040i,...,,,,,,,,...,,,,,,,,
pda_SeqiiuG,---,,,,,,,,---,,,,,,,,
pda_meaa6G0,[c][0080ff]nPOI[-][/c] - [c][ffffff]Cleared [-][/c]to dock  [i][c][ff8000]RewBy[u]Task[/u]: FleetArrival >CRew x2[-][/c][/i],,,,,,,,[c][0080ff]nPOI[-][/c] — [c][ffffff]разрешено[-][/c] стыковаться  [i][c][ff8000]RewBy[u]Task[/u]: FleetArrival >CRew x2[-][/c][/i],,,,,,,,
pda_MaE00cm,Cleared to dock,,,,,,,,Разрешено стыковаться,,,,,,,,
pda_COaCuKi,- Fly to Command ship,,,,,,,,- Летите к командному кораблю,,,,,,,,
pda_SOCS0mq,--,,,,,,,,--,,,,,,,,
pda_KcLhi0m,"""UCH vessel, you are cleared to dock.""\n\n""Please [c][ffff00]fly into the hangar.[-][/c]""",,,,,,,,"""Корабль UCH, вам разрешено стыковаться.""\n\n""Пожалуйста, [c][ffff00]влетите в ангар.[-][/c]""",,,,,,,,
pda_m44TSiX,"""[c][ffff00]Land [-][/c]your vessel in the area""",,,,,,,,"""[c][ffff00]Посадите[-][/c] корабль в этой зоне""",,,,,,,,
pda_im0eQSK,Playtest - EndSpace: Enter sun sector,,,,,,,,Тестирование — конец космоса: войти в сектор солнца,,,,,,,,
pda_KGNOm3q,New Task,,,,,,,,Новое задание,,,,,,,,
pda_80iaqe0,Turning on,,,,,,,,Включение,,,,,,,,
pda_T4MWkCS,--,,,,,,,,--,,,,,,,,
pda_Gaq0K80,(Rewarding last chapter),,,,,,,,(Награда за последнюю главу),,,,,,,,
pda_q8mWSGS,(Reached Bridge),,,,,,,,(Мостик достигнут),,,,,,,,
pda_0i4qiCC,..,,,,,,,,..,,,,,,,,
pda_GOKaCKC,--,,,,,,,,--,,,,,,,,
pda_eESCCmm,[i]< I knew it I knew it I knew it !!!![/i]\n\n[i]- This ship is fitted with [b][c][ffffff]MINING LASERS[-][/c].[/b] ! ! ! >[/i]\n\n\n\n[i]< ... [b][c][ffff00][c][ff8000][b]The Galaxy is Yours.[/b][-][/c] [-][/c][/b]>[/i],,,,,,,,"[i]< Я знал, знал, знал это!!!![/i]\n\n[i]— Этот корабль оснащён [b][c][ffffff]ДОБЫВАЮЩИМИ ЛАЗЕРАМИ[-][/c].[/b] ! ! ! >[/i]\n\n\n\n[i]< ... [b][c][ffff00][c][ff8000][b]Галактика принадлежит тебе.[/b][-][/c] [-][/c][/b]>[/i]",,,,,,,,
pda_SCuay4u,Playtest - EndSpace: Cleared to dock (EndShip),,,,,,,,Тестирование — конец космоса: разрешено стыковаться (конечный корабль),,,,,,,,
pda_iOSGOi4,New Task,,,,,,,,Новое задание,,,,,,,,
pda_mS0Gmua,Turning on,,,,,,,,Включение,,,,,,,,
pda_iCW4G4s,--,,,,,,,,--,,,,,,,,
pda_6CSCuua,(Rewarding last chapter),,,,,,,,(Награда за последнюю главу),,,,,,,,
pda_aG0KCiG,Debug - EndSpace: Give cockpit key,,,,,,,,Отладка — конец космоса: выдать ключ от кабины,,,,,,,,
pda_748GWac,New Task,,,,,,,,Новое задание,,,,,,,,
pda_GOSO0ei,Turning on,,,,,,,,Включение,,,,,,,,
pda_CqqS0uK,--,,,,,,,,--,,,,,,,,
pda_Wm4uumi,(Rewarding last chapter),,,,,,,,(Награда за последнюю главу),,,,,,,,
pda_k0GNa4O,TUTORIAL END,,,,,,,,КОНЕЦ ОБУЧЕНИЯ,,,,,,,,
pda_M840aaG,...,,,,,,,,...,,,,,,,,
pda_mu80iW6,--,,,,,,,,--,,,,,,,,
pda_u08u40U,"[i]"" Pilot, there are more Zirax vessels ahead. [/i]\n\n[i]... Let's bring this to a good[c][ff8000] [b]end[/b][-][/c].""[/i]",,,,,,,,"[i]""Пилот, впереди ещё корабли Zirax. [/i]\n\n[i]... Давай доведём это до хорошего[c][ff8000] [b]конца[/b][-][/c].""[/i]",,,,,,,,
pda_GmCq4WK,Sig -  [c][ffffff]defense [-][/c]mode [c][ff8000]>C_off x2[-][/c],,,,,,,,Sig — режим [c][ffffff]обороны[-][/c] [c][ff8000]>C_off x2[-][/c],,,,,,,,
pda_mmKCS4G,Defense mode,,,,,,,,Режим обороны,,,,,,,,
pda_WS48aOS,[i](Survival Tool)[/i]\nSelect[c][ffffff][-][/c] with [c][00ff00][RMB][-][/c],,,,,,,,[i](Инструмент выживания)[/i]\nВыберите[c][ffffff][-][/c] с помощью [c][00ff00][ПКМ][-][/c],,,,,,,,
pda_mWGqGmC,---,,,,,,,,---,,,,,,,,
pda_CWaO8CX,WnCls_ArmLck (&sig) - rw- Evil[c][ffffff]HackCount[-][/c]er[i][c][ff8000] (RwBy: ExploreNest)[-][/c][/i][c][ff80ff][c][ff8000] >C_Off >C_On x2 [-][/c][-][/c],,,,,,,,WnCls_ArmLck (&sig) — rw— злой[c][ffffff] счётчик взлома[-][/c][i][c][ff8000] (RwBy: ExploreNest)[-][/c][/i][c][ff80ff][c][ff8000] >C_Off >C_On x2 [-][/c][-][/c],,,,,,,,
pda_qmqme0G,...,,,,,,,,...,,,,,,,,
pda_uHIBmOm,...,,,,,,,,...,,,,,,,,
pda_SmGY0eG,---,,,,,,,,---,,,,,,,,
pda_4e4qOaC,Low Oxygen  - PLACEHOLDER,,,,,,,,Низкий уровень кислорода — ЗАГЛУШКА,,,,,,,,
pda_e08eaK4,New Task,,,,,,,,Новое задание,,,,,,,,
pda_mSqea80,New Action,,,,,,,,Новое действие,,,,,,,,
pda_Magu8Sq,--,,,,,,,,--,,,,,,,,
pda_06mKi4q,"Trg_Stat - [c][ffffff]LowFood[-][/c] [i][c][ff8000] (FinalOff: BackToFarm, DBDoorBreach)[-][/c][/i][i][c][ff8000](Offby:DoorHack&Explode - OnBy: FillFuel)[-][/c][/i]",,,,,,,,"Trg_Stat — [c][ffffff]Мало еды[-][/c] [i][c][ff8000] (FinalOff: BackToFarm, DBDoorBreach)[-][/c][/i][i][c][ff8000](Offby:DoorHack&Explode - OnBy: FillFuel)[-][/c][/i]",,,,,,,,
pda_eWmWeCC,Getting hungry ...,,,,,,,,Начинает хотеться есть...,,,,,,,,
pda_eqGOeuS,"_________ [i](Bunk, other triggers)[/i]",,,,,,,,"_________ [i](Койка, другие триггеры)[/i]",,,,,,,,
pda_GKeS4Gm,--,,,,,,,,--,,,,,,,,
pda_iKA4m84,--,,,,,,,,--,,,,,,,,
pda_OWCK0Se,--,,,,,,,,--,,,,,,,,
pda_pSSmeqW,Sig - Hallway [c][ffffff]Ignore[-][/c]Capt [c][ff8000][i](OffBy: CaptainTalk)[/i][-][/c],,,,,,,,Sig — коридор [c][ffffff]Игнорировать[-][/c] капитана [c][ff8000][i](OffBy: CaptainTalk)[/i][-][/c],,,,,,,,
pda_044Ia8u,[i](Ignored Captain)[/i],,,,,,,,[i](Капитан проигнорирован)[/i],,,,,,,,
pda_uakeOWa,...,,,,,,,,...,,,,,,,,
pda_SOuaSmt,---,,,,,,,,---,,,,,,,,
pda_uuq4C40,"[i]< Hey, you look new... >[/i]\n[i]< [/i][i]One of these people [b]from another galaxy[/b] , I assume...?...  '[b][c][ffffff]Humans[-][/c]'[/b] [/i]?\n[i][/i][i]- [b]Well met[/b]! >[/i]",,,,,,,,"[i]< Эй, ты, похоже, новичок... >[/i]\n[i]< [/i][i]Один из тех людей [b]из другой галактики[/b], полагаю...? «[b][c][ffffff]Люди[-][/c]»[/b] [/i]?\n[i][/i][i]— [b]Рад встрече[/b]! >[/i]",,,,,,,,
pda_KOmiwKe,(( Cursed Drill )),,,,,,,,(( Проклятая дрель )),,,,,,,,
pda_mGGmW0W,[i]...[/i],,,,,,,,[i]...[/i],,,,,,,,
pda_uqKw4CC,--,,,,,,,,--,,,,,,,,
pda_e8aqeem,[i]< Brzzt. bt ! >[/i]\n\n[i]< bzzt - [b]bzzt [/b]? >  [/i],,,,,,,,[i]< Брззт. бт! >[/i]\n\n[i]< бззт — [b]бззт [/b]? >  [/i],,,,,,,,
pda_KNae8Kq,[c][ff80ff]Unused -  [-][/c][c][0080ff]nPOI[-][/c] - [c][ffffff]Convince[-][/c] Drones [i][c][ff8000](On&OffByT:CorePlace) [-][/c][/i][c][ff80ff](POI is out-commented from pf file)[-][/c],,,,,,,,[c][ff80ff]Не используется —  [-][/c][c][0080ff]nPOI[-][/c] — [c][ffffff]Убедить[-][/c] дронов [i][c][ff8000](On&OffByT:CorePlace) [-][/c][/i][c][ff80ff](POI закомментирован в файле pf)[-][/c],,,,,,,,
pda_8i0Caoe,...,,,,,,,,...,,,,,,,,
pda_mGCuS8e,...,,,,,,,,...,,,,,,,,
pda_8SlOmK0,--,,,,,,,,--,,,,,,,,
pda_c08OAAi,[c][0080ff](nPOI2)[-][/c] - rw -[c][80ffff]CAL6[-][/c] -[c][0080ff]Task[-][/c]- [c][ffffff]EnterMine[-][/c] [i][c][ff8080](RwBy: EnterSignal)[-][/c][c][ff8000][c][ff80ff][c][ff8000] (ToOnBy: CopperDiscover) ((OffBy:NewShores)) [-][/c][-][/c][-][/c][c][ff8000][c][ff80ff][c][ff8000][c][ff8080]C_Rw [-][/c][-][/c][-][/c][-][/c][/i][c][ff8000][c][ff80ff][c][ff8000]>C_Off x4 >C_OnTsk[-][/c][-][/c][-][/c],,,,,,,,[c][0080ff](nPOI2)[-][/c] — rw —[c][80ffff]CAL6[-][/c] —[c][0080ff]Задание[-][/c]— [c][ffffff]Войти в шахту[-][/c] [i][c][ff8080](RwBy: EnterSignal)[-][/c][c][ff8000][c][ff80ff][c][ff8000] (ToOnBy: CopperDiscover) ((OffBy:NewShores)) [-][/c][-][/c][-][/c][c][ff8000][c][ff80ff][c][ff8000][c][ff8080]C_Rw [-][/c][-][/c][-][/c][-][/c][/i][c][ff8000][c][ff80ff][c][ff8000]>C_Off x4 >C_OnTsk[-][/c][-][/c][-][/c],,,,,,,,
pda_8qOm9K0,[i](Location added)[/i],,,,,,,,[i](Местоположение добавлено)[/i],,,,,,,,
pda_Wea4KmU,...,,,,,,,,...,,,,,,,,
pda_mC4eaOm,--,,,,,,,,--,,,,,,,,
pda_e8Gqaaq,InvC  - [c][80ffff]CalSig4c [-][/c] - on- [c][ffffff]BikeFound[-][/c] [i][c][ff8000](OffBy: Craft& Place& Toolbar ) [-][/c][/i][c][ff8080]>ToRw [-][/c][c][ff8000]>C_Off x4 [-][/c],,,,,,,,InvC  — [c][80ffff]CalSig4c [-][/c] — on— [c][ffffff]Байк найден[-][/c] [i][c][ff8000](OffBy: Craft& Place& Toolbar ) [-][/c][/i][c][ff8080]>ToRw [-][/c][c][ff8000]>C_Off x4 [-][/c],,,,,,,,
pda_CeCW8nm,Hoverbike,,,,,,,,Ховербайк,,,,,,,,
pda_S0Sq8uq,...,,,,,,,,...,,,,,,,,
pda_80qYqdi,--,,,,,,,,--,,,,,,,,
pda_0a0WueW,_____________[c][ffff00] Autotriggers for [b]Devices [/b][-][/c](Use tips) ______,,,,,,,,_____________[c][ffff00] Автотриггеры для [b]устройств[/b] [-][/c](Советы по использованию) ______,,,,,,,,
pda_4miiOWa,...,,,,,,,,...,,,,,,,,
pda_e24a04I,...,,,,,,,,...,,,,,,,,
pda_0uWeGa4,--,,,,,,,,--,,,,,,,,
pda_Ca8iWaV,_____________ BEACHED ________ & old stuff,,,,,,,,_____________ НА МЕЛИ ________ и старое,,,,,,,,
pda_suC4i8K,--,,,,,,,,--,,,,,,,,
pda_eGaWUe0,--,,,,,,,,--,,,,,,,,
pda_KsCiKGi,--,,,,,,,,--,,,,,,,,
pda_i4uKMu2,[c][ff8000]bmC[-][/c]- Suit [c][ffffff]light[-][/c][i][c][ffffff][-][/c](( BmChange- to Palms )) [c][ff8000](OffBy:N_Poi Light) [b]>>C_Off[/b][-][/c][/i],,,,,,,,[c][ff8000]bmC[-][/c]— свет [c][ffffff]костюма[-][/c][i][c][ffffff][-][/c](( BmChange— на пальмы )) [c][ff8000](OffBy:N_Poi Light) [b]>>C_Off[/b][-][/c][/i],,,,,,,,
pda_iCiCSGi,Suit Light,,,,,,,,Свет костюма,,,,,,,,
pda_iCCGCoq,Use with [c][00ff00][L][-][/c],,,,,,,,Используйте клавишу [c][00ff00][L][-][/c],,,,,,,,
pda_4KCTESG,--,,,,,,,,--,,,,,,,,
pda_8j8QKCi,"[c][0080ff]Mrk [-][/c]-off- -rw-[c][ff8080]V [-][/c]- [c][ffffff]Dig Carbo[-][/c]n [c][ff8000][i](ToRwBy:Tasks2) [/i][-][/c] [i][c][ff8000]([-][/c][c][ff8000]RwBy: TipFood, NoWeapWarn) OffBy: FoundCarbon &(Techtrees)[-][/c][/i][i][c][ff8000] & Task3[-][/c][/i]",,,,,,,,"[c][0080ff]Mrk [-][/c]—off— -rw—[c][ff8080]V [-][/c]— [c][ffffff]Копать углерод[-][/c] [c][ff8000][i](ToRwBy:Tasks2) [/i][-][/c] [i][c][ff8000]([-][/c][c][ff8000]RwBy: TipFood, NoWeapWarn) OffBy: FoundCarbon &(Techtrees)[-][/c][/i][i][c][ff8000] & Task3[-][/c][/i]",,,,,,,,
pda_Dumm4OK,Rock Resources,,,,,,,,Ресурсы в камнях,,,,,,,,
pda_KiIejee,...,,,,,,,,...,,,,,,,,
pda_8K0ceCi,--,,,,,,,,--,,,,,,,,
pda_SKaSaaS,[c][0080ff]Mrk[-][/c]& trg - rw - [c][ffffff]Chop [-][/c]wood[c][ff8000][i](OnBy:PCCrafts) [/i][-][/c][i][c][ff8000](OffBy: FoundWood[-][/c][/i][i][c][ff8000] & Task3[-][/c][/i][i][c][ff8000]) (OffOnBy: BikeReminder& Placebike -- BikeControls)[-][/c][/i],,,,,,,,[c][0080ff]Mrk[-][/c]& trg — rw — [c][ffffff]Рубить [-][/c]дерево[c][ff8000][i](OnBy:PCCrafts) [/i][-][/c][i][c][ff8000](OffBy: FoundWood[-][/c][/i][i][c][ff8000] & Task3[-][/c][/i][i][c][ff8000]) (OffOnBy: BikeReminder& Placebike -- BikeControls)[-][/c][/i],,,,,,,,
pda_OmG86CO,Wood and Fiber,,,,,,,,Древесина и волокно,,,,,,,,
pda_q4mUiiW,...,,,,,,,,...,,,,,,,,
pda_mZC880K,--,,,,,,,,--,,,,,,,,
pda_OF0emSe,"[c][0080ff]Mrk_rw[-][/c] - [c][ffffff]HarvestMarker[-][/c] [i][c][ff8000](RwBy: Fridge, (OnBy:TipFood) OffBy: PickPlantProt [-][/c][/i][i][c][ff8000] & Task3[-][/c][/i][i][c][ff8000])[-][/c][/i]",,,,,,,,"[c][0080ff]Mrk_rw[-][/c] — [c][ffffff]Маркер сбора[-][/c] [i][c][ff8000](RwBy: Fridge, (OnBy:TipFood) OffBy: PickPlantProt [-][/c][/i][i][c][ff8000] & Task3[-][/c][/i][i][c][ff8000])[-][/c][/i]",,,,,,,,
pda_QCC0CmX,Food,,,,,,,,Еда,,,,,,,,
pda_eqCqSWa,...,,,,,,,,...,,,,,,,,
pda_4kGa48a,--,,,,,,,,--,,,,,,,,
pda_4iamuWC,"itmPick - Closed [c][ffffff]Fridge [-][/c][i][c][ff8000](OffBy PickPlantProt)[-][/c][/i] [i][b][c][ff8000]>C_On [-][/c][/b][/i] (SecOff:Boom&Heal, EnterMine, ShootCoreFarm) [c][ff8000]>C_Off[-][/c]",,,,,,,,"itmPick — закрыт [c][ffffff]холодильник[-][/c][i][c][ff8000](OffBy PickPlantProt)[-][/c][/i] [i][b][c][ff8000]>C_On [-][/c][/b][/i] (SecOff:Boom&Heal, EnterMine, ShootCoreFarm) [c][ff8000]>C_Off[-][/c]",,,,,,,,
pda_OKS0Oqi,[i]Need more Food[/i],,,,,,,,[i]Нужно больше еды[/i],,,,,,,,
pda_eqCiSuS,<< ... Scanning ... >>,,,,,,,,<< ... Сканирование... >>,,,,,,,,
pda_SmCiO8O,--,,,,,,,,--,,,,,,,,
pda_4qquGmu,[i]< ... This won't last long ... >[/i]\n\n[i]< ... Detecting possible [/i][c][ffff00]food plants[-][/c][i] nearby. [/i]- [i]Check that palm area[/i].[i][c][ffff00][-][/c]>[/i],,,,,,,,[i]< ... Этого надолго не хватит... >[/i]\n\n[i]< ... Обнаружены возможные [/i][c][ffff00]пищевые растения[-][/c][i] поблизости. [/i]— [i]Проверьте участок с пальмами[/i].[i][c][ffff00][-][/c]>[/i],,,,,,,,
pda_quuqC4q,_____________ FARM CORE ______________ & genny note,,,,,,,,_____________ ЯДРО ФЕРМЫ ______________ и примечание о генераторе,,,,,,,,
pda_4qqmKOi,--,,,,,,,,--,,,,,,,,
pda_OiqKWK4,--,,,,,,,,--,,,,,,,,
pda_KKCaqOa,--,,,,,,,,--,,,,,,,,
pda_ui8Wjm0,_____________ PROMETHIUM SCANNER  ______________,,,,,,,,_____________ СКАНЕР ПРОМЕТИЯ ______________,,,,,,,,
pda_iqm8mn8,--,,,,,,,,--,,,,,,,,
pda_C8uGaU0,--,,,,,,,,--,,,,,,,,
pda_I0mmquu,--,,,,,,,,--,,,,,,,,
pda_WlmuG00,Enemy drone[c][ffffff][-][/c],,,,,,,,Вражеский дрон[c][ffffff][-][/c],,,,,,,,
pda_u0W800S,[c][ffffff][c][ffff00]Destroy [c][ffffff]attacking drone[-][/c][-][/c][-][/c]\n[c][ffffff][c][ffff00][c][ffffff]\n[i](Red dot[/i][-][/c][-][/c][-][/c][i] on radar.[/i]\n[i]Shoot eye for max damage.)[/i]\n\n[c][c0c0c0][i][sub](Note: Timeout for task is ca. 5 minutes)[/sub][/i][-][/c],,,,,,,,[c][ffffff][c][ffff00]Уничтожьте [c][ffffff]атакующего дрона[-][/c][-][/c][-][/c]\n[c][ffffff][c][ffff00][c][ffffff]\n[i](Красная точка[/i][-][/c][-][/c][-][/c][i] на радаре.)[/i]\n[i]Стреляйте в глаз для максимального урона.)[/i]\n\n[c][c0c0c0][i][sub](Примечание: время на задание — около 5 минут)[/sub][/i][-][/c],,,,,,,,
pda_4caqqaG,---,,,,,,,,---,,,,,,,,
pda_qiWeKOS,Sig - on-  [c][ff8080]V[-][/c] -[c][ffffff] GenOffline[-][/c] & SVHangarOpen [i][c][ff8000](OffBy DBCoreKill) [-][/c][/i][c][ff8000]>C_Off >VisOff[-][/c],,,,,,,,Sig — on— [c][ff8080]V[-][/c] —[c][ffffff] генератор выключен[-][/c] и ангар SV открыт [i][c][ff8000](OffBy DBCoreKill) [-][/c][/i][c][ff8000]>C_Off >VisOff[-][/c],,,,,,,,
pda_SKeun00,...,,,,,,,,...,,,,,,,,
pda_iCu8WIW,...,,,,,,,,...,,,,,,,,
pda_a88GWKW,--,,,,,,,,--,,,,,,,,
pda_a8eSiaK,[c][0080ff](nPOI)[-][/c] - Use [c][ffffff]Warp[-][/c][c][ff8000][c][ffffff][-][/c][i] (RwBy: GalaxyMap)  [/i]>C_RwTsk[-][/c],,,,,,,,[c][0080ff](nPOI)[-][/c] — использовать [c][ffffff]варп[-][/c][c][ff8000][c][ffffff][-][/c][i] (RwBy: GalaxyMap)  [/i]>C_RwTsk[-][/c],,,,,,,,
pda_G8vuSOi,Interstellar Travel,,,,,,,,Межзвёздное путешествие,,,,,,,,
pda_mgS0O6K,"[c][ffffff]- [b]Fly towards[/b] orange [-][/c]target\n(""Heka Artemis"")\n- [c][00ff00][K] [-][/c][b][c][ffffff]to warp[-][/c][/b]\n[c][c0c0c0]\n[sup][i](If you do not see target, check screen edges, or try to re-select star in map.)[/i][/sup][-][/c]",,,,,,,,"[c][ffffff]- [b]Летите к[/b] оранжевой [-][/c]цели\n(«Heka Artemis»)\n- [c][00ff00][K] [-][/c][b][c][ffffff]для варпа[-][/c][/b]\n[c][c0c0c0]\n[sup][i](Если цель не видна, проверьте края экрана или попробуйте снова выбрать звезду на карте.)[/i][/sup][-][/c]",,,,,,,,
pda_SimOGeC,--,,,,,,,,--,,,,,,,,
pda_iaG84kC,[c][ffffff]pfEnt[-][/c] - Avoid the [c][ffffff]drones [-][/c][i][c][ff8000]([-][/c][/i][c][ff80ff][c][ff8000][i]RwByTsk: UseWarp)[/i]  >C_OnT x2[-][/c][-][/c],,,,,,,,[c][ffffff]pfEnt[-][/c] — избегайте [c][ffffff]дронов[-][/c] [i][c][ff8000]([-][/c][/i][c][ff80ff][c][ff8000][i]RwByTsk: UseWarp)[/i]  >C_OnT x2[-][/c][-][/c],,,,,,,,
pda_iqS84Oq,Space drones,,,,,,,,Космические дроны,,,,,,,,
pda_AamCCUI,Got detected!,,,,,,,,Вас обнаружили!,,,,,,,,
pda_88SWq28,---,,,,,,,,---,,,,,,,,
pda_S4um0eo,[c][0080ff](nPOI)[-][/c] - EvilHack [c][ffffff]Upgrade[-][/c] Drill (OnBy: CloneHome),,,,,,,,[c][0080ff](nPOI)[-][/c] — злой взлом[c][ffffff] улучшенной[-][/c] дрели (OnBy: CloneHome),,,,,,,,
pda_i8aSemi,???,,,,,,,,???,,,,,,,,
pda_204C4mH,...,,,,,,,,...,,,,,,,,
pda_8iqc8e4,---,,,,,,,,---,,,,,,,,
pda_q4Gqo4C,...,,,,,,,,...,,,,,,,,
pda_uW4m0OC,"[c][0080ff]nPOI[-][/c] - [c][ffffff]MarshNavi[-][/c]gate [i][c][ff8000](RwBy: ReaSett_TowDne, ReaSett_IslDne)  [-][/c][/i][c][ff8000]>C_On >C_OnT[-][/c]",,,,,,,,"[c][0080ff]nPOI[-][/c] — [c][ffffff]навигация по болотам[-][/c]ворота [i][c][ff8000](RwBy: ReaSett_TowDne, ReaSett_IslDne)  [-][/c][/i][c][ff8000]>C_On >C_OnT[-][/c]",,,,,,,,
pda_4Q0Euqq,Hoverbike handling,,,,,,,,Управление ховербайком,,,,,,,,
pda_O0qSwaO,[c][ffff00]Get to closer to the settlement.[-][/c]\n\n[c][c0c0c0]... Unlock camera:[-][/c][c][00ff00] [ Alt ][-][/c]\n[c][c0c0c0]Zoom in / out: [-][/c][c][00ff00][ MouseWheel ][-][/c],,,,,,,,[c][ffff00]Подъедьте ближе к поселению.[-][/c]\n\n[c][c0c0c0]... Разблокировать камеру:[-][/c][c][00ff00] [ Alt ][-][/c]\n[c][c0c0c0]Приблизить / отдалить: [-][/c][c][00ff00][ колесо мыши ][-][/c],,,,,,,,
pda_KeOe4qm,---,,,,,,,,---,,,,,,,,
pda_S84KIqa,...,,,,,,,,...,,,,,,,,
pda_ieQmiCq,--,,,,,,,,--,,,,,,,,
pda_m44mG4o,[i]< Switch to the Survival Tool's [c][ffffff][c][ffff00][b]Salvage [/b]mode[-][/c][-][/c] with[c][00ff00] [RMB][-][/c]. >[/i]\n[c][ffffff][-][/c]\n[i]<[c][ffffff] Collect some steel plates.[-][/c] >[/i],,,,,,,,[i]< Переключите инструмент выживания в [c][ffffff][c][ffff00][b]режим разбора[/b][-][/c][-][/c] клавишей[c][00ff00] [ПКМ][-][/c]. >[/i]\n[c][ffffff][-][/c]\n[i]<[c][ffffff] Соберите немного стальных пластин.[-][/c] >[/i],,,,,,,,
pda_eSaSeeS,Collect 10 steel plates,,,,,,,,Соберите 10 стальных пластин,,,,,,,,
pda_0Imq8W4,"[u]Smart cutting:[/u] (Planetside only)\n\nYou can [c][ffffff]salvage much faster[-][/c], if you [c][ffff00]remove the support[-][/c] of blocks, and [c][ffff00]pick up the debris by hand[-][/c] [c][00ff00][ F ] [-][/c].",,,,,,,,"[u]Умный разбор:[/u] (только на планете)\n\nМожно [c][ffffff]разбирать гораздо быстрее[-][/c], если [c][ffff00]убирать опору[-][/c] блоков и [c][ffff00]подбирать обломки вручную[-][/c] клавишей [c][00ff00][ F ] [-][/c].",,,,,,,,
pda_4IOiKSG,- [c][ffff00]Cut trough a section[-][/c] so that the upper part will fall down.\n- [c][ffff00]Pick it up[-][/c] by hand with [c][00ff00][ F ][-][/c],,,,,,,,"- [c][ffff00]Прорежьте участок[-][/c] так, чтобы верхняя часть упала.\n- [c][ffff00]Подберите её[-][/c] вручную клавишей [c][00ff00][ F ][-][/c]",,,,,,,,
pda_CKSi4Ge,--,,,,,,,,--,,,,,,,,
pda_mWCq8OS,< Good ! >,,,,,,,,< Хорошо! >,,,,,,,,
pda_KWuWLWa,...,,,,,,,,...,,,,,,,,
pda_u4iOi40,...,,,,,,,,...,,,,,,,,
pda_KOaqi4e,--,,,,,,,,--,,,,,,,,
pda_SWKemOW,[u][c][ffffff]Third person view[-][/c]:[/u]\n\n [c][00ff00][Alt][-][/c] for [c][ffff00]unlocked camera[-][/c]\n\n[i]( View distance: [/i][c][00ff00][MouseWheel][-][/c] [i])[/i],,,,,,,,[u][c][ffffff]Вид от третьего лица[-][/c]:[/u]\n\n [c][00ff00][Alt][-][/c] — [c][ffff00]свободная камера[-][/c]\n\n[i]( Дальность обзора: [/i][c][00ff00][колесо мыши][-][/c] [i])[/i],,,,,,,,
pda_KW8iieS,_____________ BEACH MAZE ______________,,,,,,,,_____________ ПЛЯЖНЫЙ ЛАБИРИНТ ______________,,,,,,,,
pda_GCWeeqi,--,,,,,,,,--,,,,,,,,
pda_mu48WGq,--,,,,,,,,--,,,,,,,,
pda_aWWGeWh,--,,,,,,,,--,,,,,,,,
pda_aCX4SeW,Press [c][00ff00][N][-][/c] for [c][ffffff]Building [-][/c]menu.\n\nSelect [b][[[/b][c][00ff00]Debug[-][/c][b]]][/b] tab.\n\nActivate '[c][00ff00]Show Oxygen[-][/c]'.\n\nCheck trail.,,,,,,,,"Нажмите [c][00ff00][N][-][/c], чтобы открыть [c][ffffff]меню строительства[-][/c].\n\nВыберите вкладку [b][[[/b][c][00ff00]Отладка[-][/c][b]]][/b].\n\nВключите «[c][00ff00]Показывать кислород[-][/c]».\n\nПроверьте след.",,,,,,,,
pda_ROgUaCa,New Action,,,,,,,,Новое действие,,,,,,,,
pda_Wq0SuO8,--,,,,,,,,--,,,,,,,,
pda_4uUCeqG,[c][0080ff]nPOI[-][/c] - Beach[c][ffffff]Maze[-][/c]  [i][c][ff8000](Offby: SettleConsole)[-][/c][/i],,,,,,,,[c][0080ff]nPOI[-][/c] — пляжный[c][ffffff] лабиринт[-][/c]  [i][c][ff8000](Offby: SettleConsole)[-][/c][/i],,,,,,,,
pda_a0SOuCS,Beach maze,,,,,,,,Пляжный лабиринт,,,,,,,,
pda_4Sa0Wme,... Use Map [c][ffffff][-][/c][c][00ff00][M][-][/c] to [c][ffffff]get to northern island[-][/c][c][00ff00][-][/c],,,,,,,,"... Используйте карту [c][ffffff][-][/c][c][00ff00][M][-][/c], чтобы [c][ffffff]добраться до северного острова[-][/c][c][00ff00][-][/c]",,,,,,,,
pda_u4iTSWO,---,,,,,,,,---,,,,,,,,
pda_6WICeta,[i]< Seems a bit like a [b]maze[/b]... >\n\n< ... Better [c][ffff00]check your directions[-][/c] with the [c][ffffff]map [-][/c][c][00ff00][M] [-][/c]>[/i],,,,,,,,[i]< Похоже на [b]лабиринт[/b]... >\n\n< ... Лучше [c][ffff00]проверяйте направление[-][/c] по [c][ffffff]карте[-][/c] [c][00ff00][M] [-][/c]>[/i],,,,,,,,
pda_WuWi800,Hoverbike handling,,,,,,,,Управление ховербайком,,,,,,,,
pda_8m0WaO6,[c][ffff00]Get to closer to the settlement.[-][/c]\n\n[c][c0c0c0]... Unlock camera:[-][/c][c][00ff00] [ Alt ][-][/c]\n[c][c0c0c0]Zoom in / out: [-][/c][c][00ff00][ MouseWheel ][-][/c],,,,,,,,[c][ffff00]Подъедьте ближе к поселению.[-][/c]\n\n[c][c0c0c0]... Разблокировать камеру:[-][/c][c][00ff00] [ Alt ][-][/c]\n[c][c0c0c0]Приблизить / отдалить: [-][/c][c][00ff00][ колесо мыши ][-][/c],,,,,,,,
pda_mammeKa,---,,,,,,,,---,,,,,,,,
pda_G8G80eG,PckUp - [c][ffffff]BikePickup[-][/c] & 3rd Person Cam [i][c][ff8000](C_OnTBy: MarshNavi)[-][/c][/i],,,,,,,,PckUp — [c][ffffff]подбор байка[-][/c] и камера от третьего лица [i][c][ff8000](C_OnTBy: MarshNavi)[-][/c][/i],,,,,,,,
pda_kS08kWL,View[c][ffffff] camera[-][/c],,,,,,,,Камера[c][ffffff] обзора[-][/c],,,,,,,,
pda_40aqCqC,Switch with[c][00ff00] [V][-][/c],,,,,,,,Переключение: [c][00ff00] [V][-][/c],,,,,,,,
pda_SCKeGSS,--,,,,,,,,--,,,,,,,,
pda_imOPWuC,"For more [c][ffffff]3rd person View,[-][/c] press [c][00ff00][V][-][/c].\n[i][/i]\n[i](Then [c][00ff00][Alt] [-][/c], [Mousewheel] as with the bike.)[/i]",,,,,,,,"Чтобы включить [c][ffffff]вид от третьего лица,[-][/c] нажмите [c][00ff00][V][-][/c].\n[i][/i]\n[i](Затем используйте [c][00ff00][Alt] [-][/c] и колесо мыши, как на байке.)[/i]",,,,,,,,
pda_UmqaG0m,"[i]< Wrecks like these, are a good source of [c][ffffff]steel[-][/c][/i][i] ... [/i][i]>[/i]",,,,,,,,[i]< Такие обломки — хороший источник [c][ffffff]стали[-][/c][/i][i]... [/i][i]>[/i],,,,,,,,
pda_qKi8WuG,...,,,,,,,,...,,,,,,,,
pda_Wii44WO,...,,,,,,,,...,,,,,,,,
pda_mi8aqgC,...,,,,,,,,...,,,,,,,,
pda_0mi0eqi,--,,,,,,,,--,,,,,,,,
pda_Sue0i4S,______________ [i](Spider lootbox)[/i],,,,,,,,______________ [i](Ящик с добычей паука)[/i],,,,,,,,
pda_7aqGG8i,--,,,,,,,,--,,,,,,,,
pda_a8eCG8e,--,,,,,,,,--,,,,,,,,
pda_6Oeoq4q,--,,,,,,,,--,,,,,,,,
pda_Kqf0G0a,[c][ff8080]Kill[-][/c] - [c][ffffff]Smallest Spid[-][/c]er [c][ff8000][i](OffBy: UsedConsole) [/i]>COff >C_Rew[-][/c][c][ffffff][i][b][c][ff8000][c][ffff00]>[-][/c][-][/c][/b][/i][-][/c][c][ff80ff][i][c][ffff00]FlotSig[-][/c] [/i][-][/c],,,,,,,,[c][ff8080]Убить[-][/c] — [c][ffffff]самый маленький паук[-][/c] [c][ff8000][i](OffBy: UsedConsole) [/i]>COff >C_Rew[-][/c][c][ffffff][i][b][c][ff8000][c][ffff00]>[-][/c][-][/c][/b][/i][-][/c][c][ff80ff][i][c][ffff00]FlotSig[-][/c] [/i][-][/c],,,,,,,,
pda_XSUGq4W,Smallest Spider,,,,,,,,Самый маленький паук,,,,,,,,
pda_G8CW80S,"[c][ffffff]Dlg[-][/c] - [c][ffffff]Used [-][/c]console, [c][ff8000]ByDialog [i][b]>CRewTask PDA Chapter  >C_OnOffT [/b][/i]>COff x2 >C_VisOff x1[-][/c]",,,,,,,,"[c][ffffff]Dlg[-][/c] — использована [c][ffffff]консоль[-][/c], [c][ff8000]ByDialog [i][b]>CRewTask PDA Chapter  >C_OnOffT [/b][/i]>COff x2 >C_VisOff x1[-][/c]",,,,,,,,
pda_ueiGSus,...,,,,,,,,...,,,,,,,,
pda_eji4WYe,[c][ff80ff][c][0080ff]nPOI[-][/c] [-][/c]- Hlp - [c][ffffff]Fell out[-][/c] of ship   [i][c][ff8000](OffBy:HangarLeave)[-][/c][/i],,,,,,,,[c][ff80ff][c][0080ff]nPOI[-][/c] [-][/c]— Hlp — [c][ffffff]выпал[-][/c] из корабля   [i][c][ff8000](OffBy:HangarLeave)[-][/c][/i],,,,,,,,
pda_CCee4eC,Activate Jetpack,,,,,,,,Включите реактивный ранец,,,,,,,,
pda_SKim0ei,(Accelerated by artificial gravity),,,,,,,,(Ускорен искусственной гравитацией),,,,,,,,
pda_88W85CK,--,,,,,,,,--,,,,,,,,
pda_tu84eOW,"[c][ffff00]Press:[-][/c][c][00ff00] [J][-][/c] for Jetpack.\n\n--------------------------\nThen:[c][00ff00][-][/c]\n[c][00ff00][Space] [-][/c]/[c][00ff00] [C] : [-][/c]Up / down[c][00ff00][-][/c], [c][00ff00][Q][-][/c],[c][00ff00] [E] [-][/c]roll[c][00ff00][-][/c]",,,,,,,,"[c][ffff00]Нажмите:[-][/c][c][00ff00] [J][-][/c], чтобы включить реактивный ранец.\n\n--------------------------\nЗатем:[c][00ff00][-][/c]\n[c][00ff00][Пробел] [-][/c]/[c][00ff00] [C] : [-][/c]Вверх / вниз[c][00ff00][-][/c], [c][00ff00][Q][-][/c],[c][00ff00] [E] [-][/c]крен[c][00ff00][-][/c]",,,,,,,,
pda_euiOmWu,"Stat - Wrn - [c][ffffff]No EVA[-][/c][i] [c][ff8000](OnBy: HangarLve, [-][/c][/i][c][ff8000][i]OffBy: TelePlanet)[/i][-][/c]",,,,,,,,"Stat — предупреждение — [c][ffffff]Нет EVA[-][/c][i] [c][ff8000](OnBy: HangarLve, [-][/c][/i][c][ff8000][i]OffBy: TelePlanet)[/i][-][/c]",,,,,,,,
pda_0KWmOu8,No EVA Booster!,,,,,,,,Нет усилителя EVA!,,,,,,,,
pda_DaGQiSu,Please return to the Armor locker,,,,,,,,"Пожалуйста, вернитесь к шкафу для брони",,,,,,,,
pda_i84qokc,--,,,,,,,,--,,,,,,,,
pda_CiqKeS7,"You are [c][ffffff]freezing [-][/c]! \n\n- Please [c][ffff00]return to the Armor Locker[-][/c], and \n\n- put the [c][ffff00]EVA booster into the armor[-][/c] slot.",,,,,,,,"Вы [c][ffffff]замерзаете[-][/c]!\n\n- Пожалуйста, [c][ffff00]вернитесь к шкафу для брони[-][/c] и\n\n- поместите [c][ffff00]усилитель EVA в слот брони[-][/c].",,,,,,,,
pda_eeaC0S0,[c][ff80ff]Check rw again[-][/c] itmPck_CrushStone x100 -rw- Mining note01 [c][ff8000][i](RwBy: StartDrillingPos)[/i][-][/c],,,,,,,,[c][ff80ff]Проверьте rw ещё раз[-][/c] itmPck_CrushStone x100 -rw- заметка о добыче01 [c][ff8000][i](RwBy: StartDrillingPos)[/i][-][/c],,,,,,,,
pda_GMmCSee,...,,,,,,,,...,,,,,,,,
pda_GimOOWU,"[u][c][ffffff]Galaxy map[-][/c] controls[/u]:\n\n[c][00ff00][W,A,S,D][-][/c] to move[c][00ff00][-][/c]\n[c][00ff00][LMB] + Drag [-][/c]to rotate\n\nHold [c][00ff00][Shift] [-][/c]to move faster,\n[c][00ff00][Shift] [-][/c] [c][00ff00]+ [Cntrl] [-][/c]for ultraspeed",,,,,,,,"[u][c][ffffff]Управление картой галактики[-][/c][/u]:\n\n[c][00ff00][W,A,S,D][-][/c] — перемещение[c][00ff00][-][/c]\n[c][00ff00][ЛКМ] + перетаскивание [-][/c]— поворот\n\nУдерживайте [c][00ff00][Shift] [-][/c], чтобы двигаться быстрее,\n[c][00ff00][Shift] [-][/c] [c][00ff00]+ [Cntrl] [-][/c]— для сверхскорости",,,,,,,,
pda_GWSW8mR,[i]< [c][ffffff]Leaving [-][/c][b]star system. [/b][/i]\n[i]- ... You did it! >[/i],,,,,,,,[i]< [c][ffffff]Покидаем [-][/c][b]звёздную систему. [/b][/i]\n[i]— ... Ты справился! >[/i],,,,,,,,
pda_SOCCaOO,Galaxy map,,,,,,,,Карта галактики,,,,,,,,
pda_mKuenGK,[u][c][ffff00]Select a warp target:[-][/c][/u]\n\n[c][00ff00][LMB][-][/c] on[c][ffffff] 'Heka Artemis'[-][/c]\nThen press [c][ffffff][[[-][/c] [c][00ff00]Lock Target [-][/c][c][ffffff]]][-][/c]  at lower screen edge\n\n---\n([b]Close map[/b] when you are done.),,,,,,,,"[u][c][ffff00]Выберите цель варпа:[-][/c][/u]\n\n[c][00ff00][ЛКМ][-][/c] по[c][ffffff] «Heka Artemis»[-][/c]\nЗатем нажмите [c][ffffff][[[-][/c] [c][00ff00]Зафиксировать цель [-][/c][c][ffffff]]][-][/c] внизу экрана\n\n---\n([b]Закройте карту[/b], когда закончите.)",,,,,,,,
pda_8KuYuGC,[i]< The target is [c][ff8000][b]Orange[/b][-][/c].[/i]\n[i][c][ffff00]Fly towards[-][/c] it.[/i]\n\n[i]... Then [c][ffffff]press [-][/c][c][00ff00][K][-][/c] for warp drive. >[/i],,,,,,,,"[i]< Цель [c][ff8000][b]оранжевая[/b][-][/c].[/i]\n[i][c][ffff00]Летите к[-][/c] ней.[/i]\n\n[i]... Затем [c][ffffff]нажмите [-][/c][c][00ff00][K][-][/c], чтобы включить варп-двигатель. >[/i]",,,,,,,,
pda_Gi8Q0CC,- [c][00ff00][LMB][-][/c] on star[c][ffffff] 'Heka Artemis'[-][/c]\n- [c][ffffff]Press [-][/c][[ [c][00ff00]Lock Target [-][/c]]] button,,,,,,,,- [c][00ff00][ЛКМ][-][/c] по звезде[c][ffffff] «Heka Artemis»[-][/c]\n- [c][ffffff]Нажмите [-][/c]кнопку [[ [c][00ff00]Зафиксировать цель [-][/c]]],,,,,,,,
pda_K4Kg6i0,--,,,,,,,,--,,,,,,,,
pda_m7iiuqu,[i]< [c][ffffff]There is nothing[-][/c] in this orbit... >[/i]\n\n[i]< We [c][ff8000]need a warp-capable[-][/c] vessel to leave this world. >[/i],,,,,,,,"[i]< В этой орбите [c][ffffff]ничего нет[-][/c]... >[/i]\n\n[i]< Нам нужен [c][ff8000]корабль с варп-двигателем[-][/c], чтобы покинуть этот мир. >[/i]",,,,,,,,
pda_CeSiWuO,Basic vessel controls[c][00ff00][-][/c]\n[c][00ff00][Y] : [-][/c]Power\n[c][00ff00][Shift] + [I] [-][/c]: Pilot modes\n[c][00ff00][Shift] : [-][/c]Upright vessel\n[c][00ff00][O][-][/c] : Auto-level,,,,,,,,Основное управление судном[c][00ff00][-][/c]\n[c][00ff00][Y] : [-][/c]Питание\n[c][00ff00][Shift] + [I] [-][/c]: Режимы пилота\n[c][00ff00][Shift] : [-][/c]Выпрямить судно\n[c][00ff00][O][-][/c] : Автовыравнивание,,,,,,,,
pda_0i000ue,Trg - Give token: All vessel conrols PLACEHOLDER,,,,,,,,Trg — выдать токен: всё управление судном ЗАГЛУШКА,,,,,,,,
pda_G8iOQqS,New Task,,,,,,,,Новое задание,,,,,,,,
pda_bqaiCuW,New Action,,,,,,,,Новое действие,,,,,,,,
pda_a0GiqA0,---,,,,,,,,---,,,,,,,,
pda_8GOaKG4,Loot the Drone,,,,,,,,Обыщите дрона,,,,,,,,
pda_mW7W94C,[b]Access enemy drone[/b] with [c][00ff00][F][-][/c],,,,,,,,[b]Получите доступ к вражескому дрону[/b] клавишей [c][00ff00][F][-][/c],,,,,,,,
pda_4MaKKq4,---,,,,,,,,---,,,,,,,,
pda_mkemaO4,Sig - [c][80ffff]CAL_Sv[-][/c] Reached [c][ffffff]SVHangar[-][/c] [c][ff8000]>RwT x2  >C_OffT x3[-][/c],,,,,,,,Sig — [c][80ffff]CAL_Sv[-][/c] достигнут [c][ffffff]ангар SV[-][/c] [c][ff8000]>RwT x2  >C_OffT x3[-][/c],,,,,,,,
pda_oI0WOuC,Prepare ship,,,,,,,,Подготовьте корабль,,,,,,,,
pda_8mqmSOq,Take Pentaxid,,,,,,,,Возьмите пентаксид,,,,,,,,
pda_VSOGiS4,---,,,,,,,,---,,,,,,,,
pda_MSeGuQ0,Take Oxygen,,,,,,,,Возьмите кислород,,,,,,,,
pda_GgWmSSW,--,,,,,,,,--,,,,,,,,
pda_OeSiOuS,"InOpP -[c][80ffff]CalSig_Sv[-][/c] [c][ffffff]Resource[-][/c]Box[c][ff8080]>C_On, >C_Off[-][/c]",,,,,,,,"InOpP —[c][80ffff]CalSig_Sv[-][/c] [c][ffffff]ящик с ресурсами[-][/c][c][ff8080]>C_On, >C_Off[-][/c]",,,,,,,,
pda_SSQeW4q,[i]( ... Extrapolating Flight Path... )[/i],,,,,,,,[i]( ... Расчёт траектории полёта... )[/i],,,,,,,,
pda_KCGW2KS,...,,,,,,,,...,,,,,,,,
pda_6GCWi4N,--,,,,,,,,--,,,,,,,,
pda_iC0048q,"[i]< Careful. you are [c][ffffff]getting hungry[-][/c]...>[/i]\n\n[i]< Be [b]warned[/b], non-refrigerated food does [c][ffffff]spoil[-][/c]. \nAlways have some spare. >[/i]",,,,,,,,"[i]< Осторожно, ты [c][ffffff]начинаешь голодать[-][/c]... >[/i]\n\n[i]< [b]Помни[/b], еда без охлаждения [c][ffffff]портится[-][/c]. \nВсегда держи немного про запас. >[/i]",,,,,,,,
pda_4WaKfSu,(Have food ready),,,,,,,,(Держите еду наготове),,,,,,,,
pda_qKuKieP,--,,,,,,,,--,,,,,,,,
pda_mmKG8Oq,_____________ COPPER MINE ______________,,,,,,,,_____________ МЕДНАЯ ШАХТА ______________,,,,,,,,
pda_KqoOuqC,--,,,,,,,,--,,,,,,,,
pda_SGCaaKG,xx,,,,,,,,xx,,,,,,,,
pda_07Pu48O,--,,,,,,,,--,,,,,,,,
pda_a3kKwC4,_____________ WEATHER STATION  ______________,,,,,,,,_____________ МЕТЕОСТАНЦИЯ ______________,,,,,,,,
pda_e44Cmqu,--,,,,,,,,--,,,,,,,,
pda_QOem2me,--,,,,,,,,--,,,,,,,,
pda_qu80SKS,--,,,,,,,,--,,,,,,,,
pda_uOamimT,Press [c][00ff00][N][-][/c] for [c][ffffff]Building [-][/c]menu.\n\nSelect [b][[[/b][c][00ff00]Debug[-][/c][b]]][/b] tab.\n\nActivate '[c][00ff00]Show Oxygen[-][/c]'.\n\nCheck trail.,,,,,,,,"Нажмите [c][00ff00][N][-][/c], чтобы открыть [c][ffffff]меню строительства[-][/c].\n\nВыберите вкладку [b][[[/b][c][00ff00]Отладка[-][/c][b]]][/b].\n\nВключите «[c][00ff00]Показывать кислород[-][/c]».\n\nПроверьте след.",,,,,,,,
pda_AvC4CKi,New Action,,,,,,,,Новое действие,,,,,,,,
pda_GWC0CC4,--,,,,,,,,--,,,,,,,,
pda_WqW8a4S,[c][0080ff](nPOI_2)[-][/c] - off - [c][80ffff][b]CAL4b[/b] [-][/c]- [c][ff8080]N&V[-][/c]- [c][ffffff]HoverbikeCraft[-][/c] [c][ff8080](ToRwBy: Tasks2) (RwBy: PCOpen) (OnBy: BridgeHoverbike) [-][/c][c][ff8000] >C_On x2  >C_Offx2[-][/c],,,,,,,,[c][0080ff](nPOI_2)[-][/c] — выкл. — [c][80ffff][b]CAL4b[/b] [-][/c]— [c][ff8080]N&V[-][/c]— [c][ffffff]создание ховербайка[-][/c] [c][ff8080](ToRwBy: Tasks2) (RwBy: PCOpen) (OnBy: BridgeHoverbike) [-][/c][c][ff8000] >C_On x2  >C_Offx2[-][/c],,,,,,,,
pda_0q4CCuO,Prepare crafting:,,,,,,,,Подготовьтесь к созданию:,,,,,,,,
pda_Sq4eCWW,"[i]< That impatient robot...[/i]\n[i]Always '[b]racing for the goal'[/b], and yet - [b]Never be happy [/b]with it. >[/i]\n\n[i]< It's better to cherish the activity itself...? >[/i]",,,,,,,,"[i]< Этот нетерпеливый робот...[/i]\n[i]Вечно «[b]стремится к цели[/b]», но при этом [b]никогда не радуется[/b] её достижению. >[/i]\n\n[i]< Может, лучше ценить сам процесс...? >[/i]",,,,,,,,
pda_0qSG8Oa,"Use your Armor's [c][ffffff][c][ffff00]Jetpack[-][/c] [-][/c]to fly to the cargo box.\n\n[i][c][00ff00][J] [-][/c][c][ffff00]to activate[-][/c][/i]\n[i][c][00ff00][Space, C] [-][/c]up, Down [/i]\n[i][c][00ff00][Q. E][-][/c] Roll[/i]",,,,,,,,"Используйте [c][ffffff][c][ffff00]реактивный ранец[-][/c] [-][/c]брони, чтобы долететь до грузового ящика.\n\n[i][c][00ff00][J] [-][/c][c][ffff00]— включить[-][/c][/i]\n[i][c][00ff00][Пробел, C] [-][/c]— вверх, вниз [/i]\n[i][c][00ff00][Q, E][-][/c] — крен[/i]",,,,,,,,
pda_q9OemmW,"[i]< [c][ffffff]Drill[-][/c], [c][ffffff]build[-][/c], [c][ffffff]scout[-][/c]... [/i][i]- - Stats are really impressive... [/i][i]>[/i]\n\n[i]< Seems it can do it [b]all [/b]- Except [b]shooting[/b]. >[/i]\n[i][/i]\n[i]< ... Use [c][00ff00][Shift] [-][/c]to [c][ffffff]move faster[-][/c]. >[/i]",,,,,,,,"[i]< [c][ffffff]Бурить[-][/c], [c][ffffff]строить[-][/c], [c][ffffff]разведывать[-][/c]... [/i][i]— характеристики действительно впечатляют... [/i][i]>[/i]\n\n[i]< Похоже, он умеет [b]всё[/b], кроме [b]стрельбы[/b]. >[/i]\n[i][/i]\n[i]< ... Используйте [c][00ff00][Shift] [-][/c], чтобы [c][ffffff]двигаться быстрее[-][/c]. >[/i]",,,,,,,,
pda_KCmuieO,...,,,,,,,,...,,,,,,,,
pda_WKC88aW,--,,,,,,,,--,,,,,,,,
pda_8aC8Weq,Hoverbike,,,,,,,,Ховербайк,,,,,,,,
pda_IaGOK8W,...,,,,,,,,...,,,,,,,,
pda_KiC4GOa,--,,,,,,,,--,,,,,,,,
pda_KK8C0aO,Craft / invC /itmPck - [c][ffffff]Gained [-][/c]Tent [c][80ffff]CalSigTent[-][/c]  [c][ff8000][i](OffBy:TentTB & TentPlc) [/i][-][/c][c][ff8080][c][ff8000]>C_off[-][/c][-][/c],,,,,,,,Craft / invC /itmPck — [c][ffffff]получена[-][/c] палатка [c][80ffff]CalSigTent[-][/c]  [c][ff8000][i](OffBy:TentTB & TentPlc) [/i][-][/c][c][ff8080][c][ff8000]>C_off[-][/c][-][/c],,,,,,,,
pda_mgW08ee,Tent,,,,,,,,Палатка,,,,,,,,
pda_uuOi4Gm,Put[c][ffff00] into toolbar[-][/c],,,,,,,,Поместите[c][ffff00] на панель быстрого доступа[-][/c],,,,,,,,
pda_4u0Gm8G,--,,,,,,,,--,,,,,,,,
pda_0uGe4q8,"[i]< A [c][ffffff]Tent[-][/c], very good! >[/i]\n\n[i]< To [b]use[/b], put it [c][ffff00]into your toolbar[-][/c]. >[/i]",,,,,,,,"[i]< [c][ffffff]Палатка[-][/c] — отлично! >[/i]\n\n[i]< Чтобы [b]использовать[/b] её, поместите [c][ffff00]на панель быстрого доступа[-][/c]. >[/i]",,,,,,,,
pda_iG8Uuq8,TlbC - Tent in [c][ffffff]toolbar [-][/c]- how to place [c][80ffff]CalSigTent [-][/c][i][c][ff8000]>C_Off (OffBy:TentPlc) [-][/c][/i],,,,,,,,TlbC — палатка на [c][ffffff]панели быстрого доступа[-][/c] — как разместить [c][80ffff]CalSigTent [-][/c][i][c][ff8000]>C_Off (OffBy:TentPlc) [-][/c][/i],,,,,,,,
pda_SG8GGSC,Place tent,,,,,,,,Установите палатку,,,,,,,,
pda_CSK7aek,Select & place on ground with [c][00ff00][LMB][-][/c],,,,,,,,Выберите и разместите на земле с помощью [c][00ff00][ЛКМ][-][/c],,,,,,,,
pda_KWGiO4e,--,,,,,,,,--,,,,,,,,
pda_Gi8WWeW,test,,,,,,,,тест,,,,,,,,
pda_HKOeKSN,Crft - on- Crafted [c][ffffff]BikeComponents [i][c][ff8000](OffBy: Craft& Found& Toolbar) [-][/c][/i][c][ff8000]>C_off[-][/c][i][c][ff8000][-][/c][/i][-][/c],,,,,,,,Crft — on— созданы [c][ffffff]компоненты байка [i][c][ff8000](OffBy: Craft& Found& Toolbar) [-][/c][/i][c][ff8000]>C_off[-][/c][i][c][ff8000][-][/c][/i][-][/c],,,,,,,,
pda_mWOKWGC,Component,,,,,,,,Компонент,,,,,,,,
pda_0Ti8iK9,... crafted.,,,,,,,,... создан.,,,,,,,,
pda_SmsC48G,--,,,,,,,,--,,,,,,,,
pda_aSSFu04,invCc - Gained [c][ffffff]Pistol[-][/c],,,,,,,,invCc — получен [c][ffffff]пистолет[-][/c],,,,,,,,
pda_UmK4S4C,Gained:,,,,,,,,Получено:,,,,,,,,
pda_WO0qOE8,Pistol,,,,,,,,Пистолет,,,,,,,,
pda_O4WKOik,--,,,,,,,,--,,,,,,,,
pda_4G4teGg,invCc - Gained [c][ffffff]Shotgun [-][/c][i][c][ff8000]([-][/c][c][ff8000]OffBy:CoreClaimFarm & HRExit & Doorhack & DoorExplde)[-][/c][/i][c][ffffff][-][/c][c][ff8000] >CRew [-][/c],,,,,,,,invCc — получен [c][ffffff]дробовик[-][/c][i][c][ff8000]([-][/c][c][ff8000]OffBy:CoreClaimFarm & HRExit & Doorhack & DoorExplde)[-][/c][/i][c][ffffff][-][/c][c][ff8000] >CRew [-][/c],,,,,,,,
pda_KiGiS4m,Gained:,,,,,,,,Получено:,,,,,,,,
pda_Oe8SCCG,Shotgun,,,,,,,,Дробовик,,,,,,,,
pda_2SGWq0G,--,,,,,,,,--,,,,,,,,
pda_9eK8ueu,[i]< Devastating at close range ... >[/i],,,,,,,,[i]< На близкой дистанции он разрушителен... >[/i],,,,,,,,
pda_Sew84KC,InvCc - Gained Assault Rifle [c][ffffff][-][/c][i][c][ff8000]([-][/c][c][ff8000]OffBy:CoreClaimFarm)[-][/c][/i][c][ffffff][-][/c][c][ff8000] >CRew [-][/c],,,,,,,,InvCc — получена штурмовая винтовка [c][ffffff][-][/c][i][c][ff8000]([-][/c][c][ff8000]OffBy:CoreClaimFarm)[-][/c][/i][c][ffffff][-][/c][c][ff8000] >CRew [-][/c],,,,,,,,
pda_O4G0u8K,Gained:,,,,,,,,Получено:,,,,,,,,
pda_miGeGCo,Assault Rifle,,,,,,,,Штурмовая винтовка,,,,,,,,
pda_G4Uiu05,--,,,,,,,,--,,,,,,,,
pda_euuX48G,[i]< Jack-of-all-trades weapon. >[/i],,,,,,,,[i]< Универсальное оружие. >[/i],,,,,,,,
pda_4SqO408,invCc - Gained [c][ffffff]Sniper [-][/c][i][c][ff8000]>CRew[-][/c][/i],,,,,,,,invCc — получена [c][ffffff]снайперская винтовка[-][/c][i][c][ff8000]>CRew[-][/c][/i],,,,,,,,
pda_W6u004x,Gained:,,,,,,,,Получено:,,,,,,,,
pda_CwOe24m,Sniper,,,,,,,,Снайперская винтовка,,,,,,,,
pda_uiqaSaq,--,,,,,,,,--,,,,,,,,
pda_GWOKKWi,[i]< Only really effective on head shots. [/i]\n[i]... But will double as a [b]spyglass[/b]. [c][00ff00][RMB][-][/c] >[/i],,,,,,,,[i]< По-настоящему эффективна только при попадании в голову. [/i]\n[i]... Но также послужит [b]подзорной трубой[/b]. [c][00ff00][ПКМ][-][/c] >[/i],,,,,,,,
pda_GCeqSGq,InvC - Gained [c][ffffff]Rocket Launcher[-][/c],,,,,,,,InvC — получена [c][ffffff]ракетница[-][/c],,,,,,,,
pda_5kO0Km4,Gained:,,,,,,,,Получено:,,,,,,,,
pda_a8GCCul,Rocket Launcher,,,,,,,,Ракетница,,,,,,,,
pda_ZSOSmJ8,--,,,,,,,,--,,,,,,,,
pda_Ci0qa00,"[i]< Alright! ... THIS is the stuff you need to take down an enemy base's [b]sentry turret[/b]... - - But [c][ffffff]trees [-][/c]might do, too ! >[/i]",,,,,,,,"[i]< Отлично! ... Вот что нужно, чтобы уничтожать [b]защитные турели[/b] вражеской базы... — хотя [c][ffffff]деревья[-][/c] тоже могут сгодиться! >[/i]",,,,,,,,
pda_KCKae06,WnCls_GunSc- on - [c][ffffff]Ammo[-][/c]MatsSniper[i][c][ff8000] (ToRwBy:Tasks 3) (RwBy:(Weapons) (OffBy: TTAmmoMats & EnterMine & GoToHeatRad )[-][/c][/i],,,,,,,,WnCls_GunSc— on — [c][ffffff]материалы для боеприпасов[-][/c]снайпера[i][c][ff8000] (ToRwBy:Tasks 3) (RwBy:(Weapons) (OffBy: TTAmmoMats & EnterMine & GoToHeatRad )[-][/c][/i],,,,,,,,
pda_m4eOSe0,Ammo crafting,,,,,,,,Создание боеприпасов,,,,,,,,
pda_H4WW8OO,...,,,,,,,,...,,,,,,,,
pda_OWWm4a6,--,,,,,,,,--,,,,,,,,
pda_02CWauO,"[i]< This weapon needs [c][ffffff]ammo[-][/c]. [/i]\n[i]... Which [c][ffff00]needs resources [-][/c]of [b]iron[/b], [b]copper [/b]and organics like [b]wood[/b]. >[/i]\n[i][/i]\n[i]< To craft it, the [b]tech[/b] has to be [c][ffffff]unlocked[-][/c], too... >[/i]",,,,,,,,"[i]< Этому оружию нужны [c][ffffff]боеприпасы[-][/c]. [/i]\n[i]... Для них требуются [c][ffff00]ресурсы[-][/c]: [b]железо[/b], [b]медь[/b] и органика, например [b]древесина[/b]. >[/i]\n[i][/i]\n[i]< Чтобы их создать, также нужно [c][ffffff]открыть[-][/c] соответствующую [b]технологию[/b]... >[/i]",,,,,,,,
pda_eieE0K0,...,,,,,,,,...,,,,,,,,
pda_I4GWsu2,--,,,,,,,,--,,,,,,,,
pda_sSQCZGE,...,,,,,,,,...,,,,,,,,
pda_aiSK4We,--,,,,,,,,--,,,,,,,,
pda_aeSiScO,...,,,,,,,,...,,,,,,,,
pda_CmmiCEu,--,,,,,,,,--,,,,,,,,
pda_8GGYg8a,"To [c][ffff00]swim[-][/c], keep your [c][ffffff]hands free[-][/c].\n[i]( E.g. select your Toolbar slot zero. )[/i]",,,,,,,,"Чтобы [c][ffff00]плавать[-][/c], держите [c][ffffff]руки свободными[-][/c].\n[i](Например, выберите нулевой слот панели быстрого доступа.)[/i]",,,,,,,,
pda_YS4phCK,[c][0080ff]nUnit[-][/c] - Spider [c][ffffff]Lootbox[-][/c] [i][c][ff80ff][c][ff8000](RewBy: SpiderKill.) (OffBy:SpiderLoot &TentGain & TentPlace)[-][/c][-][/c][/i],[-][/c] [c][ff8000]OffBy ClsBox)[-][/c][-][/c][/i],,,,,,,[c][0080ff]nUnit[-][/c] — ящик с [c][ffffff]добычей паука[-][/c] [i][c][ff80ff][c][ff8000](RewBy: SpiderKill.) (OffBy:SpiderLoot &TentGain & TentPlace)[-][/c][-][/c][/i],,,,,,,,
pda_iKKe6CC,Supplies found,,,,,,,,Найдены припасы,,,,,,,,
pda_iRue8uu,...,,,,,,,,...,,,,,,,,
pda_SWS4Meu,---,,,,,,,,---,,,,,,,,
pda_IeWKGuu,...,,,,,,,,...,,,,,,,,
pda_O0e4MCm,...,,,,,,,,...,,,,,,,,
pda_40gue4C,--,,,,,,,,--,,,,,,,,
pda_uOSqGiq,"[i]< ... You will [c][ffffff]lose [-][/c][b]some [/b]of the materials, though ... >[/i]\n[i][/i]\n[i]< Just do it [b]for basic [/b]things. >[/i]",,,,,,,,[i]< ... Но часть материалов [c][ffffff]будет потеряна[-][/c]... >[/i]\n[i][/i]\n[i]< Делайте так только для [b]простых[/b] вещей. >[/i],,,,,,,,
pda_8e8WmKa,[c][ff8080]Unlock[-][/c] - [c][ff8080]V1[-][/c]_on- [c][ffffff]Direct[-][/c]Unlock PC & craft it [c][ff8000][i][c][ff8080](OffByT: CarbonR) [-][/c][/i][-][/c][c][ff8000][i][c][ff8080](OffBy: Techtree)  [-][/c][/i][-][/c][c][ff8000][i][c][ff8080]>C_Off x2 [-][/c][/i]>C_On[-][/c],,,,,,,,[c][ff8080]Разблокировать[-][/c] — [c][ff8080]V1[-][/c]_on— [c][ffffff]прямая[-][/c] разблокировка ПК и создание [c][ff8000][i][c][ff8080](OffByT: CarbonR) [-][/c][/i][-][/c][c][ff8000][i][c][ff8080](OffBy: Techtree)  [-][/c][/i][-][/c][c][ff8000][i][c][ff8080]>C_Off x2 [-][/c][/i]>C_On[-][/c],,,,,,,,
pda_qmChCqK,A new Constructor,,,,,,,,Новый конструктор,,,,,,,,
pda_WaCWeq4,Open Inventory [c][00ff00][Tab][-][/c],,,,,,,,Откройте инвентарь [c][00ff00][Tab][-][/c],,,,,,,,
pda_G40A0e8,--,,,,,,,,--,,,,,,,,
pda_an8CaSe,"To craft, click on the [c][ffff80]picture of the Portable Contstructor[-][/c]. >>",,,,,,,,"Чтобы создать, нажмите на [c][ffff80]изображение портативного конструктора[-][/c]. >>",,,,,,,,
pda_umiq0Gu,Craft [c][ffff00]Portable Constructor[-][/c]\nin [c][ffffff]SuitConstructor[-][/c]\n[i](Click on pic at right side)[/i],,,,,,,,Создайте [c][ffff00]портативный конструктор[-][/c]\nв [c][ffffff]конструкторе костюма[-][/c]\n[i](Нажмите на изображение справа)[/i],,,,,,,,
pda_8eGKmbW,--,,,,,,,,--,,,,,,,,
pda_iOKu4AC,"[i]< Crafting needs [c][ffff80]time[-][/c]...\nYou can [c][ffffff]skip [-][/c]things during [c][ffffff]sleep[-][/c]. >[/i]\n\n[sub]... Or could adjust the game's [c][ffffff]difficulty settings[-][/c]. \n(->Either at game start, or ""[b]Resume Game[/b]"" Menu)[/sub]",,,,,,,,"[i]< Создание требует [c][ffff80]времени[-][/c]... \nМожно [c][ffffff]пропускать[-][/c] процессы во время [c][ffffff]сна[-][/c]. >[/i]\n\n[sub]... Или настроить [c][ffffff]параметры сложности[-][/c] игры. \n(-> либо при начале игры, либо в меню «[b]Продолжить игру[/b]»)[/sub]",,,,,,,,
pda_wOO8uCa,[i]< Open inventory [/i][c][ffff80][c][00ff00][Tab][-][/c][-][/c] [i]>[/i]\n\n[i]< Craft the [c][ffffff]Portable Constructor[-][/c] in your [/i][c][ffff80][i]Survival (Suit)[/i] [-][/c][i]>[/i],,,,,,,,[i]< Откройте инвентарь [/i][c][ffff80][c][00ff00][Tab][-][/c][-][/c] [i]>[/i]\n\n[i]< Создайте [c][ffffff]портативный конструктор[-][/c] в [/i][c][ffff80][i]конструкторе выживания (костюма)[/i] [-][/c][i]>[/i],,,,,,,,
pda_8OKqgu4,Resources,,,,,,,,Ресурсы,,,,,,,,
pda_8m4SC0W,"[c][0080ff]nPOI[-][/c] -on- V - [c][ffffff]NoWeap[-][/c]Warn Critters[c][ff80ff] [i][c][ff8000](OffByT:PCCrafts, CheckTowEarly) (OnBy: BackToBeach) >C_Rw[-][/c][/i][-][/c]",,,,,,,,"[c][0080ff]nPOI[-][/c] —on— V — [c][ffffff]предупреждение: нет оружия[-][/c] существа[c][ff80ff] [i][c][ff8000](OffByT:PCCrafts, CheckTowEarly) (OnBy: BackToBeach) >C_Rw[-][/c][/i][-][/c]",,,,,,,,
pda_6KCe4Wi,Critters here,,,,,,,,Здесь есть существа,,,,,,,,
pda_0Ceu4ia,New Tech,,,,,,,,Новая технология,,,,,,,,
pda_G05uuq4,...,,,,,,,,...,,,,,,,,
pda_qT80axi,...,,,,,,,,...,,,,,,,,
pda_uWCPCie,"[i]< ... Pistols... They can even down an [b]enemy drone[/b], if aimed at the weak spot ... >[/i]",,,,,,,,"[i]< ... Пистолеты... Они могут уничтожить даже [b]вражеского дрона[/b], если целиться в слабое место... >[/i]",,,,,,,,
pda_aOGO4iG,HoldItm_Weapon -on- How to [c][ffffff]reload[-][/c] [c][ff80ff][-][/c][c][ff8000][i](Offby:DoorExplode&DoorHack)[/i][-][/c],,,,,,,,HoldItm_Weapon —on— как [c][ffffff]перезаряжать[-][/c] [c][ff80ff][-][/c][c][ff8000][i](Offby:DoorExplode&DoorHack)[-][/c][/i],,,,,,,,
pda_jaqamGq,How to (re)load,,,,,,,,Как (пере)заряжать,,,,,,,,
pda_A0COmWm,"Have ammo, then press[c][00ff00] [R][-][/c]",,,,,,,,"Возьмите боеприпасы, затем нажмите[c][00ff00] [R][-][/c]",,,,,,,,
pda_GeOq4Su,--,,,,,,,,--,,,,,,,,
pda_eoiKOCW,[u][c][ffffff]Re[-][/c][c][ffffff]load[-][/c][/u] a weapon / tool:\nPress [c][00ff00][R][-][/c]\n[c][00ff00][-][/c]\n--[c][00ff00][-][/c]\n[c][ffffff]Aim[-][/c]:[c][00ff00] [RMB][-][/c],,,,,,,,[u][c][ffffff]Перезарядка[-][/c][/u] оружия / инструмента:\nНажмите [c][00ff00][R][-][/c]\n[c][00ff00][-][/c]\n--[c][00ff00][-][/c]\n[c][ffffff]Прицеливание[-][/c]:[c][00ff00] [ПКМ][-][/c],,,,,,,,
pda_eeu08O6,...,,,,,,,,...,,,,,,,,
pda_CCSKqGK,"[c][0080ff]nPOI[-][/c] -[c][ffffff] OreProcesso[-][/c]r & sneak[c][ffffff] [c][ff80ff][i][c][ff8000](OnBy:PromRes)[-][/c][/i] [-][/c][c][ff8000]>>C_OnT x3, C_OffT [-][/c][-][/c][c][ffff80]DevicePow[-][/c]",,,,,,,,"[c][0080ff]nPOI[-][/c] —[c][ffffff] перерабатывающий руду[-][/c] завод и скрытность[c][ffffff] [c][ff80ff][i][c][ff8000](OnBy:PromRes)[-][/c][/i] [-][/c][c][ff8000]>>C_OnT x3, C_OffT [-][/c][-][/c][c][ffff80]DevicePow[-][/c]",,,,,,,,
pda_uS0u8iC,Collecting a Scanner,,,,,,,,Получение сканера,,,,,,,,
pda_WI6WeCe,Go to entry door\n[sup](Ore Processor building)[/sup],,,,,,,,Идите к входной двери\n[sup](здание переработки руды)[/sup],,,,,,,,
pda_uODCaCm,--,,,,,,,,--,,,,,,,,
pda_qCSuiKC,Prepare to Claim,,,,,,,,Подготовьтесь к захвату,,,,,,,,
pda_GqqYiG0,Open Cargo Palette\n[sup](here in this room)[/sup],,,,,,,,"Откройте грузовую паллету\n[sup](здесь, в этой комнате)[/sup]",,,,,,,,
pda_WKaGGWq,--,,,,,,,,--,,,,,,,,
pda_f44CKee,[i]( Danger )[/i],,,,,,,,[i]( Опасность )[/i],,,,,,,,
pda_C8IeO0K,"[i]< [c][ffff00]Take the Core[-][/c], and that [b]weapon[/b], too. [/i]\n[i]... We will need it shortly... , because ...  >[/i]",,,,,,,,"[i]< [c][ffff00]Возьмите ядро[-][/c] и то [b]оружие[/b] тоже. [/i]\n[i]... Скоро они нам понадобятся, потому что... >[/i]",,,,,,,,
pda_SuSCmi8,Remove Enemy Core,,,,,,,,Удалите вражеское ядро,,,,,,,,
pda_JKemm0C,"""Shoot the Core.""",,,,,,,,«Стреляйте в ядро».,,,,,,,,
pda_a0iWuGa,--,,,,,,,,--,,,,,,,,
pda_4Cqms8s,"Take Core from Palette, put into Toolbar",,,,,,,,Возьмите ядро с паллеты и поместите на панель быстрого доступа,,,,,,,,
pda_WGCWqGm,--,,,,,,,,--,,,,,,,,
pda_GCCmqb0,"[i]< ... I have trouble to [b]re-hack [/b]this other Core. >[/i]\n\n[i]< There can only be one [b]Core [/b]... on a structure.[/i]\n[i]- You have to [c][ffff00]destroy it[-][/c], to be able to [c][ffffff]place your own[-][/c]. >[/i]",,,,,,,,"[i]< ... Мне трудно [b]перевзломать[/b] это другое ядро. >[/i]\n\n[i]< На конструкции может быть только одно [b]ядро[/b]...[/i]\n[i]— Нужно [c][ffff00]уничтожить[-][/c] его, чтобы [c][ffffff]установить своё[-][/c]. >[/i]",,,,,,,,
pda_4kfGimw,"[c][ffff80]Place missing devices[-][/c]\n[c][c0c0c0][i][sub](Select in Toolbar,[/sub][/i][-][/c]\n[c][c0c0c0][i][sup]place at empty spot)[/sup][/i][-][/c]",,,,,,,,"[c][ffff80]Установите недостающие устройства[-][/c]\n[c][c0c0c0][i][sub](Выберите на панели быстрого доступа,[/sub][/i][-][/c]\n[c][c0c0c0][i][sup]разместите в пустом месте)[/sup][/i][-][/c]",,,,,,,,
pda_uwE8Wa8,Place [b]Generator[/b],,,,,,,,Установите [b]генератор[/b],,,,,,,,
pda_CfiKSW8,---,,,,,,,,---,,,,,,,,
pda_WCiKGCm,[c][0080ff]nPOI[-][/c] - Busy [c][ffffff]hub[-][/c] [c][ff8000][i](OnBy: MarshNavi) (Offby: SettleConsole)[/i][-][/c],,,,,,,,[c][0080ff]nPOI[-][/c] — оживлённый [c][ffffff]узел[-][/c] [c][ff8000][i](OnBy: MarshNavi) (Offby: SettleConsole)[/i][-][/c],,,,,,,,
pda_CuGqO83,...,,,,,,,,...,,,,,,,,
pda_KiCa8CW,...,,,,,,,,...,,,,,,,,
pda_Km404aq,---,,,,,,,,---,,,,,,,,
pda_aWqM04a,[i]< This place ... It used to be a busy hub ... [/i]\n[i]What [b]happened [/b]here ...? >[/i],,,,,,,,[i]< Это место... Раньше здесь был оживлённый узел... [/i]\n[i]Что [b]случилось[/b] здесь...? >[/i],,,,,,,,
pda_S0hmWWK,[i]< That ... over there is an Ore Processing station ![/i]\n[i]It might have still [c][ffffff]some useful gear [-][/c]..[/i][i]. for this? >[/i],,,,,,,,"[i]< Там... вон там находится станция переработки руды![/i]\n[i]Возможно, там ещё осталось [c][ffffff]полезное снаряжение[-][/c]... для этого? >[/i]",,,,,,,,
pda_SGS5iF4,[c][0080ff]nPOI[-][/c] - [c][ff8080]N[-][/c] - [c][ffffff]PromRes[-][/c] & Ore scanner [i][c][ff8000](OnBy:PromDepFrst) [-][/c][/i][c][ff8000]>C_OnT  >C_Off [-][/c][c][ffff80]&DevicePow[-][/c],,,,,,,,[c][0080ff]nPOI[-][/c] — [c][ff8080]N[-][/c] — [c][ffffff]ресурсы прометия[-][/c] и сканер руды [i][c][ff8000](OnBy:PromDepFrst) [-][/c][/i][c][ff8000]>C_OnT  >C_Off [-][/c][c][ffff80]&DevicePow[-][/c],,,,,,,,
pda_uau4Kmq,Claim the Base,,,,,,,,Захватите базу,,,,,,,,
pda_qOmSOSS,"Place your Core at a safe spot\n[i][c][c0c0c0][sub](Put into toolbar, select, [LMB])[/sub][-][/c][/i]",,,,,,,,"Разместите своё ядро в безопасном месте\n[i][c][c0c0c0][sub](Поместите на панель быстрого доступа, выберите, [ЛКМ])[/sub][-][/c][/i]",,,,,,,,
pda_qqasvOi,--,,,,,,,,--,,,,,,,,
pda_GOaK0GW,"[i]< Still a bit broken, but - - This [c][ffffff]place is now [b]yours[/b][-][/c]. >[/i]",,,,,,,,"[i]< Всё ещё немного повреждено, но... теперь это [c][ffffff]место [b]ваше[/b][-][/c]. >[/i]",,,,,,,,
pda_uI8eeGW,"[i]< Since you are now the [b]Owner[/b], you have [c][ffffff]full control [-][/c]over this Base. >[/i]\n\n[i]< Try it! - [c][ffff00]Point at the floor[-][/c], and press [c][00ff00][P] [-][/c]... >[/i]",,,,,,,,"[i]< Теперь, когда вы [b]владелец[/b], у вас есть [c][ffffff]полный контроль[-][/c] над этой базой. >[/i]\n\n[i]< Попробуйте! — [c][ffff00]Наведите курсор на пол[-][/c] и нажмите [c][00ff00][P] [-][/c]... >[/i]",,,,,,,,
pda_GmACGja,"[i]< Hm, seems I [b]cannot breach [/b]this door ... >[/i]\n\n[i]< But one moment - >[/i]",,,,,,,,"[i]< Хм, похоже, я [b]не могу взломать[/b] эту дверь... >[/i]\n\n[i]< Но, секундочку... >[/i]",,,,,,,,
pda_KiCWie0,Alternative Entry,,,,,,,,Альтернативный вход,,,,,,,,
pda_aSeOe0a,...,,,,,,,,...,,,,,,,,
pda_JCGqKWb,...,,,,,,,,...,,,,,,,,
pda_84aAtm4,[i]< Unlocked [b]a maintenance hatch[/b]. > [/i]\n\n[i]< ... It is at the [c][ffffff]top of the building[-][/c].[/i]\n[i]With the [c][ffff00]Tool drone [-][/c][c][00ff00][ F5 ] [-][/c]you should be able to get in. >[/i],,,,,,,,[i]< Открылся [b]технический люк[/b]. > [/i]\n\n[i]< ... Он находится [c][ffffff]на крыше здания[-][/c].[/i]\n[i]С [c][ffff00]дроном-инструментом[-][/c] [c][00ff00][ F5 ] [-][/c] вы сможете попасть внутрь. >[/i],,,,,,,,
pda_C8SumOM,Alternative Entry,,,,,,,,Альтернативный вход,,,,,,,,
pda_WbeWiWG,Use [c][ffff00][b]Tool Drone[/b][-][/c] [c][00ff00][ F5 ] [-][/c]to enter building through[c][ffffff] [c][ffff00]roof[-][/c] [b]hatch[/b][-][/c],,,,,,,,"Используйте [c][ffff00][b]дрон-инструмент[/b][-][/c] [c][00ff00][ F5 ] [-][/c], чтобы попасть в здание через[c][ffffff] [c][ffff00]люк[-][/c] на [b]крыше[-][/c]",,,,,,,,
pda_4NTGmiW,--,,,,,,,,--,,,,,,,,
pda_GSjKc8H,Drone Scouting,,,,,,,,Разведка дроном,,,,,,,,
pda_OCuA0kq,- Fly inside                      \n - Get close to Backpack\n- Access it with [c][00ff00][ F ][-][/c]          [c][00ff00][-][/c],,,,,,,,- Залетите внутрь                      \n - Подлетите к рюкзаку\n- Откройте его клавишей [c][00ff00][ F ][-][/c]          [c][00ff00][-][/c],,,,,,,,
pda_MvK0eaa,--,,,,,,,,--,,,,,,,,
pda_meWYaqG,"[i]< Detecting a container, - a '[c][ffffff]backpack[-][/c]' ...?[/i]\n[i]It might contain what we need. >[/i]\n\n[i]< - Check out the [c][ffff00]lower floor[-][/c] hall ! >[/i]",,,,,,,,"[i]< Обнаружен контейнер — «[c][ffffff]рюкзак[-][/c]»...?[/i]\n[i]Возможно, там есть то, что нам нужно. >[/i]\n\n[i]< — Проверьте зал на [c][ffff00]нижнем этаже[-][/c]! >[/i]",,,,,,,,
pda_8imiu0i,"[i]<  This is - - hm.[/i]\n[i]... Sneak past those [b]critters [/b]... - >[/i]\n[i][/i]\n[i]< At the [c][ffffff]end of this hall[-][/c]. [/i]\n[i][c][ffff00]Access the Backpack[-][/c], and [c][ffff00]collect [-][/c]the gear. >[/i]",,,,,,,,[i]< Это... хм.[/i]\n[i]... Прокрадитесь мимо этих [b]существ[/b]... >[/i]\n\n[i]< В [c][ffffff]конце этого зала[-][/c]. [/i]\n[i][c][ffff00]Откройте рюкзак[-][/c] и [c][ffff00]заберите[-][/c] снаряжение. >[/i],,,,,,,,
pda_Oi0SWgW,Collect Gear,,,,,,,,Заберите снаряжение,,,,,,,,
pda_WCmSmSC,Collect the gear from the human backpack,,,,,,,,Заберите снаряжение из человеческого рюкзака,,,,,,,,
pda_0Cmq0Ca,--,,,,,,,,--,,,,,,,,
pda_w4GqaCH,Close Drone view,,,,,,,,Закройте вид дрона,,,,,,,,
pda_aqOKO48,Close drone view with [c][00ff00][ F5 ][-][/c],,,,,,,,Закройте вид дрона клавишей [c][00ff00][ F5 ][-][/c],,,,,,,,
pda_uOOqKim,--,,,,,,,,--,,,,,,,,
pda_Om4SVq8,"[i]< It's better, we [b]leave this place[/b] now alone. Lest we stir something up? >[/i]\n\n[i]< ... Back to [c][ffff00]drilling Promethium[-][/c] ! [/i]\n[i]Keep the [c][ffffff]Ore Scanner in your inventory[-][/c][/i].[i] - Come on, try it !! >[/i]",,,,,,,,"[i]< Лучше нам пока [b]оставить это место[/b] в покое. Не стоит что-нибудь потревожить? >[/i]\n\n[i]< ... Вернёмся к [c][ffff00]добыче прометия[-][/c]! [/i]\n[i]Держите [c][ffffff]сканер руды в инвентаре[-][/c][/i].[i] — Давайте, попробуйте! >[/i]",,,,,,,,
pda_qqaCiSe,[i]< Careful - - In that room ...  >[/i],,,,,,,,[i]< Осторожно... в той комнате... >[/i],,,,,,,,
pda_aeaS4ui,"[u][c][ffffff]Control Panel[-][/c][/u] [c][00ff00][P][-][/c]\n\nCritical[b] management tool[/b] for any Base or Vessel.\n\n\n[i]E.g. [/i]\n\n[i]- [b]Remote access[/b] to devices[/i]\n[i]- Crafting & Inventory[/i]\n[i]- Statistics, warnings [/i]\n\n\n---------\n\n[[[c][ffffff] OK [-][/c]]][c][ffffff] for next page[-][/c]  ( 1 of 3 )",,,,,,,,"[u][c][ffffff]Панель управления[-][/c][/u] [c][00ff00][P][-][/c]\n\nКлючевой [b]инструмент управления[/b] для любой базы или судна.\n\n\n[i]Например:[/i]\n\n[i]— [b]Удалённый доступ[/b] к устройствам[/i]\n[i]— Создание и инвентарь[/i]\n[i]— Статистика, предупреждения[/i]\n\n\n---------\n\n[[[c][ffffff] OK [-][/c]]][c][ffffff] — следующая страница[-][/c]  ( 1 из 3 )",,,,,,,,
pda_i4iS8qW,[c][0080ff]Mrk[-][/c] - [c][ffffff]Backp[-][/c]ack [i][c][ff8000](OnOffByTask: OreProcessor)[-][/c][/i],,,,,,,,[c][0080ff]Mrk[-][/c] — [c][ffffff]рюкзак[-][/c] [i][c][ff8000](OnOffByTask: OreProcessor)[-][/c][/i],,,,,,,,
pda_a4WuKvG,Collect gear,,,,,,,,Заберите снаряжение,,,,,,,,
pda_acCC8fS,...,,,,,,,,...,,,,,,,,
pda_mmueme8,---,,,,,,,,---,,,,,,,,
pda_8eoMC4e,____[c][ffff00] Ore Scanner[-][/c] ______,,,,,,,,____[c][ffff00] Сканер руды[-][/c] ______,,,,,,,,
pda_a0qqq4a,...,,,,,,,,...,,,,,,,,
pda_44KeKOG,...,,,,,,,,...,,,,,,,,
pda_Sqe9muO,--,,,,,,,,--,,,,,,,,
pda_umSiCGa,Wrn - Keep OreScanner [c][ffffff]in backpack[-][/c],,,,,,,,Предупреждение — держите сканер руды [c][ffffff]в рюкзаке[-][/c],,,,,,,,
pda_WqaqWSO,Keep in backpack,,,,,,,,Держите в рюкзаке,,,,,,,,
pda_q0uOQcu,...,,,,,,,,...,,,,,,,,
pda_GISq4ia,--,,,,,,,,--,,,,,,,,
pda_0iK0TKa,"[i]< [c][ffff00]Keep this in your inventory [-][/c]... It won't work in your Toolbar. >[/i]\n[i][/i]\n[i]< [c][ffffff]Wear your[-][/c] [c][ffffff]helmet[-][/c] [c][00ff00][U][-][/c] , and have a Drill in your hands. >[/i]",,,,,,,,[i]< [c][ffff00]Держите это в инвентаре[-][/c]... На панели быстрого доступа оно не работает. >[/i]\n[i][/i]\n[i]< [c][ffffff]Наденьте[-][/c] [c][ffffff]шлем[-][/c] клавишей [c][00ff00][U][-][/c] и возьмите дрель в руки. >[/i],,,,,,,,
pda_qeSmfuc,[c][0080ff](nPOI)[-][/c] [c][ffffff]Open[-][/c]HangarDoor [i][c][ff8000]([-][/c][/i][c][ff80ff][c][ff8000][i]OnByT: DrillAmbush)[/i] >C_On >C_RwT >C_OffT >Coff[-][/c][-][/c],,,,,,,,[c][0080ff](nPOI)[-][/c] [c][ffffff]Откройте[-][/c]дверь ангара [i][c][ff8000]([-][/c][/i][c][ff80ff][c][ff8000][i]OnByT: DrillAmbush)[/i] >C_On >C_RwT >C_OffT >Coff[-][/c][-][/c],,,,,,,,
pda_iOmW8GG,...,,,,,,,,...,,,,,,,,
pda_Sm8umiu,...,,,,,,,,...,,,,,,,,
pda_KCC4SCq,--,,,,,,,,--,,,,,,,,
pda_heqG4GK,[i]< ... Could you please [b]check out[/b] that [c][ffffff]door [-][/c]at that locked bunker?[/i]\n[i]I will put a [c][ffff00]Marker [-][/c]on it. >[/i],,,,,,,,[i]< ... Не могли бы вы [b]проверить[/b] ту [c][ffffff]дверь[-][/c] у запертого бункера?[/i]\n[i]Я поставлю на неё [c][ffff00]маркер[-][/c]. >[/i],,,,,,,,
pda_W1O8W8i,Get to Deposit,,,,,,,,Доберитесь до залежи,,,,,,,,
pda_uYmqem0,[c][ffff80]Get to[-][/c][c][ffff80] Promethium[-][/c] deposit\n(Find it e.g. with your [c][ffffff]Detector[-][/c] and [c][ffffff]Map[-][/c] [c][00ff00][M][-][/c] ),,,,,,,,"[c][ffff80]Доберитесь до[-][/c][c][ffff80] залежи прометия[-][/c]\n(Найдите её, например, с помощью [c][ffffff]детектора[-][/c] и [c][ffffff]карты[-][/c] [c][00ff00][M][-][/c])",,,,,,,,
pda_CSG8cq8,---,,,,,,,,---,,,,,,,,
pda_KGGKS4m,[i]< This is it !! >[/i]\n\n[i]< All set. [/i]\n[i]- But there is a catch... >[/i],,,,,,,,[i]< Вот оно!! >[/i]\n\n[i]< Всё готово. [/i]\n[i]— Но есть одна загвоздка... >[/i],,,,,,,,
pda_ea80680,Get Ore Scanner,,,,,,,,Получите сканер руды,,,,,,,,
pda_0CC8Wqi,...,,,,,,,,...,,,,,,,,
pda_74O4OoO,--,,,,,,,,--,,,,,,,,
pda_ika4q4m,"[i]< This deposit consists ouf of [b]Ore Nodes[/b]... >[/i]\n\n[i]< They are really cool, but [b]scattered [/b]and [b]hard to find. [/b][/i]\n[i]... I have seen people using a [c][ffffff]special scanner[-][/c][/i][i] ... >[/i]",,,,,,,,"[i]< Эта залежь состоит из [b]рудных узлов[/b]... >[/i]\n\n[i]< Они очень полезны, но [b]разбросаны[/b] и [b]их трудно найти[/b]. [/i]\n[i]... Я видел, как люди используют [c][ffffff]особый сканер[-][/c][/i][i]... >[/i]",,,,,,,,
pda_8OmIaGK,ItmPck  [c][ffffff]Break[-][/c]Plot -[c][ff80ff] [i][c][ff8000](OnBy: LostGarden) (OffBy: LogisticsCache)[-][/c][/i][-][/c],,,,,,,,ItmPck  [c][ffffff]Сломать[-][/c]план —[c][ff80ff] [i][c][ff8000](OnBy: LostGarden) (OffBy: LogisticsCache)[-][/c][/i][-][/c],,,,,,,,
pda_KODC3Wa,Broke the block!,,,,,,,,Блок сломан!,,,,,,,,
pda_iSK8SO8,Place a Core & use 'Retrieve blocks' mode,,,,,,,,Установите ядро и используйте режим «Извлечение блоков»,,,,,,,,
pda_CqCa880,---,,,,,,,,---,,,,,,,,
pda_uSONJKi,"[i]< The block [c][ffffff]broke into components[-][/c] ... >[/i]\n\n[i]< To get it in [b]one piece[/b]: [/i]\n[i][c][ffff00]Place a Core.[-][/c] Then, use the Multitool's  '[c][ffff00]Retrieve Blocks[-][/c]' mode, and try again. > [/i]",,,,,,,,[i]< Блок [c][ffffff]распался на компоненты[-][/c]... >[/i]\n\n[i]< Чтобы получить его [b]целиком[/b]: [/i]\n[i][c][ffff00]Установите ядро.[-][/c] Затем включите на мультитуле режим «[c][ffff00]Извлечение блоков[-][/c]» и попробуйте снова. > [/i],,,,,,,,
pda_Sa4aWCi,[i]( Strange noise? )[/i],,,,,,,,[i]( Странный шум? )[/i],,,,,,,,
pda_qmKmKGi,...,,,,,,,,...,,,,,,,,
pda_XO64MiC,---,,,,,,,,---,,,,,,,,
pda_O0X0u08,[i]( Getting closer? )[/i],,,,,,,,[i]( Что-то приближается? )[/i],,,,,,,,
pda_KlCmKqi,...,,,,,,,,...,,,,,,,,
pda_OOuSuue,--,,,,,,,,--,,,,,,,,
pda_aCqmOCm,[i]< - -  Something[b] isn't right here ... [/b][/i][i]!? >[/i],,,,,,,,[i]< — — Здесь что-то [b]не так... [/b][/i][i]!? >[/i],,,,,,,,
pda_eqS48Oa,Ambush,,,,,,,,Засада,,,,,,,,
pda_OKqCKaG,...,,,,,,,,...,,,,,,,,
pda_SuuumuO,--,,,,,,,,--,,,,,,,,
pda_OjOuJoW,\n[i]< [c][ffffff]Incoming![-][/c] >[/i],,,,,,,,\n[i]< [c][ffffff]Они приближаются![-][/c] >[/i],,,,,,,,
pda_Ki8XXWu,Drill Promethium,,,,,,,,Добывайте прометий,,,,,,,,
pda_WGeCK8G,Go back to the deposit,,,,,,,,Вернитесь к залежи,,,,,,,,
pda_mSSKeGm,--,,,,,,,,--,,,,,,,,
pda_5meSaCa,"[i]< Running a [c][ffffff]Drone patrol[-][/c] Op... that requires [b]a lot[/b] of buildings. >[/i]\n[i]< - Production, Defenses, Radars, Fuel stores ... >[/i]\n[i][/i]\n[i]< ... But ... this island does [b]not have[/b] these...? >[/i]",,,,,,,,"[i]< Для патрулирования [c][ffffff]дронами[-][/c] нужно [b]много[/b] построек. >[/i]\n[i]< — Производство, оборона, радары, хранилища топлива... >[/i]\n[i][/i]\n[i]< ... Но... на этом острове [b]нет[/b] ничего такого...? >[/i]",,,,,,,,
pda_OaBa8OS,Get Ore Scanner,,,,,,,,Получите сканер руды,,,,,,,,
pda_qkiiauC,...,,,,,,,,...,,,,,,,,
pda_OiG4tiO,--,,,,,,,,--,,,,,,,,
pda_Cu74Pq0,HP0 -on- [c][ffffff]Primer Death[-][/c] chapter [c][ff8000][i]>ChRw[/i][-][/c],,,,,,,,HP0 —on— [c][ffffff]глава «Смерть»[-][/c] [c][ff8000][i]>ChRw[/i][-][/c],,,,,,,,
pda_0OqaeK4,Death,,,,,,,,Смерть,,,,,,,,
pda_WKWGWim,...,,,,,,,,...,,,,,,,,
pda_qOiqSCe,--,,,,,,,,--,,,,,,,,
pda_wm8qea8,"[i]<  Oh, my... >[/i]",,,,,,,,"[i]< Ох, боже... >[/i]",,,,,,,,
pda_uumamC6,Stat250 -rw- [c][ffffff]Respawn note[-][/c][c][ff8000][i] (RwBy RespawnPrimer) [/i][-][/c][c][ffff00]+Dialog[-][/c],,,,,,,,Stat250 —rw— [c][ffffff]уведомление о возрождении[-][/c][c][ff8000][i] (RwBy RespawnPrimer) [/i][-][/c][c][ffff00]+Диалог[-][/c],,,,,,,,
pda_EqOKqmu,Dropped Backpack,,,,,,,,Потерянный рюкзак,,,,,,,,
pda_miqqG08,Go collect it,,,,,,,,Идите заберите его,,,,,,,,
pda_8eCKqb0,--,,,,,,,,--,,,,,,,,
pda_iSC4cCi,"[u][c][ffffff]Lost backpack[-][/c][/u]:\n\nYou just died and dropped a part of your gear.\nIt will [b]vanish [/b]in [c][ffffff]20 minutes. [-][/c]\n\n- [i]If you are closer to 150m to the backpack, it will appear as a marker.[/i]\n[i]- To reach it when near to enemies, use your [b]Tool Drone[/b] [c][00ff00][ F5 ][-][/c].[/i]\n\n[i]---[/i]\n\n[i]- How much you drop can be tweaked in the game's [b]difficulty settings[/b]. [/i]\n[i] (In the Tutorial, some items you will never lose.)[/i]",,,,,,,,"[u][c][ffffff]Потерянный рюкзак[-][/c][/u]:\n\nВы только что погибли и потеряли часть снаряжения.\nОн [b]исчезнет[/b] через [c][ffffff]20 минут[-][/c].\n\n— [i]Если вы подойдёте к рюкзаку ближе чем на 150 м, он появится как маркер.[/i]\n[i]— Чтобы добраться до него рядом с врагами, используйте [b]дрон-инструмент[/b] [c][00ff00][ F5 ][-][/c].[/i]\n\n[i]---[/i]\n\n[i]— Количество потерянных предметов можно изменить в [b]настройках сложности[/b] игры. [/i]\n[i](В обучении некоторые предметы вы никогда не потеряете.)[/i]",,,,,,,,
pda_mkOCKOa,...,,,,,,,,...,,,,,,,,
pda_jSC4eGU,--,,,,,,,,--,,,,,,,,
pda_0Qa8u44,____[c][ffff00] Death Notifications[-][/c]______,,,,,,,,____[c][ffff00] Уведомления о смерти[-][/c]______,,,,,,,,
pda_8mKeamv,death note OLD,,,,,,,,старое уведомление о смерти,,,,,,,,
pda_mOqeiai,...,,,,,,,,...,,,,,,,,
pda_tCquOKe,--,,,,,,,,--,,,,,,,,
pda_WS60iOm,[c][80ffff]Sig [-][/c]- on- [c][80ffff]CALTent[-][/c]- Cu[c][ffffff]Drone [-][/c][c][80ffff][i](SigBy: [/i][-][/c][c][ff8000][i]EnterMine) [/i][-][/c][c][80ffff][i][/i][-][/c][c][ff8000]>C_On >C_Offx7 >C_Rw[-][/c],,,,,,,,[c][80ffff]Sig [-][/c]— on— [c][80ffff]CALTent[-][/c]— Cu[c][ffffff]Дрон[-][/c][c][80ffff][i](SigBy: [/i][-][/c][c][ff8000][i]EnterMine) [/i][-][/c][c][80ffff][i][/i][-][/c][c][ff8000]>C_On >C_Offx7 >C_Rw[-][/c],,,,,,,,
pda_OOKjaI0,Drone Mining,,,,,,,,Добыча дронами,,,,,,,,
pda_SgC80m4,[i](Respawning)[/i],,,,,,,,[i](Возрождение)[/i],,,,,,,,
pda_Ooi4Gie,...,,,,,,,,...,,,,,,,,
pda_8S6WK80,--,,,,,,,,--,,,,,,,,
pda_iKK0ad4,Reach Console,,,,,,,,Доберитесь до консоли,,,,,,,,
pda_KeGCGWa,Talk to Console on top of Antenna,,,,,,,,Поговорите с консолью наверху антенны,,,,,,,,
pda_q84S0aS,--,,,,,,,,--,,,,,,,,
pda_O8KSWma,[i]< Maybe we can contact someone for help... >[/i]\n\n[i]< ... Try the [c][ffff00]console at the top [-][/c]of that antenna relay.[c][ffff00][-][/c]>[/i],,,,,,,,"[i]< Может быть, удастся связаться с кем-нибудь и попросить помощи... >[/i]\n\n[i]< ... Попробуйте [c][ffff00]консоль наверху[-][/c] того антенного ретранслятора.[c][ffff00][-][/c]>[/i]",,,,,,,,
pda_KIKCW0u,[c][0080ff]nPOI[-][/c] - [c][ffffff]Clone[-][/c]Home [i][c][ff8000](OnBy:NewShores) (OffBy:NestOpen)[-][/c][/i] [c][ff80ff][c][ff8000][c][ff8080]> C_RwT x2 [-][/c][-][/c][-][/c][c][ff8080]>C_OnT x2[-][/c][c][ff80ff][c][ff8000][c][ff8080][-][/c][-][/c][-][/c][c][ff8000] >Coff x3 >C_OffT x3[-][/c],,,,,,,,[c][0080ff]nPOI[-][/c] — [c][ffffff]клон[-][/c]дом [i][c][ff8000](OnBy:NewShores) (OffBy:NestOpen)[-][/c][/i] [c][ff80ff][c][ff8000][c][ff8080]> C_RwT x2 [-][/c][-][/c][-][/c][c][ff8080]>C_OnT x2[-][/c][c][ff80ff][c][ff8000][c][ff8080][-][/c][-][/c][-][/c][c][ff8000] >Coff x3 >C_OffT x3[-][/c],,,,,,,,
pda_K8um0mk,Starting a fresh Base,,,,,,,,Создание новой базы,,,,,,,,
pda_W0G8qO4,"[c][ffff00][b]Place ""Starter Block: Base (BA)""[/b][-][/c] on ground",,,,,,,,[c][ffff00][b]Разместите «Стартовый блок: база (BA)»[/b][-][/c] на земле,,,,,,,,
pda_eGuWeGS,---,,,,,,,,---,,,,,,,,
pda_iO0qGFq,[c][0080ff]Mrk[-][/c] - Drill [c][ffffff]Prom Nodes[-][/c][i][c][ff8000] (OnByT: OreProcess) (OffBy: UseOreScan)[-][/c][/i],,,,,,,,[c][0080ff]Mrk[-][/c] — добывайте [c][ffffff]узлы прометия[-][/c][i][c][ff8000] (OnByT: OreProcess) (OffBy: UseOreScan)[-][/c][/i],,,,,,,,
pda_8GWuWWm,Mine Promethium nodes,,,,,,,,Добывайте узлы прометия,,,,,,,,
pda_WKmia28,"- Have [c][ffffff]Ore Scanner[-][/c] in inventory\n- Equip [c][ffffff]drill.[-][/c]\n\n[c][ffff00]Search for outlines[-][/c],\nand drill them",,,,,,,,- Держите [c][ffffff]сканер руды[-][/c] в инвентаре\n- Экипируйте [c][ffffff]дрель[-][/c]\n\n[c][ffff00]Ищите контуры[-][/c]\nи бурите их,,,,,,,,
pda_WW80Wea,--,,,,,,,,--,,,,,,,,
pda_u8qCa4S,"____[c][ffff00] The PDA[-][/c] (All missions are [c][ffffff]working[-][/c], here) ______",,,,,,,,____[c][ffff00] PDA[-][/c] (Здесь [c][ffffff]работают[-][/c] все задания) ______,,,,,,,,
pda_SuuK44J,...,,,,,,,,...,,,,,,,,
pda_WwE0CGe,...,,,,,,,,...,,,,,,,,
pda_8aaGSiw,--,,,,,,,,--,,,,,,,,
pda_W4Om0I8,PDA overview,,,,,,,,Обзор PDA,,,,,,,,
pda_a8WGG8K,What it is for,,,,,,,,Для чего он нужен,,,,,,,,
pda_K4WmeW2,--,,,,,,,,--,,,,,,,,
pda_duaGCqu,--,,,,,,,,--,,,,,,,,
pda_GU00OGG,[u][c][ffffff]The PDA[-][/c][/u]\n\n... Lists the [b]Missions [/b]available to you\n...  Displays [b]last text messages[/b] of a mission\n\n... Has reminders and [b]FAQs[/b]\n\n---------\n\n[c][ffffff]OK for next page[-][/c]  ( 1 of 3 ),,,,,,,,[u][c][ffffff]PDA[-][/c][/u]\n\n... Показывает доступные [b]задания[/b]\n... Отображает [b]последние текстовые сообщения[/b] задания\n\n... Содержит напоминания и [b]часто задаваемые вопросы[/b]\n\n---------\n\n[c][ffffff]OK — следующая страница[-][/c]  ( 1 из 3 ),,,,,,,,
pda_uG0uV0w,(Much more info in Maingame),,,,,,,,(Гораздо больше информации в основной игре),,,,,,,,
pda_OiSae8Y,Welcome to the Empyriopedia!,,,,,,,,Добро пожаловать в Empyriopedia!,,,,,,,,
pda_Wi84OKW,--,,,,,,,,--,,,,,,,,
pda_aSKWCGa,"[i]... Forgot something? Or want to know more?[/i]\n\n\n[u][c][ffff80]GET STARTED[-][/c][/u]:\n\n<---[c][ffffff] Press on a Topic[-][/c] in the list, and on the [c][ffffff][c][ffff00]small arrow[-][/c] [-][/c]down, [c][ffffff][-][/c]to show all.\n\nThen select a list entry.",,,,,,,,"[i]... Что-то забыли? Или хотите узнать больше?[/i]\n\n\n[u][c][ffff80]НАЧАЛО РАБОТЫ[-][/c][/u]:\n\n<---[c][ffffff] Нажмите на тему[-][/c] в списке, затем на [c][ffffff][c][ffff00]маленькую стрелку[-][/c] [-][/c]внизу, [c][ffffff][-][/c]чтобы раскрыть раздел.\n\nЗатем выберите пункт списка.",,,,,,,,
pda_CoWOO4K,--,,,,,,,,--,,,,,,,,
pda_rGWS8Oe,[b][c][ffff00]- Important game concepts:[-][/c][/b],,,,,,,,[b][c][ffff00]- Важные игровые понятия:[-][/c][/b],,,,,,,,
pda_eSu4WK8,"[c][ffffff]""The 'Core' sets Ownership""[-][/c]",,,,,,,,[c][ffffff]«Ядро определяет владельца»[-][/c],,,,,,,,
pda_WS8sGCm,In a nutshell,,,,,,,,Кратко,,,,,,,,
pda_KCW3Qia,"[i][c][80ffff]A system to deter theft, and to help you to pick up blocks.[-][/c][/i]\n[c][80ffff]\n[i][c][ffffff][b]To claim somethin[/b][-][/c][/i][-][/c][c][ffffff][i][b]g [/b][/i][i][b]: [/b][/i][-][/c]\nDestroy an enemy Core block, then place your own.[c][80ffff]\n[i]\n[c][ffffff][b]Protect your Core[/b][-][/c][/i][-][/c][c][ffffff][b][i] ![/i][/b][-][/c] \nStuctures without Cores are 'dead wrecks'-  - Open for everybody to deconstruct or to claim them.\n\n\n\n[c][80ffff]--------[-][/c]",,,,,,,,"[i][c][80ffff]Система, предотвращающая кражу и помогающая подбирать блоки.[-][/c][/i]\n[c][80ffff]\n[i][c][ffffff][b]Чтобы захватить что-то:[/b][-][/c][/i][-][/c]\nУничтожьте вражеский блок ядра, затем установите своё.\n\n[i][c][ffffff][b]Защищайте своё ядро[/b][-][/c][/i][-][/c][c][ffffff][b][i]![/i][/b][-][/c] \nКонструкции без ядер — «мёртвые обломки»: любой может разобрать их или захватить.\n\n\n\n[c][80ffff]--------[-][/c]",,,,,,,,
pda_a40OqWC,[c][ffffff][b]Types of Cores[/b][-][/c],,,,,,,,[c][ffffff][b]Типы ядер[/b][-][/c],,,,,,,,
pda_8OCW8u8,"\nCheck[c][ffffff][b] 'glow colours'[/b] [-][/c]of the Cores:\n\n\n[c][ffffff][b]Green[/b] - Player Core[-][/c]\nYour stuff, your buddies, your rivals.\n\n[c][ffffff][b]Red[/b] - NPC Core. [-][/c]\nNon-player faction. With this Core, a structure's blocks will be protected from manipulation.\n\n[c][ffffff][b]Pink; Blue[/b] -  ""Admin""[-][/c]\nFor story and special dungeons. Turns the whole structure Indestructible.  \n[sup]( Note: 1 )[/sup]\nWill be displayed on the Map as a chevron (= 'Double arrows' pointing up.)\n\n[i]--- [/i]\n[sup][c][c0c0c0][i](1) - You might still be able to [b]hurt [/b]such a structure.[/i][-][/c]\n[c][c0c0c0][i]Everything already  'slightly broken' can be destroyed. - Up to even the Admin Core itself![/i][-][/c][/sup]",,,,,,,,"\nПроверяйте[c][ffffff][b] цвета свечения[/b] [-][/c] ядер:\n\n\n[c][ffffff][b]Зелёное[/b] — ядро игрока[-][/c]\nВаши вещи, ваши союзники, ваши соперники.\n\n[c][ffffff][b]Красное[/b] — ядро NPC[-][/c]\nФракция, не управляемая игроками. С таким ядром блоки конструкции защищены от изменений.\n\n[c][ffffff][b]Розовое; синее[/b] — «админ»[-][/c]\nДля сюжетных и особых подземелий. Делает всю конструкцию неразрушимой.\n[sup]( Примечание: 1 )[/sup]\nНа карте отображается шевроном (= «двойные стрелки», направленные вверх).\n\n[i]--- [/i]\n[sup][c][c0c0c0][i](1) — Вы всё ещё можете [b]повредить[/b] такую конструкцию.[/i][-][/c]\n[c][c0c0c0][i]Всё, что уже немного повреждено, можно уничтожить — даже само административное ядро![/i][-][/c][/sup]",,,,,,,,
pda_4Gqq0aA,[c][ffffff]Autosaving & Backups[-][/c],,,,,,,,[c][ffffff]Автосохранение и резервные копии[-][/c],,,,,,,,
pda_W8aO8We,World Save,,,,,,,,Сохранение мира,,,,,,,,
pda_CqmKmeK,"[c][ffffff][-][/c]\n[c][ffffff]The game will constantly save your world data.[-][/c] \n- Overwriting it all.\n\n\nIf you want to have '[b]save points[/b]': Make a copy of your world, before you load into it.\n\nIngame, you can quickly create such copies with the [c][00ff00][ESC][-][/c] menu, '[c][00ff00]Backup[-][/c]'.",,,,,,,,"[c][ffffff][-][/c]\n[c][ffffff]Игра постоянно сохраняет данные вашего мира.[-][/c]\n— Перезаписывая их.\n\n\nЕсли нужны «[b]точки сохранения[/b]», создайте копию мира перед загрузкой в него.\n\nВ игре такие копии можно быстро создать через меню [c][00ff00][ESC][-][/c], пункт «[c][00ff00]Резервная копия[-][/c]».",,,,,,,,
pda_eOGaaS8,"[i]Important [b]game elements in a nutshell.[/b][/i]\n\n<--- [c][ffffff]Click on the arrow next to the title[-][/c], to show all.",,,,,,,,"[i]Кратко о важных [b]элементах игры.[/b][/i]\n\n<--- Нажмите стрелку рядом с заголовком, чтобы раскрыть раздел.",,,,,,,,
pda_0Wueae0,Mass and Volume handling,,,,,,,,Управление массой и объёмом,,,,,,,,
pda_4SO0iaC,--,,,,,,,,--,,,,,,,,
pda_SK4OaOm,"[i][c][c0c0c0](Note: This can be turned off in the Difficulty Settings.\nDoing so will make the game much easier)[-][/c][/i]\n[b][/b]\n[c][ffffff][b]Mass and Volume: [/b]\n[b]Limits your Inventory and a structure's performance.[/b][-][/c]\n\nTo move large volumes between inventories: \nUse the [b][c][ffffff]Logistics feature [-][/c][c][00ff00][ F4 ][-][/c][/b]\n- Connect to a container, and then move items into the 'virtual' connected Toolbar.\n(Switch your [b][c][ffffff]Toolbars with [-][/c][c][00ff00][ T ][-][/c][/b][c][00ff00][-][/c].)\n- Wireless extender blocks increase the range of the Logistics feature\n\n----\n\n[i]- You can carry as much mass as you want, but are limited in volume.\n- Vessels are limited to volume, and affected by mass of their cargo. (Add more thrusters for better performance.)[/i]",,,,,,,,"[i][c][c0c0c0](Примечание: это можно отключить в настройках сложности.\nТак игра станет намного проще.)[-][/c][/i]\n[b][/b]\n[c][ffffff][b]Масса и объём:[/b]\n[b]Ограничивают инвентарь и производительность конструкции.[/b][-][/c]\n\nЧтобы перемещать большие объёмы между инвентарями:\nИспользуйте [b][c][ffffff]логистику[-][/c][c][00ff00] [ F4 ][-][/c][/b]\n— Подключитесь к контейнеру, затем перемещайте предметы на «виртуальную» подключённую панель быстрого доступа.\n(Переключение [b][c][ffffff]панелей быстрого доступа:[-][/c][c][00ff00] [ T ][-][/c][/b][c][00ff00][-][/c].)\n— Блоки беспроводного расширителя увеличивают радиус действия логистики.\n\n----\n\n[i]— Можно нести любой вес, но объём ограничен.\n— Суда ограничены объёмом и зависят от массы груза. Для лучшей производительности добавьте больше двигателей.[/i]",,,,,,,,
pda_iuWUC8W,... Try it out !,,,,,,,,... Попробуйте!,,,,,,,,
pda_CO48GQ4,Try out the PDA.       [i](Close PDA when done)[/i],,,,,,,,"Попробуйте PDA.       [i](Закройте PDA, когда закончите)[/i]",,,,,,,,
pda_i4Ssoa4,--,,,,,,,,--,,,,,,,,
pda_WC8SO4W,Tabs at the top:\n\n< [c][00ff00][[Empyiropedia]][-][/c]                                                 [c][00ff00][[PDA Log]][-][/c] >\n\n ... Find more info                                       ... List all messages\n                                                                   [i](of selected mission)[/i]\n\n                                                                                               \n\n\nTry them out!\n---- \n\nClose the PDA when you are done.,,,,,,,,"Вкладки сверху:\n\n< [c][00ff00][[Empyriopedia]][-][/c]                                                 [c][00ff00][[Журнал PDA]][-][/c] >\n\n ... Найти больше информации                                       ... Список всех сообщений\n                                                                   [i](выбранного задания)[/i]\n\n                                                                                               \n\n\nПопробуйте их!\n---- \n\nЗакройте PDA, когда закончите.",,,,,,,,
pda_Gu0muOO,"[i]< ... Until you getting to that island, we likely will have to[b] stay here[/b] a bit... >[/i]",,,,,,,,"[i]< ... Пока вы добираетесь до того острова, нам, вероятно, придётся немного [b]остаться здесь[/b]... >[/i]",,,,,,,,
pda_SWACee7,How it works,,,,,,,,Как это работает,,,,,,,,
pda_aeemGOa,( Press OK button )   <--- Things to do,,,,,,,,( Нажмите кнопку OK )   <--- Что нужно сделать,,,,,,,,
pda_iG8G8SS,--,,,,,,,,--,,,,,,,,
pda_Ka2uOWG,[u][c][ffffff]The PDA[-][/c][/u]\n\nLeft side:          [b]Missions[/b] you can do                  \n\nTop window:     [b]Steps [/b][b][/b]of a mission (  = 'actions' )\n\n\n---------\n[c][ffffff][-][/c]\n[c][ffffff]OK for next page[-][/c]  ( 2 of 3 ),,,,,,,,"[u][c][ffffff]PDA[-][/c][/u]\n\nСлева: [b]задания[/b], которые можно выполнить\n\nВерхнее окно: [b]шаги[/b] задания ( = «действия» )\n\n\n---------\n[c][ffffff][-][/c]\n[c][ffffff]OK — следующая страница[-][/c]  ( 2 из 3 )",,,,,,,,
pda_OQOeGW0,[i]--[/i],,,,,,,,[i]--[/i],,,,,,,,
pda_WaOuK8S,"Activated test mission. - - [c][ffffff]Well done! [-][/c]\n[i](This only works for non-autostarting missions)[/i]\n[i][/i]\n[c][ffffff]< You will get noticed[-][/c], once [b]side missions[/b] are available.",,,,,,,,"Тестовое задание активировано. — [c][ffffff]Отлично![-][/c]\n[i](Это работает только для заданий без автозапуска.)[/i]\n[i][/i]\n[c][ffffff]< Вы получите уведомление[-][/c], когда станут доступны [b]побочные задания[/b].",,,,,,,,
pda_OaeWC0m,This is a start message.,,,,,,,,Это начальное сообщение.,,,,,,,,
pda_q8K8qqG,-,,,,,,,,-,,,,,,,,
pda_0G80uij,_ _ _ _ _ _ _ _ _ [i]( Help & Debug )[/i] _ _ _ _ _ _ _ _ _ _ _ _ _ _ _ _ _ _ _ _ _ _,,,,,,,,_ _ _ _ _ _ _ _ _ [i]( Помощь и отладка )[/i] _ _ _ _ _ _ _ _ _ _ _ _ _ _ _ _ _ _ _ _ _ _ _,,,,,,,,
pda_uSGC8i0,[i]This section will include help missions.[/i],,,,,,,,[i]Этот раздел будет включать задания справки.[/i],,,,,,,,
pda_uWOim2u,...,,,,,,,,...,,,,,,,,
pda_qKuSKKO,...,,,,,,,,...,,,,,,,,
pda_WWemS0q,\n[c][ffff00]Please click again [-][/c]on the title: [c][ffffff]'This is a mission chapter'[-][/c],,,,,,,,"\n[c][ffff00]Пожалуйста, ещё раз нажмите[-][/c] на заголовок: [c][ffffff]«Это глава задания»[-][/c]",,,,,,,,
pda_SGCqu0q,"Activated test mission. - - [c][ffffff]Well done! [-][/c]\n[i](This only works for non-autostarting missions)[/i]\n[i][/i]\n[c][ffffff]< You will get noticed[-][/c], once [b]side missions[/b] are available.",,,,,,,,"Тестовое задание активировано. — [c][ffffff]Отлично![-][/c]\n[i](Это работает только для заданий без автозапуска.)[/i]\n[i][/i]\n[c][ffffff]< Вы получите уведомление[-][/c], когда станут доступны [b]побочные задания[/b].",,,,,,,,
pda_CNeKOaK,Start message,,,,,,,,Начальное сообщение,,,,,,,,
pda_4K8s8S0,CPU,,,,,,,,ЦП,,,,,,,,
pda_mmWGqG8,--,,,,,,,,--,,,,,,,,
pda_a0iOOS0,"[i][c][c0c0c0](Note: This can be turned off in the game's Difficulty Settings. It will allow to build more easily)[-][/c][/i]\n\n[b][c][ffffff]CPU: A soft limit to building large structures.[-][/c][/b]\n\nIf you overshoot CPU limits, a structure will become[b] less efficient [/b]\n(Slower, longer crafting times, etc...)\n\n[b]Add CPU extender blocks[/b] to increase the limit.",,,,,,,,"[i][c][c0c0c0](Примечание: это можно отключить в настройках сложности игры. Это позволит строить свободнее.)[-][/c][/i]\n\n[b][c][ffffff]ЦП: мягкое ограничение на строительство больших конструкций.[-][/c][/b]\n\nЕсли превысить лимит ЦП, конструкция станет[b] менее эффективной[/b]\n(медленнее, дольше создаёт предметы и т. д.)\n\n[b]Добавьте блоки расширителя ЦП[/b], чтобы увеличить лимит.",,,,,,,,
pda_8qGOKGS,_ _ _ _ _ _ _ _ _ [i]( Side missions )[/i] _ _ _ _ _ _ _ _ _ _ _ _ _ _ _ _ _ _ _ _ _ _ _,,,,,,,,_ _ _ _ _ _ _ _ _ [i]( Побочные задания )[/i] _ _ _ _ _ _ _ _ _ _ _ _ _ _ _ _ _ _ _ _ _ _ _ _ _,,,,,,,,
pda_mCKaea0,...,,,,,,,,...,,,,,,,,
pda_TmWmqSq,...,,,,,,,,...,,,,,,,,
pda_G4Ka440,--,,,,,,,,--,,,,,,,,
pda_OSKeWKq,Healing Affliction,,,,,,,,Лечение травмы,,,,,,,,
pda_WCCue8K,...,,,,,,,,...,,,,,,,,
pda_CumKSi8,---,,,,,,,,---,,,,,,,,
pda_8OG0Wgw,"You just got [c][ffff00]wounded[-][/c]!\n\n[c][ffffff]Heal[-][/c] it as soon as possible- \n-...  or at least [c][ffffff]mitigate[-][/c] it, so that it does not get [i]worse[/i].\n\n>> [c][ffff80]Open your Inventory[-][/c] [c][00ff00][Tab] [-][/c]...",,,,,,,,"Вы только что [c][ffff00]получили травму[-][/c]!\n\n[c][ffffff]Вылечите[-][/c] её как можно скорее\n— или хотя бы [c][ffffff]облегчите[-][/c] состояние, чтобы оно не [i]ухудшилось[/i].\n\n>> [c][ffff80]Откройте инвентарь[-][/c] [c][00ff00][Tab] [-][/c]...",,,,,,,,
pda_KCie0aW,Apply medicine,,,,,,,,Примените лекарство,,,,,,,,
pda_KaaOWOC,Open Inventory [c][00ff00][Tab][-][/c],,,,,,,,Откройте инвентарь [c][00ff00][Tab][-][/c],,,,,,,,
pda_h8kS444,---,,,,,,,,---,,,,,,,,
pda_4KiiuSe,"[c][ffff80]Select the [[ Stats ]] tab[-][/c] at upper right corner.\n\nPoint the mouse on the [c][ff0000]red icon[-][/c] [i](>>at right screen edge)  [/i]\n[c][ffffff] ""Fracture""[-][/c], to learn about Healing / Mitigation.\n\n----                                                                                               \n[c][ffff80]Consume medicine[-][/c]:: [c][00ff00][Shift]+[RMB] [-][/c]on the item",,,,,,,,"[c][ffff80]Выберите вкладку [[ Статистика ]] [-][/c] в правом верхнем углу.\n\nНаведите мышь на [c][ff0000]красный значок[-][/c] [i](>> у правого края экрана) [/i]\n[c][ffffff]«Перелом»[-][/c], чтобы узнать о лечении / облегчении состояния.\n\n----                                                                                               \n[c][ffff80]Используйте лекарство[-][/c]: [c][00ff00][Shift]+[ПКМ] [-][/c] по предмету",,,,,,,,
pda_q8GuC0a,"Sig - [c][ffffff]Sprint & [-][/c]Note[c][ffffff] of Resources [-][/c][c][ff8000] >C_On x2, >C_Rw x2[-][/c]",,,,,,,,"Sig — [c][ffffff]Бег и[-][/c] заметка[c][ffffff] о ресурсах[-][/c][c][ff8000] >C_On x2, >C_Rw x2[-][/c]",,,,,,,,
pda_WOiGW0G,To [c][ffffff]Sprint[-][/c]:\n[c][00ff00]Move +[Shift][-][/c]\n\n[i](Will make you hungry)[/i][i][/i],,,,,,,,Чтобы [c][ffffff]бежать[-][/c]:\n[c][00ff00]Движение + [Shift][-][/c]\n\n[i](Это вызывает голод)[/i][i][/i],,,,,,,,
pda_Oq0E084,Move faster,,,,,,,,Двигайтесь быстрее,,,,,,,,
pda_CeSOS01,...,,,,,,,,...,,,,,,,,
pda_euKZmCi,--,,,,,,,,--,,,,,,,,
pda_iuCCiCi,[i]< [/i][i]That [b]palm forest [/b]over there - should have [c][ffffff]food plants[-][/c].. >[/i]\n[i][/i]\n[i]< And this [b]beach [/b]is littered with very nice [c][ffffff]rocks[-][/c][/i] ...[i][/i]\n[i]- Drill the [b]black and shiny[/b] ones. >[/i],,,,,,,,[i]< Вон в том [b]пальмовом лесу[/b] должны быть [c][ffffff]съедобные растения[-][/c]... >[/i]\n[i][/i]\n[i]< А этот [b]пляж[/b] усеян очень хорошими [c][ffffff]камнями[-][/c][/i]... [i][/i]\n[i]— Бурите [b]чёрные и блестящие[/b] из них. >[/i],,,,,,,,
pda_Ouku4ii,The PDA,,,,,,,,PDA,,,,,,,,
pda_qWm4GC0,Open PDA with[c][00ff00] [ F1 ][-][/c],,,,,,,,Откройте PDA клавишей[c][00ff00] [ F1 ][-][/c],,,,,,,,
pda_GaqC86W,--,,,,,,,,--,,,,,,,,
pda_nWFwqqn,...,,,,,,,,...,,,,,,,,
pda_COC0Oa4,...,,,,,,,,...,,,,,,,,
pda_aOmCiav,--,,,,,,,,--,,,,,,,,
pda_eKaWGWi,[i]< [/i][i]... You can't talk back... We need another way to communicate.  >[/i]\n\n[i]< Please [c][ffff00]open your PDA [-][/c]with [c][00ff00][ F1 ] [-][/c]>[/i],,,,,,,,"[i]< ... Ты не можешь ответить... Нужен другой способ общения. >[/i]\n\n[i]< Пожалуйста, [c][ffff00]откройте PDA[-][/c] клавишей [c][00ff00][ F1 ] [-][/c]>[/i]",,,,,,,,
pda_0KuiaiO,...,,,,,,,,...,,,,,,,,
pda_uuOb0GS,--,,,,,,,,--,,,,,,,,
pda_8qS0So8,"[i]< I have data that might help you. - - A [b]warp-capable[/b] [c][ff8000]space vessel[-][/c] is still on this planet. >[/i]\n[i][/i]\n[i]< ... But it is too [b]far out[/b] in the ocean. [/i]\n[i] - You will need to [c][ffff00]prepare [-][/c]better, to reach it. >[/i]",,,,,,,,"[i]< У меня есть данные, которые могут помочь. На этой планете всё ещё есть [b]космический корабль[/b] с [c][ff8000]варп-двигателем[-][/c]. >[/i]\n[i][/i]\n[i]< ... Но он слишком [b]далеко[/b] в океане. [/i]\n[i]— Чтобы добраться до него, нужно лучше [c][ffff00]подготовиться[-][/c]. >[/i]",,,,,,,,
pda_i8qAeaO,...,,,,,,,,...,,,,,,,,
pda_K0SLmCO,Trg - Talk to drill - PDA- PREP,,,,,,,,Trg — поговорить с дрелью — подготовка PDA,,,,,,,,
pda_CGu082K,prep,,,,,,,,Подготовка,,,,,,,,
pda_pmK4Gma,New Action,,,,,,,,Новое действие,,,,,,,,
pda_mKGW8Oi,--,,,,,,,,--,,,,,,,,
pda_XelKmSq,"Train PDA mission chapter activation: \n\nAlso might now offer a repeating mission 'talk to drill' , that starts a dialog.\n[i](Could be FAQ & story... A little better organized than in PDA, for those that want it)[/i]",,,,,,,,"Обучение активации главы задания PDA:\n\nТакже может предложить повторяющееся задание «поговорить с дрелью», запускающее диалог.\n[i](Это может быть FAQ и сюжет... немного лучше организованные, чем в PDA, для тех, кому это нужно.)[/i]",,,,,,,,
pda_iK8sW3e,...,,,,,,,,...,,,,,,,,
pda_qWCKmSK,--,,,,,,,,--,,,,,,,,
pda_4iS0qea,[c][0080ff]Mrk[-][/c] & Trg - Ch[c][ffffff]eck [-][/c]out Farm [i][c][ff8000][c][0080ff]>CRw PDA[-][/c] [-][/c][/i][i][c][ff8000][c][ff80ff][c][ff8000](OnBy: PDA[-][/c][-][/c]) [-][/c][/i][c][ff8000]>CRw_Tsk >cVis:PDA[-][/c],,,,,,,,[c][0080ff]Mrk[-][/c] & Trg — осмотрите [c][ffffff]ферму[-][/c] [i][c][ff8000][c][0080ff]>CRw PDA[-][/c] [-][/c][/i][i][c][ff8000][c][ff80ff][c][ff8000](OnBy: PDA[-][/c][-][/c]) [-][/c][/i][c][ff8000]>CRw_Tsk >cVis:PDA[-][/c],,,,,,,,
pda_CG0YeIa,Wrecked Farm,,,,,,,,Разрушенная ферма,,,,,,,,
pda_CRmWeei,...,,,,,,,,...,,,,,,,,
pda_q8Se24K,--,,,,,,,,--,,,,,,,,
pda_QSmaOCG,"[i]< The doors are [b]locked[/b] shut... >[/i]\n\n[i]< I could try to [c][ffffff]hack [-][/c]them. >[/i]\n[i]< ... [b]Alternatively[/b], there are still some [c][ffffff]explosives[-][/c] attached. [/i]\n[i]  I could trigger those, too... >[/i]",,,,,,,,[i]< Двери [b]наглухо заперты[/b]... >[/i]\n\n[i]< Я мог бы попытаться [c][ffffff]взломать[-][/c] их. >[/i]\n[i]< ... [b]Или[/b] можно использовать прикреплённую [c][ffffff]взрывчатку[-][/c]. [/i]\n[i]Я могу привести её в действие... >[/i],,,,,,,,
pda_WSmOSK8,Entering the Farm,,,,,,,,Проникновение на ферму,,,,,,,,
pda_SW0Wqe4,"Open PDA [c][00ff00][ F1 ] [-][/c], [[Tutorial]] tab, choose a mission",,,,,,,,"Откройте PDA [c][00ff00][ F1 ] [-][/c], вкладку [[Обучение]], выберите задание",,,,,,,,
pda_4888K23,--,,,,,,,,--,,,,,,,,
pda_OSmaieH,...,,,,,,,,...,,,,,,,,
pda_ii40q0l,--,,,,,,,,--,,,,,,,,
pda_4QOQaKm,"[i]< Your [c][ffffff]choice[-][/c]. >[/i]\n\n[i]< Please, [c][ffff00]select a mission[-][/c] in the PDA [c][00ff00][ F1 ] [-][/c]. [/i]\n[i]Tell me how to proceed. >[/i]",,,,,,,,"[i]< Ваш [c][ffffff]выбор[-][/c]. >[/i]\n\n[i]< Пожалуйста, [c][ffff00]выберите задание[-][/c] в PDA [c][00ff00][ F1 ] [-][/c]. [/i]\n[i]Скажите мне, как действовать дальше. >[/i]",,,,,,,,
pda_8aK4a4Q,"[c][c0c0c0][i]Please have the [b]tab at top left[/b] selected:   [/i]                                  [-][/c]\n[c][c0c0c0][-][/c][c][00ff00][[Tutorial]][-][/c]                                                                                       \n\n-- \nWithin the ""Tutorial"" tab: At the left side is a mission choice.\n[c][ffff00]Click on a mission.[-][/c]",,,,,,,,"[c][c0c0c0][i]Убедитесь, что выбрана [b]вкладка вверху слева[/b]:   [/i]                                  [-][/c]\n[c][c0c0c0][-][/c][c][00ff00][[Обучение]][-][/c]                                                                                       \n\n-- \nНа вкладке «Обучение» слева расположен выбор задания.\n[c][ffff00]Нажмите на задание.[-][/c]",,,,,,,,
pda_qCWeaa0,...,,,,,,,,...,,,,,,,,
pda_0em1muu,...,,,,,,,,...,,,,,,,,
pda_uC6WuOu,--,,,,,,,,--,,,,,,,,
pda_mKueqWW,Civilisation,,,,,,,,Цивилизация,,,,,,,,
pda_0iGI0Si,[c][ffff00]Reach Settlement[-][/c]\nwith Hoverbike\n[sup]\n([b]North-eastern[/b] island.[/sup]\n[sup]Daylight travel is faster)\n\n[c][c0c0c0](Close Tool Drone:[-][/c][c][00ff00] [ F5 ][-][/c][c][c0c0c0] )[-][/c][/sup],,,,,,,,[c][ffff00]Доберитесь до поселения[-][/c]\nна ховербайке\n[sup]\n([b]Северо-восточный[/b] остров.[/sup]\n[sup]Днём путешествовать быстрее.)\n\n[c][c0c0c0](Закройте дрон-инструмент:[-][/c][c][00ff00] [ F5 ][-][/c][c][c0c0c0] )[-][/c][/sup],,,,,,,,
pda_OqO0ai4,--,,,,,,,,--,,,,,,,,
pda_qeSea0u,"[i]< For the [c][ffffff]Generator[-][/c], better choose at a [b]spot away from you.[/b][/i]\n[i]... It will get [c][ffffff]hot[-][/c]. >[/i]",,,,,,,,[i]< Для [c][ffffff]генератора[-][/c] лучше выбрать [b]место подальше от себя.[/b][/i]\n[i]... Он будет [c][ffffff]нагреваться[-][/c]. >[/i],,,,,,,,
pda_eu8bW4S,Device List,,,,,,,,Список устройств,,,,,,,,
pda_mmuqSiR,Overview,,,,,,,,Обзор,,,,,,,,
pda_KumCKiC,--,,,,,,,,--,,,,,,,,
pda_OYiqEaS,"[i]( [c][c0c0c0]The Drill[-][/c] ) :                                                                                       [/i]\n\n[i]                < ... No wonder, the [c][ffffff]Generator [-][/c]got destroyed ! >         [/i]\n[i]                < And the Solar panels are missing a device, too... > [/i]\n\n\n\n\n[i]-----                                                                                                    [/i]\n[i][/i]\n( [b]Close [/b]the window, once you are done. )",,,,,,,,"[i]( [c][c0c0c0]Дрель[-][/c] ) :                                                                                       [/i]\n\n[i]                < ... Неудивительно, что [c][ffffff]генератор[-][/c] был уничтожен! >         [/i]\n[i]                < И у солнечных панелей тоже не хватает устройства... > [/i]\n\n\n\n\n[i]-----                                                                                                    [/i]\n[i][/i]\n( [b]Закройте[/b] окно, когда закончите. )",,,,,,,,
pda_8RRC8mi,Control panel [c][00ff00][P][-][/c],,,,,,,,Панель управления [c][00ff00][P][-][/c],,,,,,,,
pda_fCu6aaO,"[i]< Yes! - That's [c][ffffff]plant protein[-][/c].[/i]\n[i]For [c][ffff00]Food,[-][/c] Bandages, ... >[/i]\n[i][/i]\n[i]< The [c][ffffff]more [-][/c]of this, the better ...? >[/i]",,,,,,,,"[i]< Да! Это [c][ffffff]растительный белок[-][/c].[/i]\n[i]Для [c][ffff00]еды[-][/c], бинтов и прочего... >[/i]\n\n[i]< Чем [c][ffffff]больше[-][/c] его, тем лучше...? >[/i]",,,,,,,,
pda_4mmK40u,"[i]< Cute... - When [b]fully grown[/b], people do farm these for their [c][ffffff]meat[-][/c] ... >[/i]\n\n[i]< ... Better prepare for it. >[/i]",,,,,,,,"[i]< Милые... Когда они [b]полностью вырастут[/b], люди разводят их ради [c][ffffff]мяса[-][/c]... >[/i]\n\n[i]< ... Лучше подготовиться к этому. >[/i]",,,,,,,,
pda_iqWOOSM,"[i]< [c][ffffff]Select [-][/c]the Tent, and [c][ffff00]place it on the ground[-][/c] with [c][00ff00][LMB] [-][/c]>[/i]",,,,,,,,[i]< [c][ffffff]Выберите[-][/c] палатку и [c][ffff00]установите её на земле[-][/c] с помощью [c][00ff00][ЛКМ] [-][/c]>[/i],,,,,,,,
pda_m8oGS8G,Crft -on- Crafted [c][ffffff]Components[-][/c] in PC[i] [c][ff8000](OffBy:BiofuelCamp)[-][/c][/i],,,,,,,,Crft —on— созданы [c][ffffff]компоненты[-][/c] в ПК[i] [c][ff8000](OffBy:BiofuelCamp)[-][/c][/i],,,,,,,,
pda_iCm0Umq,Components,,,,,,,,Компоненты,,,,,,,,
pda_VWhu00C,...,,,,,,,,...,,,,,,,,
pda_OeSU4eS,--,,,,,,,,--,,,,,,,,
pda_e40maC0,InvOp - [c][ffffff]SpiderLoot[-][/c]  [c][ff8000]>C_Off[-][/c]  [i][c][ffff00]>FlotSig[-][/c][/i],,,,,,,,InvOp — [c][ffffff]добыча с паука[-][/c]  [c][ff8000]>C_Off[-][/c]  [i][c][ffff00]>FlotSig[-][/c][/i],,,,,,,,
pda_SGGeK6i,[sup][i]...[/i][/sup],,,,,,,,[sup][i]...[/i][/sup],,,,,,,,
pda_OaSbaum,..,,,,,,,,..,,,,,,,,
pda_ceCumWC,--,,,,,,,,--,,,,,,,,
pda_Km8q00e,"[i]Choice. - ''Door [c][ffffff]Hacking[-][/c]''   - - Please, [c][ffff00]click me[-][/c][/i]",,,,,,,,"[i]Выбор: «Взлом [c][ffffff]двери[-][/c]». — Пожалуйста, [c][ffff00]нажмите здесь[-][/c][/i]",,,,,,,,
pda_OaC8uxG,...,,,,,,,,...,,,,,,,,
pda_aaSGiO0,[i][c][c0c0c0]( Be close to the Farm... )[-][/c][/i],,,,,,,,[i][c][c0c0c0]( Будьте рядом с фермой... )[-][/c][/i],,,,,,,,
pda_S8COmre,\n[c][ffff00]Please click again [-][/c]on the title: [c][ffffff]'This is a mission chapter'[-][/c],,,,,,,,"\n[c][ffff00]Пожалуйста, ещё раз нажмите[-][/c] на заголовок: [c][ffffff]«Это глава задания»[-][/c]",,,,,,,,
pda_Xu0eOCO,\n\n[i]( Hacks [b]front doors[/b] of the Farm. )[/i]\n\n\n\n\n\n\n\n\n\n\n\n\n\n\n\n\n\n\n\n<---- [c][ffff00]Press This button[-][/c] to start mission.,,,,,,,,"\n\n[i]( Взламывает [b]парадные двери[/b] фермы. )[/i]\n\n\n\n\n\n\n\n\n\n\n\n\n\n\n\n\n\n\n\n<---- [c][ffff00]Нажмите эту кнопку[-][/c], чтобы начать задание.",,,,,,,,
pda_T880aqJ,[i]< Wayy more elegant... >[/i],,,,,,,,[i]< Гораздо изящнее... >[/i],,,,,,,,
pda_CiOCqaK,"[i]Choice. - ''Door [c][ffffff]Exploding[-][/c]''   - - Please, [c][ffff00]click me[-][/c][/i]",,,,,,,,"[i]Выбор: «Взрыв [c][ffffff]двери[-][/c]». — Пожалуйста, [c][ffff00]нажмите здесь[-][/c][/i]",,,,,,,,
pda_iqCq48W,...,,,,,,,,...,,,,,,,,
pda_0OGiaqp,...,,,,,,,,...,,,,,,,,
pda_i84mCCm,\n[c][ffff00]Please click again [-][/c]on the title: [c][ffffff]'This is a mission chapter'[-][/c],,,,,,,,"\n[c][ffff00]Пожалуйста, ещё раз нажмите[-][/c] на заголовок: [c][ffffff]«Это глава задания»[-][/c]",,,,,,,,
pda_0SGMamC,\n\n[i]( Triggers the [b]explosives at the broken backside[/b] of the Farm. )[/i]\n\n\n\n\n\n\n\n\n\n\n\n\n\n\n\n\n\n\n\n<---- [c][ffff00]Press This button[-][/c] to start mission.,,,,,,,,"\n\n[i]( Подрывает [b]взрывчатку у разрушенной задней стены[/b] фермы. )[/i]\n\n\n\n\n\n\n\n\n\n\n\n\n\n\n\n\n\n\n\n<---- [c][ffff00]Нажмите эту кнопку[-][/c], чтобы начать задание.",,,,,,,,
pda_meGOg8O,[i]< Okay. [c][ffffff]Explosives [-][/c]are on the broken [c][ffffff]backside [-][/c]door. [/i]\n[i]- Stay clear... >[/i],,,,,,,,[i]< Хорошо. [c][ffffff]Взрывчатка[-][/c] находится у повреждённой [c][ffffff]задней[-][/c] двери. [/i]\n[i]— Держитесь подальше... >[/i],,,,,,,,
pda_OWeSO0I,Place [b]CloneChamber[/b] next to Base block,,,,,,,,Установите [b]камеру клонирования[/b] рядом со стартовым блоком базы,,,,,,,,
pda_SSGOCCe,--,,,,,,,,--,,,,,,,,
pda_mGqmGGK,Home Spawn,,,,,,,,Точка возрождения,,,,,,,,
pda_m0uAh7m,Open Control Panel [P]\n[c][c0c0c0][i][sup](Select [[Main]] tab)[/sup][/i][-][/c],,,,,,,,Откройте панель управления [P]\n[c][c0c0c0][i][sup](Выберите вкладку [[Главное]])[/sup][/i][-][/c],,,,,,,,
pda_iCC03WO,--,,,,,,,,--,,,,,,,,
pda_u4mGCYH,"Tick Checkbox '[c][ffff80]Home Spawn[-][/c]',\nClose Control Panel",,,,,,,,"Установите флажок «[c][ffff80]Точка возрождения[-][/c]»,\nзакройте панель управления",,,,,,,,
pda_KiK0uiC,--,,,,,,,,--,,,,,,,,
pda_IiqiqWK,...,,,,,,,,...,,,,,,,,
pda_UKSGaaO,...,,,,,,,,...,,,,,,,,
pda_OeWoqu4,--,,,,,,,,--,,,,,,,,
pda_KeOGeWm,Overview,,,,,,,,Обзор,,,,,,,,
pda_0OUequq,--,,,,,,,,--,,,,,,,,
pda_QiCG0Wu,[i]...[/i],,,,,,,,[i]...[/i],,,,,,,,
pda_0aem0KK,[i]...[/i],,,,,,,,[i]...[/i],,,,,,,,
pda_aemC0Wk,--,,,,,,,,--,,,,,,,,
pda_aiGumu4,[i]< Good. >[/i][i][/i]\n[i]< This will keep the [b]troops [/b][c][ffffff]away[-][/c]. >[/i],,,,,,,,[i]< Хорошо. >[/i][i][/i]\n[i]< Это не подпустит [b]войска[/b] [c][ffffff]близко[-][/c]. >[/i],,,,,,,,
pda_SCeCUKG,"_________ [i](Garden, other triggers)[/i]",,,,,,,,"_________ [i](Сад, другие триггеры)[/i]",,,,,,,,
pda_CwGmu4G,--,,,,,,,,--,,,,,,,,
pda_i4qKCSc,--,,,,,,,,--,,,,,,,,
pda_amCGq0e,--,,,,,,,,--,,,,,,,,
pda_4qKaSAC,[c][0080ff](nPOI)[-][/c] - Logistics[c][ffffff]Cache[-][/c] [i][c][ff8000](OnByT: ConnectBox) [-][/c][/i][c][ff8000]>C_On x2[-][/c],,,,,,,,[c][0080ff](nPOI)[-][/c] — логистический[c][ffffff] тайник[-][/c] [i][c][ff8000](OnByT: ConnectBox) [-][/c][/i][c][ff8000]>C_On x2[-][/c],,,,,,,,
pda_WiOCOaS,Check area,,,,,,,,Осмотрите местность,,,,,,,,
pda_auxm08c,Follow the rough direction[c][ffffff][-][/c],,,,,,,,Следуйте в примерном направлении[c][ffffff][-][/c],,,,,,,,
pda_mwsWGa8,--,,,,,,,,--,,,,,,,,
pda_Gume40W,[i]< Scanning ... >[/i],,,,,,,,[i]< Сканирование... >[/i],,,,,,,,
pda_guqt0ui,...,,,,,,,,...,,,,,,,,
pda_8uauGCF,--,,,,,,,,--,,,,,,,,
pda_aeKuWCe,"[i]< ... Um ...[/i]\n[i]Could you [c][ffff00]check that sandy area[-][/c] there ... ? >[/i]\n\n[i]< For a tiny moment, I think [c][ffffff]detected [-][/c]something there ... [/i]\n[i]R[/i][i]eally [b]strange[/b]... ?  [/i][i]>[/i]",,,,,,,,"[i]< ... Эм...[/i]\n[i]Не могли бы вы [c][ffff00]проверить тот песчаный участок[-][/c]...? >[/i]\n\n[i]< На мгновение, кажется, я [c][ffffff]обнаружил[-][/c] там что-то... [/i]\n[i]Действительно [b]странное[/b]... ?  [/i][i]>[/i]",,,,,,,,
pda_WCSq0K8,Connecting to a box,,,,,,,,Подключение к ящику,,,,,,,,
pda_Omqueqm,"In Logistics [c][00ff00][ F4 ] [-][/c]:\n- Press the large '[c][ffff00]wireless[-][/c]' [c][ffff00]symbol[-][/c]. [i](middle row, topmost)[/i]",,,,,,,,"В логистике [c][00ff00][ F4 ] [-][/c]:\n— Нажмите большой [c][ffff00]значок[-][/c] [c][ffff00]беспроводной сети[-][/c]. [i](средний ряд, самый верхний)[/i]",,,,,,,,
pda_eueepuO,--,,,,,,,,--,,,,,,,,
pda_maWuqG8,CPU,,,,,,,,ЦП,,,,,,,,
pda_48CiCqW,Select Control Panel [P]\n[[CPU Statistics]] tab,,,,,,,,Выберите панель управления [P]\nвкладка [[Статистика ЦП]],,,,,,,,
pda_OGGaK6C,--,,,,,,,,--,,,,,,,,
pda_G8e8KA4,[u][c][ffffff]CPU[-][/c][/u]:\n\n- [b]Soft limit[/b] for a structure's use\n- Exceeding it will make it slower / less powerful\n\n- Increase leeway by placing CPU Extenders\n\n[[[c][ffffff] OK [-][/c]]][c][ffffff] for next page[-][/c]  ( 1 of 2 ),,,,,,,,"[u][c][ffffff]ЦП[-][/c][/u]:\n\n— [b]Мягкое ограничение[/b] для работы конструкции\n— При превышении конструкция станет медленнее / слабее\n\n— Увеличьте запас, размещая расширители ЦП\n\n[[[c][ffffff] OK [-][/c]]][c][ffffff] — следующая страница[-][/c]  ( 1 из 2 )",,,,,,,,
pda_W5AKGGG,WnOp - Logistics [c][ffffff]ConnectBox [i][c][ff8000](OnByT: LostGarden) (OffByT: LogiCache) >C_OnT[-][/c][/i][-][/c],,,,,,,,WnOp — логистика [c][ffffff]подключение к ящику[-][/c] [i][c][ff8000](OnByT: LostGarden) (OffByT: LogiCache) >C_OnT[-][/c][/i][-][/c],,,,,,,,
pda_84SWeu4,(Connected to box),,,,,,,,(Подключено к ящику),,,,,,,,
pda_eiKWSj0,[c][00ff00][ T ] [-][/c]To switch toolbars,,,,,,,,[c][00ff00][ T ] [-][/c]Чтобы переключать панели быстрого доступа,,,,,,,,
pda_amSOSiK,--,,,,,,,,--,,,,,,,,
pda_Iam3CSS,Switch between Toolbars,,,,,,,,Переключение между панелями быстрого доступа,,,,,,,,
pda_WmgCuSq,- [c][ffff00]Press [-][/c][c][00ff00][T] [-][/c]to bring up your toolbar.\n\n- [c][ffff00]Select [-][/c]your [c][ffff00]Multitool[-][/c] in it[c][ffff00][-][/c],,,,,,,,"- [c][ffff00]Нажмите[-][/c][c][00ff00][T] [-][/c], чтобы открыть панель быстрого доступа.\n\n- [c][ffff00]Выберите[-][/c] в ней [c][ffff00]мультитул[-][/c][c][ffff00][-][/c]",,,,,,,,
pda_uOCOCeW,--,,,,,,,,--,,,,,,,,
pda_s8QO4SO,Pick up building Blocks\n[i][sub]([c][00ff00] [T][-][/c] to switch toolbars,[/sub][sup]\nMultitool '[c][ffff00]Retrieve Blocks[-][/c]' mode)[/sup][/i],,,,,,,"Подберите строительные блоки\n[i][sub]([c][00ff00] [T][-][/c], чтобы переключать панели быстрого доступа",,,,,,,,
pda_iQIqsm0,...,,,,,,,,...,,,,,,,,
pda_KWCG0Cb,---,,,,,,,,---,,,,,,,,
pda_KOeOeHu,"[i]< [c][ffff00]Pick up[-][/c] some [c][ffffff]plants,[-][/c] and their [c][ffff00]growing plots[-][/c]. >[/i]\n\n[i]< ... Use the [c][ffffff]""Retrieve Blocks""[-][/c] mode from the [b]Multitool[/b] [c][00ff00][RMB] [-][/c].[/i]\n[i]... [T] to switch toolbars. >[/i]",,,,,,,,[i]< [c][ffff00]Подберите[-][/c] несколько [c][ffffff]растений[-][/c] и их [c][ffff00]грядки[-][/c]. >[/i]\n\n[i]< ... Используйте на [b]мультитуле[/b] режим «[c][ffffff]Извлечение блоков[-][/c]» [c][00ff00][ПКМ] [-][/c].[/i]\n[i]... [T] — чтобы переключать панели быстрого доступа. >[/i],,,,,,,,
pda_uOaiGIa,Place [b]Fuel Tank[/b],,,,,,,,Установите [b]топливный бак[/b],,,,,,,,
pda_0ieGKei,--,,,,,,,,--,,,,,,,,
pda_U8OCGuq,[i]< Phew. - This has been a really [b]fun [/b]ride. >[/i]\n[i][/i]\n[i]< - Thank you... > [/i],,,,,,,,[i]< Фух. Это была действительно [b]увлекательная[/b] поездка. >[/i]\n[i][/i]\n[i]< — Спасибо... > [/i],,,,,,,,
pda_8aTee44,"[u][c][ffffff]Space Drones[-][/c][/u]: \n\nSmall [c][ffffff]Exclamation mark[-][/c] next to marker:\nDrone is alerted, will search out your last position.\n... [c][ffffff]Calling in heavy reinforcements,[-][/c][b] to hunt you down.[/b]\n\n(Keep moving, and use a [b]Detector [/b]to reveal drone locations)",,,,,,,,"[u][c][ffffff]Космические дроны[-][/c][/u]: \n\nМаленький [c][ffffff]восклицательный знак[-][/c] рядом с маркером:\nДрон насторожен и будет искать вашу последнюю позицию.\n... [c][ffffff]Вызывает тяжёлое подкрепление[-][/c], [b]чтобы выследить вас.[/b]\n\n(Не останавливайтесь и используйте [b]детектор[/b], чтобы обнаруживать дронов)",,,,,,,,
pda_amg50i4,WnOp -[c][ffffff] BP[-][/c]Select   [i][c][ff8000](RwByT: InsideWork)[-][/c][/i],,,,,,,,WnOp —[c][ffffff] выбор чертежа[-][/c]   [i][c][ff8000](RwByT: InsideWork)[-][/c][/i],,,,,,,,
pda_iSGKaiG,Filling heavy blocks into Factory,,,,,,,,Загрузка тяжёлых блоков в фабрику,,,,,,,,
pda_8Cmii48,- [c][00ff00][ F2 ][-][/c]  (at [c][00ff00][[Factory ]][-][/c] tab)\n- Draw Constructors into the -> [  ] <- resource slot.,,,,,,,,- [c][00ff00][ F2 ][-][/c] (на вкладке [c][00ff00][[Фабрика ]][-][/c])\n- Перетащите конструкторы в слот ресурсов -> [  ] <-.,,,,,,,,
pda_i8iO4Ki,---,,,,,,,,---,,,,,,,,
pda_qq8OOGe,[u][c][ffffff]Tent[-][/c][/u][i]:[/i]\n\n[b][c][ff8000]Revive [-][/c][/b]here in case of death.\n[sup](Nearest Tent chosen)[/sup]\n\n[c][ffffff]Sleeping [-][/c]will forward time\n - With all its effects.\n\n\n\n--,,,,,,,,[u][c][ffffff]Палатка[-][/c][/u][i]:[/i]\n\n[b][c][ff8000]Возродитесь[-][/c][/b] здесь в случае смерти.\n[sup](Выбирается ближайшая палатка)[/sup]\n\n[c][ffffff]Сон[-][/c] перематывает время\n— со всеми последствиями.\n\n\n\n--,,,,,,,,
pda_qai8aa4,Checking for Devices[c][00ff00][-][/c],,,,,,,,Проверка устройств[c][00ff00][-][/c],,,,,,,,
pda_aHm4u8m,[sub]- Control Panel [c][00ff00][P][-][/c] ...[/sub]\n... [c][ffff00]Select[-][/c] [c][ffffff][[Device List]][-][/c] [c][ffff00]tab[-][/c],,,,,,,,[sub]— Панель управления [c][00ff00][P][-][/c]...[/sub]\n... [c][ffff00]Выберите[-][/c] вкладку [c][ffffff][[Список устройств]][-][/c] [c][ffff00][-][/c],,,,,,,,
pda_mm7amuq,--,,,,,,,,--,,,,,,,,
pda_QeG0O8i,[u][c][ffffff]Overview[-][/c][/u] (2) : \n\n/\       [i]Top row of [b]Tabs[/b][/i]    /\\n[i][sub]E.g. [[ Device List]] [[ Signal Logic ]] ...[/sub][/i]\n\n... To: [b]Specialized [/b]controls,,,,,,,,[u][c][ffffff]Обзор[-][/c][/u] (2): \n\n/\\       [i]Верхний ряд [b]вкладок[/b][/i]    /\\\n[i][sub]Например: [[ Список устройств]] [[ Логика сигналов ]] ...[/sub][/i]\n\n... Для [b]специализированного[/b] управления,,,,,,,,
pda_048WKeq,Block Replacement,,,,,,,,Замена блока,,,,,,,,
pda_GaMaC4i,"[c][ffff00]Open [-][/c][c][ffffff]Container Controller[-][/c]\n[i][sup][c][c0c0c0]Access with[-][/c] [c][00ff00][F][-][/c] [c][c0c0c0], like a container[-][/c][/sup][/i]",,,,,,,,"[c][ffff00]Откройте[-][/c] [c][ffffff]контроллер контейнера[-][/c]\n[i][sup][c][c0c0c0]Откройте клавишей[-][/c] [c][00ff00][F][-][/c] [c][c0c0c0], как контейнер[-][/c][/sup][/i]",,,,,,,,
pda_C8uKeK8,--,,,,,,,,--,,,,,,,,
pda_etCi4S4,"[i]< Those [c][ffffff]missing devices[-][/c], we have to [b]replace[/b]. [/i]\n[i]Otherwise the base stays dead. >[/i]\n\n[i]< There is ...[/i]\n[i]- Please [c][ffff00]Open the [-][/c] [c][ffff00]Container controller[-][/c], next to the old Core location...? >[/i]",,,,,,,,"[i]< Те [c][ffffff]недостающие устройства[-][/c] нужно [b]заменить[/b]. [/i]\n[i]Иначе база останется нерабочей. >[/i]\n\n[i]< Здесь есть...[/i]\n[i]— Пожалуйста, [c][ffff00]откройте[-][/c] [c][ffff00]контроллер контейнера[-][/c] рядом со старым местом ядра... >[/i]",,,,,,,,
pda_GiKmW4C,(Close Control panel),,,,,,,,(Закройте панель управления),,,,,,,,
pda_mqunHie,--,,,,,,,,--,,,,,,,,
pda_i4vuSOG,"\n\n\n[u][/u][c][ffffff][u]Placement Controls[/u]:[-][/c]\n[sub]Rotate:  [c][00ff00][HOME][-][/c] , [c][00ff00][END][-][/c]\n     Axis:  [c][00ff00][INS] [-][/c], [c][00ff00][DEL][-][/c][/sub]\n[sub][c][c0c0c0]Place the block: [ F ][-][/c][/sub]\n\n\n[c][c0c0c0].[-][/c]",,,,,,,,"\n\n\n[u][/u][c][ffffff][u]Управление размещением[/u]:[-][/c]\n[sub]Поворот: [c][00ff00][HOME][-][/c], [c][00ff00][END][-][/c]\n     Ось: [c][00ff00][INS] [-][/c], [c][00ff00][DEL][-][/c][/sub]\n[sub][c][c0c0c0]Разместить блок: [ F ][-][/c][/sub]\n\n\n[c][c0c0c0].[-][/c]",,,,,,,,
pda_uKiQOqO,--,,,,,,,,--,,,,,,,,
pda_GCq0q0q,"[i]< [c][ffff00]Place these devices[-][/c] at a safe spot. >[/i]\n[i][/i]\n[i]< You can [b][c][ffffff]rotate [-][/c][/b]a device with [/i][c][00ff00][HOME] [-][/c][i], [/i][c][00ff00][END] [-][/c].[i] >\n\n< Change the [c][ffffff]rotation [b]axis[/b][-][/c][b][/b] with [/i][c][00ff00][INS] [-][/c][i],[c][00ff00][-][/c][/i][c][00ff00][DEL][-][/c][i][c][00ff00][-][/c]. >[/i]",,,,,,,,"[i]< [c][ffff00]Разместите эти устройства[-][/c] в безопасном месте. >[/i]\n[i][/i]\n[i]< Устройство можно [b][c][ffffff]поворачивать[-][/c][/b] клавишами [/i][c][00ff00][HOME] [-][/c][i], [/i][c][00ff00][END] [-][/c].[i] >\n\n< Изменяйте [c][ffffff]ось [b]поворота[/b][-][/c][b][/b] клавишами [/i][c][00ff00][INS] [-][/c][i],[c][00ff00][-][/c][/i][c][00ff00][DEL][-][/c][i][c][00ff00][-][/c]. >[/i]",,,,,,,,
pda_BiSau8m,[u][c][ffffff]Devices tab[-][/c][/u]:\n\n\n[sup]< Left:                                                                             [/sup]\n\nAll Base blocks with functions. (='Devices')\n[i][c][c0c0c0]... Sorted into groups [-][/c]                                   \n[c][c0c0c0]... Check for [-][/c][c][ffffff]damage [c][c0c0c0][-][/c][-][/c][c][c0c0c0]& missing blocks      [-][/c][/i]\n\n\n\n                                                           [sup]Right: >   [/sup]\n\n              ... To access the selected Devices.,,,,,,,,[u][c][ffffff]Вкладка устройств[-][/c][/u]:\n\n\n[sup]< Слева:                                                                             [/sup]\n\nВсе блоки базы с функциями (= «устройства»).\n[i][c][c0c0c0]... Отсортированы по группам[-][/c]                                   \n[c][c0c0c0]... Проверяйте[-][/c][c][ffffff] повреждения[c][c0c0c0][-][/c][-][/c][c][c0c0c0] и отсутствующие блоки[-][/c][/i]\n\n\n\n                                                           [sup]Справа: >   [/sup]\n\n              ... Доступ к выбранным устройствам.,,,,,,,,
pda_a4i8Wq8,[i]< Scanning >[/i],,,,,,,,[i]< Сканирование >[/i],,,,,,,,
pda_me8emCW,...,,,,,,,,...,,,,,,,,
pda_MmOuUWG,--,,,,,,,,--,,,,,,,,
pda_GC2haW0,"[i]< But on such a [b]lush [/b]planet, energy is [b]easy to find[/b]... >[/i]",,,,,,,,[i]< Но на такой [b]богатой[/b] планете энергию [b]легко найти[/b]... >[/i],,,,,,,,
pda_iGqmCSa,"[c][0080ff](nPOI)[-][/c] -alw- Lost[c][ffffff]Garden[-][/c] [c][ffffff]early  [-][/c][c][ff80ff][i][c][ff8000](OffBy: NoMTyet, HasMT , LostGarden[-][/c][c][ff8000])[-][/c][/i][-][/c]",,,,,,,,"[c][0080ff](nPOI)[-][/c] — всегда — потерянный[c][ffffff] сад[-][/c] [c][ffffff]ранний[-][/c][c][ff80ff][i][c][ff8000](OffBy: NoMTyet, HasMT , LostGarden[-][/c][c][ff8000])[-][/c][/i][-][/c]",,,,,,,,
pda_KCaCuGu,Valuables,,,,,,,,Ценности,,,,,,,,
pda_hmCOG84,...,,,,,,,,...,,,,,,,,
pda_4iaa9uu,---,,,,,,,,---,,,,,,,,
pda_eGWUquW,Sig - [c][ffffff]Peeking[-][/c] doors of Workshop [i][c][ff8000](OffBy: OpenHangar) [-][/c][/i][c][ff8000]>C_offT[-][/c],,,,,,,,Sig — [c][ffffff]осмотр[-][/c] дверей мастерской [i][c][ff8000](OffBy: OpenHangar) [-][/c][/i][c][ff8000]>C_offT[-][/c],,,,,,,,
pda_WOC4u8S,...,,,,,,,,...,,,,,,,,
pda_muKiSaa,...,,,,,,,,...,,,,,,,,
pda_k43WUu0,---,,,,,,,,---,,,,,,,,
pda_G4SOK4q,"[i]<  .... You can [b]find their location[/b] with the Base's interface. >[/i]\n[i][/i]\n[i]< [c][ffffff]Point at the floor[-][/c], [/i]\n[i]then open [c][ffff00]Control Panel[-][/c] [c][00ff00][P][-][/c] ... >[/i]",,,,,,,,"[i]< .... Их [b]местоположение можно найти[/b] через интерфейс базы. >[/i]\n[i][/i]\n[i]< [c][ffffff]Наведите курсор на пол[-][/c], [/i]\n[i]затем откройте [c][ffff00]панель управления[-][/c] [c][00ff00][P][-][/c]... >[/i]",,,,,,,,
pda_Wi84K8W,Check Solar Panels,,,,,,,,Проверьте солнечные панели,,,,,,,,
pda_4OsG4eG,"1) At the bottom of the Device list\n[sup](At: ""Ungrouped"")[/sup]\n- [c][ffffff]Click on [c][ffff00]'Solar Panel (Horizontal)'[-][/c][-][/c]\n\n2) At upper screen right\n- Activate[c][ffffff] switch[-][/c][c][ffff00] 'Show on HUD'[-][/c]\n\n\n- Then [c][ffffff]Close[-][/c] Control Panel",,,,,,,,1) В нижней части списка устройств\n[sup](в разделе «Без группы»)[/sup]\n- [c][ffffff]Нажмите на [c][ffff00]«Солнечная панель (горизонтальная)»[-][/c][-][/c]\n\n2) В правой верхней части экрана\n- Включите[c][ffffff] переключатель[-][/c][c][ffff00] «Показывать на HUD»[-][/c]\n\n\n- Затем [c][ffffff]закройте[-][/c] панель управления,,,,,,,,
pda_sCme8mC,Check Solar Panels,,,,,,,,Проверьте солнечные панели,,,,,,,,
pda_fqOauaW,"Find & [c][ffff00]Follow Marker[-][/c] to [b]roof [/b]location\n[sup]( ""Solar Panel 2 (Horizontal)"" )[/sup]",,,,,,,,Найдите и [c][ffff00]следуйте по маркеру[-][/c] к месту на [b]крыше[/b]\n[sup](«Солнечная панель 2 (горизонтальная)»)[/sup],,,,,,,,
pda_0O0iWCq,--,,,,,,,,--,,,,,,,,
pda_eKCOCin,--,,,,,,,,--,,,,,,,,
pda_KwaqOWu,"1) At the bottom of the Device list\n[sup](Ungrouped, first entry)[/sup]\n- [c][ffffff]Click on [c][ffff00]""Solar Panel 2 (Horizontal)""[-][/c][-][/c]\n\n2) At upper screen right\n- Activate[c][ffffff] switch[-][/c][c][ffff00] ""Show on HUD""[-][/c]\n\n\n---\n( Then: [b]Close[/b] Control Panel",,,,,,,,"1) В нижней части списка устройств\n[sup](«Без группы», первая запись)[/sup]\n- [c][ffffff]Нажмите на [c][ffff00]«Солнечная панель 2 (горизонтальная)»[-][/c][-][/c]\n\n2) В правой верхней части экрана\n- Включите[c][ffffff] переключатель[-][/c][c][ffff00] «Показывать на HUD»[-][/c]\n\n\n---\n( Затем [b]закройте[/b] панель управления",,,,,,,,
pda_aKmuqCG,[i]< That should be it...? >[/i]\n[i][/i]\n[i]< The panels are [c][ffffff]on the roof[-][/c] of the Base. [/i]\n[c][ffff00]Get [-][/c][i][/i][c][ffff00]close to the panel[-][/c][i][c][ffff00][-][/c] you selected. >[/i],,,,,,,,"[i]< Кажется, всё...? >[/i]\n[i][/i]\n[i]< Панели находятся [c][ffffff]на крыше[-][/c] базы. [/i]\n[c][ffff00]Подойдите[-][/c][i][/i][c][ffff00] ближе к выбранной панели[-][/c][i][c][ffff00][-][/c]. >[/i]",,,,,,,,
pda_qqe8i4a,"[i]< [c][ffffff]Check the displays[-][/c] at the end of the panel... One [b]Green[/b], one [b]Yellow[/b]. >[/i]",,,,,,,,"[i]< [c][ffffff]Проверьте индикаторы[-][/c] на краю панели... Один [b]зелёный[/b], другой [b]жёлтый[/b]. >[/i]",,,,,,,,
pda_caSGS0C,Solar Power Stats,,,,,,,,Показатели солнечной энергии,,,,,,,,
pda_GgmOCue,Get close to marker\n[sup](See large white arrows on this Base)[/sup],,,,,,,,Подойдите к маркеру\n[sup](На этой базе видны большие белые стрелки)[/sup],,,,,,,,
pda_m8ieve0,--,,,,,,,,--,,,,,,,,
pda_G08SGiS,Direct access,,,,,,,,Прямой доступ,,,,,,,,
pda_CS0OauO,- Aim at the solar panel\n- Press [c][00ff00][P] [-][/c]for Control Panel,,,,,,,,"- Наведите курсор на солнечную панель\n- Нажмите [c][00ff00][P] [-][/c], чтобы открыть панель управления",,,,,,,,
pda_wOSKahm,[i]< ... This [b]directly selects[/b] it in the Device List! >[/i]\n\n[i]< Useful if you want to quickly tweak things... >[/i],,,,,,,,"[i]< ... Это [b]сразу выбирает[/b] её в списке устройств! >[/i]\n\n[i]< Полезно, если нужно быстро что-то настроить... >[/i]",,,,,,,,
pda_aai4qem,Power stats,,,,,,,,Показатели энергии,,,,,,,,
pda_W8muG00,(Close Control Panel),,,,,,,,(Закройте панель управления),,,,,,,,
pda_CK0iwme,[i]< You can see your full [b]power stats[/b][/i]\n[i] under that [/i]''[c][ffffff]POWER / FUEL[-][/c]'' [i]column.>[/i]\n\n\n[i]<  ... Your [b]fuel[/b]-based gives about    [/i]\n[i][b]thirty times [/b]the power ... !                           [/i]\n\n---\n([c][ffffff]Close window[-][/c] when done)[c][ff80ff][-][/c],,,,,,,,"[i]< Полную [b]статистику энергии[/b] можно увидеть[/i]\n[i] в столбце [/i]«[c][ffffff]ЭНЕРГИЯ / ТОПЛИВО[-][/c]».>[/i]\n\n\n[i]< ... Энергия от [b]топлива[/b] даёт примерно [/i]\n[i][b]в тридцать раз[/b] больше мощности...!                           [/i]\n\n---\n([c][ffffff]Закройте окно[-][/c], когда закончите.)[c][ff80ff][-][/c]",,,,,,,,
pda_GqSGWKG,--,,,,,,,,--,,,,,,,,
pda_C88qauW,--,,,,,,,,--,,,,,,,,
pda_Oi0a4eK,"< [i]Even with more panels -  Solar is often just a [c][ffffff]power saver[-][/c], [/i]\n[i]not a main source.... >                       [/i]",,,,,,,,"< [i]Даже с большим числом панелей солнечная энергия часто служит лишь [c][ffffff]экономией энергии[-][/c], [/i]\n[i]а не основным источником... >                       [/i]",,,,,,,,
pda_anqiqqO,[i]<[c][ffffff] Green[-][/c]- -  for total [c][ffffff]Efficiency[-][/c]. - If the place is good. >[/i]\n\n[i]< [c][ffffff]Yellow [-][/c]- - is [c][ffffff]Current [-][/c][b]Power [/b]output.  >[/i]\n\n[i]<... These things should not be in the shade...[/i]\n[i]And you always need [b]both[/b]. Panel and Capacitor. >[/i],,,,,,,,"[i]< [c][ffffff]Зелёный[-][/c] — общая [c][ffffff]эффективность[-][/c], если место удачное. >[/i]\n\n[i]< [c][ffffff]Жёлтый[-][/c] — текущая [c][ffffff]выходная[/c] [b]мощность[/b]. >[/i]\n\n[i]< ... Эти устройства не должны находиться в тени...[/i]\n[i]И всегда нужны [b]оба[/b]: панель и конденсатор. >[/i]",,,,,,,,
pda_K4Weqa4,\n2- Then [c][ffffff]switch to[-][/c] [c][ffff00][[ Statistics ]][-][/c] tab.,,,,,,,,\n2 — Затем [c][ffffff]переключитесь на[-][/c] вкладку [c][ffff00][[ Статистика ]][-][/c].,,,,,,,,
pda_Sqmi8S8,--,,,,,,,,--,,,,,,,,
pda_COmouu8,Remove marker\n[sup][c][c0c0c0](Control Panel [P])[-][/c][/sup],,,,,,,,Уберите маркер\n[sup][c][c0c0c0](Панель управления [P])[-][/c][/sup],,,,,,,,
pda_CmWeOii,"1- In the [c][ffffff][[ Device List ]] [-][/c], [c][ffff00]turn off the marker[-][/c]\n[i][sup](Select the Ungrouped Solar panel, turn slider off)[/sup][/i]",,,,,,,,1 — В [c][ffffff][[ Списке устройств ]] [-][/c] [c][ffff00]выключите маркер[-][/c]\n[i][sup](Выберите солнечную панель из раздела «Без группы» и выключите ползунок.)[/sup][/i],,,,,,,,
pda_8Wqu0aK,--,,,,,,,,--,,,,,,,,
pda_4iuaGa8,"[i]< [c][ffffff]First,[-][/c] better [c][ffff00]turn off the[-][/c][/i] [i][c][ffff00]marker[-][/c][/i].[i] >[/i]\n[sub](Solar Panel, Upper right screen, turn off 'Show on HUD'  )[/sub]\n[i]< Else it will be shown all the time... >[/i]\n\n--\n\n[i]< [c][ffffff]Once done, [-][/c]then please [c][ffff00]switch to the [-][/c][/i][c][ffff00][i][/i][[ Statistics ]] [-][/c][i]tab. >[/i]",,,,,,,,"[i]< [c][ffffff]Сначала[-][/c] лучше [c][ffff00]выключите[/c][/i] [i][c][ffff00]маркер[-][/c][/i].[i] >[/i]\n[sub](Солнечная панель, верхний правый угол экрана: выключите «Показывать на HUD».)[/sub]\n[i]< Иначе он будет отображаться постоянно... >[/i]\n\n--\n\n[i]< [c][ffffff]Когда закончите,[-][/c] переключитесь на вкладку [-][/c][/i][c][ffff00][i][/i][[ Статистика ]] [-][/c][i]. >[/i]",,,,,,,,
pda_Kem7mWG,Solar Power Stats,,,,,,,,Показатели солнечной энергии,,,,,,,,
pda_0K8Caqu,...,,,,,,,,...,,,,,,,,
pda_XuqCmKC,--,,,,,,,,--,,,,,,,,
pda_CoieKxW,...,,,,,,,,...,,,,,,,,
pda_K0G0iiO,--,,,,,,,,--,,,,,,,,
pda_ACq4u8E,[c][ffffff]Crft[-][/c] -off- [c][80ffff]CalSig[-][/c] [c][ffffff]Crafted [-][/c]biofuel[c][ff8000] [i](OnByT:BiofuelCamp)[/i][-][/c]         [c][ff80ff][c][ff8000]>C_Rw >C_Off[-][/c][-][/c],,,,,,,,[c][ffffff]Crft[-][/c] —off— [c][80ffff]CalSig[-][/c] создано [c][ffffff]биотопливо[-][/c][c][ff8000] [i](OnByT:BiofuelCamp)[/i][-][/c]         [c][ff80ff][c][ff8000]>C_Rw >C_Off[-][/c][-][/c],,,,,,,,
pda_C4OmaqW,Crafting done.,,,,,,,,Создание завершено.,,,,,,,,
pda_uOq44C0,...,,,,,,,,...,,,,,,,,
pda_8qWGuSm,--,,,,,,,,--,,,,,,,,
pda_citmSOu,InvOp - [c][ffffff]HowToPower[-][/c] O2Cond [c][ff8000]>C_Off x3[-][/c],,,,,,,,InvOp — [c][ffffff]как питать[-][/c] конденсатор O2 [c][ff8000]>C_Off x3[-][/c],,,,,,,,
pda_0SGG0ia,...,,,,,,,,...,,,,,,,,
pda_meGSOmC,...,,,,,,,,...,,,,,,,,
pda_EKqne4O,--,,,,,,,,--,,,,,,,,
pda_aiq3Om0,Blkplc - O2 Condenser - Needs fuel[i][c][ff8000] (Offby:O2HowPow)[-][/c][/i],,,,,,,,Blkplc — конденсатор O2 — требуется топливо[i][c][ff8000] (Offby:O2HowPow)[-][/c][/i],,,,,,,,
pda_uMieCiQ,O2 Generator,,,,,,,,Генератор O2,,,,,,,,
pda_Smiu6SW,- Access with [c][00ff00][F][-][/c],,,,,,,,- Откройте клавишей [c][00ff00][F][-][/c],,,,,,,,
pda_4w8u0SC,--,,,,,,,,--,,,,,,,,
pda_eUWGumm,"[c][0080ff]Mrk[-][/c] - [c][ffffff]Cargo [-][/c]Array [c][ff8000][i](RwByT: ControlP, OffBy: ControlP & CargoArray [/i])[-][/c]",,,,,,,,"[c][0080ff]Mrk[-][/c] — [c][ffffff]грузовой[-][/c] массив [c][ff8000][i](RwByT: ControlP, OffBy: ControlP & CargoArray [/i])[-][/c]",,,,,,,,
pda_v40q4Ta,Cargo Array,,,,,,,,Грузовой массив,,,,,,,,
pda_uG0Wu4m,...,,,,,,,,...,,,,,,,,
pda_UWSCG46,--,,,,,,,,--,,,,,,,,
pda_sPHaqaS,No Fuel,,,,,,,,Нет топлива,,,,,,,,
pda_00QigW0,[i](Close Control Panel)[/i],,,,,,,,[i](Закройте панель управления)[/i],,,,,,,,
pda_00ieeKG,--,,,,,,,,--,,,,,,,,
pda_8N2Ska8,"[i]< ... This base will[b] turn off[/b] soon. >[/i]\n\n[i]< And with it all systems, like Fridges, Weapons... >[/i]\n\n[i]< ... [c][ffffff]Needs more fuel [-][/c]than that.. >[/i]",,,,,,,,"[i]< ... Эта база скоро [b]отключится[/b]. >[/i]\n\n[i]< И вместе с ней все системы: холодильники, оружие... >[/i]\n\n[i]< ... Требуется [c][ffffff]больше топлива[-][/c], чем это... >[/i]",,,,,,,,
pda_mmuKw88,No Fuel,,,,,,,,Нет топлива,,,,,,,,
pda_64GK4SW,...,,,,,,,,...,,,,,,,,
pda_eamm0qK,--,,,,,,,,--,,,,,,,,
pda_mu8KQie,[i]< The [c][ffffff]Fuel Tank[-][/c] [b]exploded[/b] ... - And the  new one is [c][ffffff]empty [-][/c]... >[/i],,,,,,,,[i]< [c][ffffff]Топливный бак[-][/c] [b]взорвался[/b]... А новый [c][ffffff]пуст[-][/c]... >[/i],,,,,,,,
pda_oOgC2O4,"[sup]At Control Panel [c][00ff00][P][-][/c],\n in [[Main]] tab,[/sup]\n[c][ffffff]Use [c][ffff00][[>>Power]] switch[-][/c][-][/c]",,,,,,,,"[sup]В панели управления [c][00ff00][P][-][/c],\nна вкладке [[Главное]],[/sup]\n[c][ffffff]используйте переключатель [c][ffff00][[>>Питание]][-][/c][-][/c]",,,,,,,,
pda_aeSWqWK,--,,,,,,,,--,,,,,,,,
pda_48uimSC,Open Fuel Tank interface,,,,,,,,Откройте интерфейс топливного бака,,,,,,,,
pda_OmaqGq4,"Get close, point at & [c][ffffff]access Fuel Tank[-][/c] with[c][00ff00] [F][-][/c]",,,,,,,,"Подойдите, наведите курсор и [c][ffffff]откройте топливный бак[-][/c] клавишей[c][00ff00] [F][-][/c]",,,,,,,,
pda_KaaahWq,--,,,,,,,,--,,,,,,,,
pda_qKeWmKC,Collect Fuel,,,,,,,,Соберите топливо,,,,,,,,
pda_jQK0wiu,Take Biofuel,,,,,,,,Возьмите биотопливо,,,,,,,,
pda_iXO4mq8,--,,,,,,,,--,,,,,,,,
pda_qqE4iGO,"[i]< Ok! >[/i]\n\n[i]< Now, [b]back [/b]to your [c][ffffff]Fuel Tank.[-][/c][/i]\n[i][c][ffff00]Access [-][/c]it with[c][00ff00] [ F][-][/c] ... >[/i]",,,,,,,,[i]< Хорошо! >[/i]\n\n[i]< Теперь [b]вернитесь[/b] к своему [c][ffffff]топливному баку[-][/c].[/i]\n[i][c][ffff00]Откройте[-][/c] его клавишей[c][00ff00] [F][-][/c]... >[/i],,,,,,,,
pda_S0YMCSG,Open Repository at ceiling,,,,,,,,Откройте контейнер на потолке,,,,,,,,
pda_e4Om8Wm,Collect Fuel,,,,,,,,Соберите топливо,,,,,,,,
pda_GuC8eex,...,,,,,,,,...,,,,,,,,
pda_kiCmWOM,"[i]< Behind you, at the [c][ffffff]ceiling[-][/c] is a [c][ffff00]'Repository[-][/c]' container... [/i][i]- [c][ffff00]Please, open it.[-][/c] >[/i]",,,,,,,,"[i]< За вами, [c][ffffff]на потолке[-][/c], находится контейнер «[c][ffff00]Хранилище[-][/c]»... [/i][i]— [c][ffff00]Пожалуйста, откройте его.[-][/c] >[/i]",,,,,,,,
pda_iOKqmSu,...,,,,,,,,...,,,,,,,,
pda_C0e0mWb,--,,,,,,,,--,,,,,,,,
pda_CK4OaeK,"[i]< Not much, but for the moment it could do.[/i]\n[i]- [c][ffff00]Take it[-][/c]. >[/i]",,,,,,,,"[i]< Немного, но пока может хватить.[/i]\n[i]— [c][ffff00]Возьмите[-][/c] его. >[/i]",,,,,,,,
pda_0rrmaO4,"[i]< Put the [c][ffff00]Biofuel into the slot [-][/c]beween the arrows >[/i]\n\n--\n([b] Close window,[/b] when done. )",,,,,,,,"[i]< Поместите [c][ffff00]биотопливо в слот[-][/c] между стрелками. >[/i]\n\n--\n([b]Закройте окно[/b], когда закончите.)",,,,,,,,
pda_ikueqPH,--,,,,,,,,--,,,,,,,,
pda_KiG40Ou,--,,,,,,,,--,,,,,,,,
pda_48eKFiw,Fill Fuel,,,,,,,,Заправьте топливо,,,,,,,,
pda_884GWO0,Put the Biofuel into the refill slot\nThen close Window,,,,,,,,Поместите биотопливо в слот заправки\nЗатем закройте окно,,,,,,,,
pda_0uiiaWC,Main Power Switch,,,,,,,,Главный переключатель питания,,,,,,,,
pda_itiS4GW,--,,,,,,,,--,,,,,,,,
pda_KemCS4q,Activate Antenna,,,,,,,,Активируйте антенну,,,,,,,,
pda_qiD8KiS,Turn left lever,,,,,,,,Поверните левый рычаг,,,,,,,,
pda_4O8SKCS,"[c][ffffff][ Console ][-][/c] :    [i]"" Activating DEVICES ""[/i]",,,,,,,,[c][ffffff][ Консоль ][-][/c] :    [i]«Активация УСТРОЙСТВ»[/i],,,,,,,,
pda_TOq0OCE,Turn right lever,,,,,,,,Поверните правый рычаг,,,,,,,,
pda_m4r4qiu,--,,,,,,,,--,,,,,,,,
pda_aSqeeWu,--,,,,,,,,--,,,,,,,,
pda_em04Cia,"[c][ffffff][ Console ][-][/c] :    [i]    "" Activating SIGNALS ""[/i]",,,,,,,,[c][ffffff][ Консоль ][-][/c] :    [i]«Активация СИГНАЛОВ»[/i],,,,,,,,
pda_0WS0e8O,(above) Turn antenna lever,,,,,,,,(выше) Поверните рычаг антенны,,,,,,,,
pda_iumCOWQ,--,,,,,,,,--,,,,,,,,
pda_0KWekKK,"[i]< Good! >[/i]\n[i][/i]\n[i]< Please check [c][00ff00][c][ffff00]Control Panel[-][/c] [P] [-][/c], the [c][ffffff][[ Main ]] [-][/c]tab ... >[/i]",,,,,,,,"[i]< Хорошо! >[/i]\n[i][/i]\n[i]< Пожалуйста, проверьте [c][00ff00][c][ffff00]панель управления[-][/c] [P] [-][/c], вкладку [c][ffffff][[ Главное ]] [-][/c]... >[/i]",,,,,,,,
pda_4GS8eSu,Open Control Panel,,,,,,,,Откройте панель управления,,,,,,,,
pda_uae4ime,"[c][c0c0c0][i](Point at floor)[/i][-][/c]\nOpen Control Panel [c][00ff00][P][-][/c],\n [c][ffffff][[Main]][-][/c] tab",,,,,,,,"[c][c0c0c0][i](Наведите курсор на пол)[/i][-][/c]\nОткройте панель управления [c][00ff00][P][-][/c],\nвкладка [c][ffffff][[Главное]][-][/c]",,,,,,,,
pda_48uGeCS,--,,,,,,,,--,,,,,,,,
pda_04ikCCO,"[i]< We have a Generator, and Fuel... >[/i]\n[i][/i]\n[i]<  - Now try the 'General'[/i][c][ffffff] [c][ffff00][[>>Power]][-][/c] [-][/c][i][c][ffffff]switch [-][/c]straight above... >[/i]",,,,,,,,[i]< У нас есть генератор и топливо... >[/i]\n[i][/i]\n[i]< Теперь попробуйте общий переключатель [/i][c][ffffff] [c][ffff00][[>>Питание]][-][/c] [-][/c][i][c][ffffff][-][/c] прямо над ним... >[/i],,,,,,,,
pda_aCq440q,Signal source,,,,,,,,Источник сигнала,,,,,,,,
pda_CGeCKKW,--,,,,,,,,--,,,,,,,,
pda_aq8iq0K,invO - [c][ffffff]Container & genny & fuel [-][/c][c][ff8000][i](RwBy:ControlPanel) [/i][-][/c][c][ff8000]>C_RwTsk >C_off [-][/c],,,,,,,,"invO — [c][ffffff]контейнер, генератор и топливо[-][/c][c][ff8000][i](RwBy:ControlPanel) [/i][-][/c][c][ff8000]>C_RwTsk >C_off [-][/c]",,,,,,,,
pda_Oim0Gaa,Container Controller,,,,,,,,Контроллер контейнера,,,,,,,,
pda_0eiKOG0,Overview,,,,,,,,Обзор,,,,,,,,
pda_KGa0ikM,--,,,,,,,,--,,,,,,,,
pda_GeeGCqK,"[u][c][ffffff]Cargo Array[-][/c][/u]:\n\nA modular, expandable Cargo system.\n\nIt can store huge volumes.\nGood for [b]large [/b]Devices.\n\n(You can [c][ffffff]drop off your loot[-][/c] here)",,,,,,,,"[u][c][ffffff]Грузовой массив[-][/c][/u]:\n\nМодульная, расширяемая грузовая система.\n\nМожет хранить огромные объёмы.\nПодходит для [b]крупных[/b] устройств.\n\n(Сюда можно [c][ffffff]складывать добычу[-][/c])",,,,,,,,
pda_eC48OOO,"[i]<[c][ffff00] Take one [-][/c][c][ffff00]of each [-][/c]blocks, and [b]place [/b]them. >[/i]\n\n\n[i]< ... These are [b]big[/b]. [/i]\n[i]You can [c][ffffff]split a stack[-][/c] with [c][ffffff][c][ffff00]clicking with[-][/c] [-][/c][c][00ff00][RMB] [-][/c]on them. >[/i]",,,,,,,,"[i]<[c][ffff00] Возьмите по одному[-][/c][c][ffff00] каждого[-][/c] блока и [b]установите[/b] их. >[/i]\n\n\n[i]< ... Они [b]большие[/b]. [/i]\n[i]Можно [c][ffffff]разделить стопку[-][/c], нажав [c][ffffff][c][ffff00]ПКМ[-][/c] [-][/c][c][00ff00][-][/c] по ней. >[/i]",,,,,,,,
pda_4DmiSmS,[c][0080ff]nPOI[-][/c] - [c][ffffff]CannotReach[-][/c] Farpoint [i][c][ff8000](RwBy:CheckFarm) (OffBy:OpenHangar)[-][/c][/i],,,,,,,,[c][0080ff]nPOI[-][/c] — [c][ffffff]недостижимая[-][/c] дальняя точка [i][c][ff8000](RwBy:CheckFarm) (OffBy:OpenHangar)[-][/c][/i],,,,,,,,
pda_ue0s4S8,[i]( Cannot open )[/i],,,,,,,,[i]( Невозможно открыть )[/i],,,,,,,,
pda_u8mSCCE,...,,,,,,,,...,,,,,,,,
pda_0OKOq4q,--,,,,,,,,--,,,,,,,,
pda_WSuuU4e,[i]< I cannot reach... the other buildings. >[/i]\n\n[i]< Whatever happened here- - It really has [b]hardened [/b]their defenses... >[/i],,,,,,,,"[i]< Я не могу добраться... до остальных зданий. >[/i]\n\n[i]< Что бы здесь ни произошло... похоже, это действительно [b]усилило[/b] их оборону... >[/i]",,,,,,,,
pda_6m8CW4J,"_________ [i](IAntenna, other)[/i]",,,,,,,,"_________ [i](Антенна ИИ, другое)[/i]",,,,,,,,
pda_8OiKmem,--,,,,,,,,--,,,,,,,,
pda_00W80Oa,--,,,,,,,,--,,,,,,,,
pda_uWSWuee,--,,,,,,,,--,,,,,,,,
pda_mWOip4a,Finding Hidden POI,,,,,,,,Поиск скрытой точки интереса,,,,,,,,
pda_8iMGO48,...,,,,,,,,...,,,,,,,,
pda_4eC4eCu,Find Hidden Things,,,,,,,,Найдите скрытые объекты,,,,,,,,
pda_GuSe8Ka,"- [b]Walk [/b]on this grassless\narea\n- Observe [b]changes[/b]\nin Ring [b]directions[/b]\n\n--\n- [c][ffff00]Dig out and open[-][/c] Treasure, where Rings flip most. \n[c][c0c0c0][i][sup](It's buried very [b]shallow[/b], close to that location)[/sup][/i][-][/c]",,,,,,,,"- [b]Идите[/b] по этому участку\nбез травы\n- Наблюдайте за [b]изменениями[/b]\nнаправлений [b]колец[/b]\n\n--\n- [c][ffff00]Выкопайте и откройте[-][/c] сокровище там, где кольца меняют направление чаще всего.\n[c][c0c0c0][i][sup](Оно зарыто очень [b]неглубоко[/b], рядом с этим местом.)[/sup][/i][-][/c]",,,,,,,,
pda_CW1SCOk,"[c][0080ff][c][ff80ff]Unusued [-][/c]Mrk[-][/c] - [c][ffffff]Palette[-][/c] Camp [i][c][ff8000]([-][/c][/i][c][00ff00][i]Off[/i][-][/c][c][ff80ff][c][ff8000][i]By-T: BiofuelCamp, OffByT: Same)[/i][-][/c][-][/c]",,,,,,,,"[c][0080ff][c][ff80ff]Не используется[-][/c]Mrk[-][/c] — [c][ffffff]паллетный[-][/c] лагерь [i][c][ff8000]([-][/c][/i][c][00ff00][i]Off[/i][-][/c][c][ff80ff][c][ff8000][i]By-T: BiofuelCamp, OffByT: Same)[/i][-][/c][-][/c]",,,,,,,,
pda_ekqAi0W,...,,,,,,,,...,,,,,,,,
pda_Kqa8Ck0,...,,,,,,,,...,,,,,,,,
pda_7GOG7iO,--,,,,,,,,--,,,,,,,,
pda_giG4uai,"[i]< This seems like a place, where someone tried to generate Biofuel... >[/i]",,,,,,,,"[i]< Похоже, здесь кто-то пытался производить биотопливо... >[/i]",,,,,,,,
pda_CqCC4q4,[c][0080ff]nPOI) [-][/c]- [b][c][ffffff]Biofuel[-][/c][/b]Camp [c][80ffff]CALx2[-][/c] [i][c][ff8000](OnByT: FillFuel)  [-][/c][/i][c][ff8000]C_OnT x3  >RwTsk x3 >C_offT x2[-][/c],,,,,,,,[c][0080ff]nPOI) [-][/c]— [b][c][ffffff]лагерь по производству биотоплива[-][/c][/b] [c][80ffff]CALx2[-][/c] [i][c][ff8000](OnByT: FillFuel)  [-][/c][/i][c][ff8000]C_OnT x3  >RwTsk x3 >C_offT x2[-][/c],,,,,,,,
pda_8q4GA8q,More fuel,,,,,,,,Больше топлива,,,,,,,,
pda_CwqCRWq,Investigate Signal source,,,,,,,,Исследуйте источник сигнала,,,,,,,,
pda_iaaeuGX,--,,,,,,,,--,,,,,,,,
pda_4OiSWGb,More fuel,,,,,,,,Больше топлива,,,,,,,,
pda_uG8aueQ,Check Cargo Palette at camp for tools,,,,,,,,Проверьте грузовую паллету в лагере на наличие инструментов,,,,,,,,
pda_4qimCqO,Woodcutting Tools,,,,,,,,Инструменты для рубки деревьев,,,,,,,,
pda_uW8KumD,[c][c0c0c0][i]( Close Cargo Box )[/i][-][/c],,,,,,,,[c][c0c0c0][i]( Закройте грузовой ящик )[/i][-][/c],,,,,,,,
pda_p8q8imq,--,,,,,,,,--,,,,,,,,
pda_0uC0Kiu,Biofuel,,,,,,,,Биотопливо,,,,,,,,
pda_eaSCwOe,"[c][ffff00]Collect Wood[-][/c], by cutting trees... [i]Somehow.[/i]",,,,,,,,"[c][ffff00]Соберите древесину[-][/c], срубая деревья... [i]Каким-нибудь способом.[/i]",,,,,,,,
pda_t88QavW,[i]< That's  a good stack ![/i]\n[i]... This should do for the moment. >[/i],,,,,,,,[i]< Хорошая стопка![/i]\n[i]... Пока этого должно хватить. >[/i],,,,,,,,
pda_J4WS4aK,--,,,,,,,,--,,,,,,,,
pda_SSC49mq,--,,,,,,,,--,,,,,,,,
pda_UuCqWOC,"[i]< This should be [b]enough[/b], for now... >[/i]\n\n[i]< [c][ffff00]Collect the fuel[-][/c], and [/i][i]let's head back to Base.[/i]\n[i][/i]\n[i]< ... Don't forget your [b]Portable Constructor.[/b] >[/i]",,,,,,,,"[i]< Пока этого должно быть [b]достаточно[/b]... >[/i]\n\n[i]< [c][ffff00]Соберите топливо[-][/c], и [/i][i]давайте вернёмся на базу.[/i]\n[i][/i]\n[i]< ... Не забудьте [b]портативный конструктор.[/b] >[/i]",,,,,,,,
pda_qmCWauu,Sig -on&SigOff- [c][ff8080][b]Sel&Fork [/b][-][/c]- [c][ffffff]HRexit[-][/c] [c][ff8000][i](OnByT:HRHeal)[/i][-][/c] [c][ff8080]>Rw x2[-][/c],,,,,,,,Sig —on&SigOff— [c][ff8080][b]Sel&Fork [/b][-][/c]— [c][ffffff]выход HR[-][/c] [c][ff8000][i](OnByT:HRHeal)[/i][-][/c] [c][ff8080]>Rw x2[-][/c],,,,,,,,
pda_4Oi4eCm,Directions,,,,,,,,Направление,,,,,,,,
pda_80KOCRC,[i]( ... Calculating... )[/i],,,,,,,,[i]( ... Расчёт... )[/i],,,,,,,,
pda_8aCKuqu,--,,,,,,,,--,,,,,,,,
pda_qGlSG00,--,,,,,,,,--,,,,,,,,
pda_WW8OamO,--,,,,,,,,--,,,,,,,,
pda_WCCuCa4,[c][0080ff]Mrk[-][/c] - [c][ffffff]RoughDirection[-][/c] CopDeposit [i][c][ff8000](OnBy:DetctRes) (OffBy: CoppDiscover & EnterMine &CuDrone)[-][/c][/i],,,,,,,,[c][0080ff]Mrk[-][/c] — [c][ffffff]примерное направление[-][/c] к залежи меди [i][c][ff8000](OnBy:DetctRes) (OffBy: CoppDiscover & EnterMine &CuDrone)[-][/c][/i],,,,,,,,
pda_8mC8uio,...,,,,,,,,...,,,,,,,,
pda_SSeGuGq,...,,,,,,,,...,,,,,,,,
pda_qCeSma8,--,,,,,,,,--,,,,,,,,
pda_mSOGG4C,Resource Deposit,,,,,,,,Залежь ресурсов,,,,,,,,
pda_eaqauiO,[c][0080ff]Mrk [-][/c]- [c][ffffff]InsideCop[-][/c]per [i][c][ff8000](OnTskBy: EnterMine)  (OffBy: CuDrone)[-][/c][/i],,,,,,,,[c][0080ff]Mrk [-][/c]— [c][ffffff]внутри меди[-][/c] [i][c][ff8000](OnTskBy: EnterMine)  (OffBy: CuDrone)[-][/c][/i],,,,,,,,
pda_GGKeJG0,...,,,,,,,,...,,,,,,,,
pda_WGGCamK,...,,,,,,,,...,,,,,,,,
pda_C0i0KoC,--,,,,,,,,--,,,,,,,,
pda_WG0SOmq,[i]< ... Detecting another [c][ffff00]signal [-][/c]at the tree line. >[/i]\n[i][/i]\n[i]< - Could be helpful. [/i][i]... In [b]several [/b]ways...? >[/i],,,,,,,,[i]< ... Обнаружен ещё один [c][ffff00]сигнал[-][/c] у линии деревьев. >[/i]\n[i][/i]\n[i]< — Это может быть полезно. [/i][i]... В [b]нескольких[/b] отношениях...? >[/i],,,,,,,,
pda_G48qmWa,Quick Crafting,,,,,,,,Быстрое создание,,,,,,,,
pda_eu9Oeme,...,,,,,,,,...,,,,,,,,
pda_SCCiWiW,--,,,,,,,,--,,,,,,,,
pda_WumC40C,"[i]< Crafting Biofuel takes time.[/i]\n[i]You could [b]sleep [/b]over it, but that might spoil your food... >[/i]\n\n[i]< Our predecessors here... It seems, they have [c][ffffff]crafted it in parallel[-][/c]. >  [/i]",,,,,,,,"[i]< Создание биотоплива требует времени.[/i]\n[i]Можно [b]проспать[/b] это время, но еда может испортиться... >[/i]\n\n[i]< Наши предшественники здесь... Похоже, они [c][ffffff]создавали его параллельно[-][/c]. >[/i]",,,,,,,,
pda_IaCOKeS,Sector Map,,,,,,,,Карта сектора,,,,,,,,
pda_44GWqKS,Open playfield / sector map  [c][00ff00][M][-][/c]\n [i][sup](Step 1)[/sup][/i],,,,,,,,Откройте карту игрового поля / сектора [c][00ff00][M][-][/c]\n[i][sup](Шаг 1)[/sup][/i],,,,,,,,
pda_aSaeKKe,Galaxy Map,,,,,,,,Карта галактики,,,,,,,,
pda_2KeG0SO,Open Galaxy map\n [i][sup]( Click Galaxy Symbol )[/sup][/i],,,,,,,,Откройте карту галактики\n[i][sup](Нажмите значок галактики)[/sup][/i],,,,,,,,
pda_aaiiSGq,...,,,,,,,,...,,,,,,,,
pda_W4imEOk,"[sup]                                         /\   Screen edge above; right side  /\[/sup]\n\n[i]< At the [c][ffffff]top of this screen[-][/c], is a row of [b]symbols[/b].          [/i]\n[i]At the right end of them:                                            [/i]\n\n\n- [b]Compass[/b] symbol: Surface or Space Sector map. \n[sup][i]( What you see at the moment )                                                   [/i][/sup]\n\n- [b]Planet [/b]symbol: System map                                     \n\n- [c][ffffff][b]Galaxy[/b][-][/c] symbol: Galaxy map                                      \n\n\n--- \n\n[i]< Please[c][ffff00][-][/c][/i][c][ffff00] click on the symbol [-][/c][i][c][ffff00][-][/c]for the[/i][c][ffff00] [[Galaxy map]][-][/c] [i]. >[/i]",,,,,,,,"[sup]                                         /\\   Верхний край экрана; правая сторона  /\\[/sup]\n\n[i]< В [c][ffffff]верхней части экрана[-][/c] расположен ряд [b]значков[/b].          [/i]\n[i]В правом его конце:                                            [/i]\n\n\n- Значок [b]компаса[/b]: карта поверхности или космического сектора.\n[sup][i](То, что вы видите в данный момент.)                                                   [/i][/sup]\n\n- Значок [b]планеты[/b]: карта системы\n\n- Значок [c][ffffff][b]галактики[/b][-][/c]: карта галактики\n\n\n--- \n\n[i]< Пожалуйста,[c][ffff00][-][/c][/i][c][ffff00] нажмите значок[-][/c][i][c][ffff00][-][/c] для[/i] [c][ffff00][[карты галактики]][-][/c] [i]. >[/i]",,,,,,,,
pda_84OwSwS,--,,,,,,,,--,,,,,,,,
pda_WkOPmG8,--,,,,,,,,--,,,,,,,,
pda_SSvumW6,--,,,,,,,,--,,,,,,,,
pda_eCoSO44,[i]...[/i][i][/i],,,,,,,,[i]...[/i][i][/i],,,,,,,,
pda_D00WQu0,Warp ready,,,,,,,,Готово к варпу,,,,,,,,
pda_Sa4mSGI,...,,,,,,,,...,,,,,,,,
pda_GGKCqGC,--,,,,,,,,--,,,,,,,,
pda_K0imCaK,[i]< This prototype is an [b]interstellar warp-capable[/b] vessel. [/i]\n[i]Time to try it out! >[/i]\n\n[i]< - Please [/i][c][ffff00]Open your Sector map[-][/c][i] with [c][00ff00][-][/c][/i][c][00ff00][M][-][/c][i] ... >[/i],,,,,,,,"[i]< Этот прототип способен к [b]межзвёздным варп-прыжкам[/b]. [/i]\n[i]Пора испытать его! >[/i]\n\n[i]< — Пожалуйста, [/i][c][ffff00]откройте карту сектора[-][/c][i] клавишей [c][00ff00][-][/c][/i][c][00ff00][M][-][/c][i]... >[/i]",,,,,,,,
pda_WamqCwO,"[i]< [/i][i]... This '[b]Explorer Point[/b]' system really is an [b]empty [/b]one...[/i]\n[i]Rather unusual...  >[/i]\n\n[i]< 'Let's check out '[c][ffffff]Heka Artemis[-][/c]', the neighbouring stars ? [/i]\n[i]Select the [c][ffff00]Galaxy map[-][/c] from the top screen symbols. >[/i]",,,,,,,,[i]< ... Эта система «[b]Точка исследователя[/b]» действительно [b]пуста[/b]...[/i]\n[i]Довольно необычно... >[/i]\n\n[i]< Давайте проверим соседнюю звезду «[c][ffffff]Heka Artemis[-][/c]»? [/i]\n[i]Выберите [c][ffff00]карту галактики[-][/c] среди значков вверху экрана. >[/i],,,,,,,,
pda_aC08xjS,[i]< This orbit is very empty.... >[/i],,,,,,,,[i]< Эта орбита очень пуста... >[/i],,,,,,,,
pda_amqeOO4,--,,,,,,,,--,,,,,,,,
pda_qGuSGaW,"[c][ff8000][u]Tutorial warning[/u][-][/c]:                                                  \n[sup][c][c0c0c0]Please double-check your selected Blueprint. [-][/c][c][c0c0c0]It should be a [b]Hover vessel[/b].[-][/c]   \n[c][c0c0c0]Other things might result in problems / loss of resources.[-][/c][/sup]\n\n--\n\n[i]< Draw the [c][ffffff]items from [-][/c]the Connected Toolbar [c][ffff00]into the Resource slot [-][/c]>[/i]\n\n[i]< Then, [c][ffff00]press [-][/c][/i][c][00ff00][[ Start Production ]] [-][/c][i]button. >[/i]",,,,,,,,[c][ff8000][u]Предупреждение обучения[/u][-][/c]:                                                  \n[sup][c][c0c0c0]Ещё раз проверьте выбранный чертёж. [-][/c][c][c0c0c0]Это должен быть [b]ховерный корабль[/b].[-][/c]   \n[c][c0c0c0]Выбор других объектов может привести к проблемам / потере ресурсов.[-][/c][/sup]\n\n--\n\n[i]< Перетащите [c][ffffff]предметы из[-][/c] подключённой панели быстрого доступа [c][ffff00]в слот ресурсов[-][/c] >[/i]\n\n[i]< Затем [c][ffff00]нажмите[-][/c][/i][c][00ff00][[ Начать производство ]] [-][/c][i]кнопку. >[/i],,,,,,,,
pda_KG4agig,Find Resource Cache,,,,,,,,Найдите тайник с ресурсами,,,,,,,,
pda_qqOCIWD,- Take Core & place to claim container,,,,,,,,"- Возьмите ядро и установите его, чтобы захватить контейнер",,,,,,,,
pda_i4GUeuJ,- Connect to Buried Tech cache.\n[i][sup][c][c0c0c0](Logistics screen: Press big 'Wireless' symbol)[-][/c][/sup][/i]\n- Put Constructor item into yellow 'Connected Toolbar',,,,,,,,- Подключитесь к тайнику с технологиями.\n[i][sup][c][c0c0c0](Экран логистики: нажмите большой значок «Беспроводная сеть».)[-][/c][/sup][/i]\n- Поместите конструктор в жёлтую «Подключённую панель быстрого доступа»,,,,,,,,
pda_mOu8mmJ,"[i]< A [c][ffffff]Starter Block[-][/c] - A pre-programmed Core.[/i]\n[i]Build on this, to construct your vessel. >[/i]\n\n[i]< Put it [c][ffff00]into your[-][/c] [c][ffff00]Toolbar[-][/c];  select and [b]place [/b][/i][i]it with [c][00ff00][LMB][-][/c] . >[/i]",,,,,,,,"[i]< [c][ffffff]Стартовый блок[-][/c] — предварительно запрограммированное ядро.[/i]\n[i]Стройте на нём, чтобы создать своё судно. >[/i]\n\n[i]< Поместите его [c][ffff00]на[-][/c] [c][ffff00]панель быстрого доступа[-][/c]; выберите и [b]установите[/b] [/i][i]клавишей [c][00ff00][ЛКМ][-][/c]. >[/i]",,,,,,,,
pda_8WmOiKa,Queue - Crafting SV starter ([i]Flow warn)[/i],,,,,,,,Очередь — создание стартового блока малого корабля ([i]предупреждение процесса[/i]),,,,,,,,
pda_CqWSKKa,SV Starter - Only for inner-system,,,,,,,,Стартовый блок малого корабля — только для системы,,,,,,,,
pda_O8meimS,...,,,,,,,,...,,,,,,,,
pda_EvSG4O0,--,,,,,,,,--,,,,,,,,
pda_mqAWC2c,<[i] You are crafting an [c][ffffff]Small Vessel starter [-][/c][/i]...[i] \nThis could increase mobility a lot - [/i]\n[i]- ... But I fear it [b]won't [/b]help us to reach your Fleet. >[/i]\n[i][/i]\n[i]<  - SV warp drives only work [b]inner-system[/b]... - Usually. >[/i],,,,,,,,"<[i] Вы создаёте [c][ffffff]стартовый блок малого корабля[-][/c][/i]...[i] \nЭто может сильно повысить мобильность, но... [/i]\n[i]— Боюсь, он [b]не[/b] поможет нам добраться до вашего флота. >[/i]\n[i][/i]\n[i]< Варп-двигатели малых кораблей обычно работают только [b]внутри системы[/b]... >[/i]",,,,,,,,
pda_SeGCWGq,...,,,,,,,,...,,,,,,,,
pda_W4uWime,--,,,,,,,,--,,,,,,,,
pda_ROq4Gmu,[c][ffffff]Spawn[-][/c] - [c][ffffff]HV[-][/c] starter - Arrow [i][c][ff8000](OffOn: CuttingSpawnTime)  [c][ff80ff]OnBy workshop[-][/c][-][/c][/i],,,,,,,,[c][ffffff]Создать[-][/c] — [c][ffffff]стартовый блок[-][/c] HV — стрелка [i][c][ff8000](OffOn: CuttingSpawnTime)  [c][ff80ff]OnBy workshop[-][/c][-][/c][/i],,,,,,,,
pda_Oq4qCLC,Hover Vessel,,,,,,,,Ховерное судно,,,,,,,,
pda_6Ku44E4,... Building started,,,,,,,,... Строительство начато,,,,,,,,
pda_i04GKqC,--,,,,,,,,--,,,,,,,,
pda_eOCSwiw,"[i]< Build on this with [b]Small blocks[/b]. >[/i]\n\n[i]< Select the '[c][ffffff]HV[-][/c]' category in the constructors, to pick the right ones. >[/i]",,,,,,,,"[i]< Стройте его из [b]малых блоков[/b]. >[/i]\n\n[i]< Выберите категорию «[c][ffffff]HV[-][/c]» в конструкторах, чтобы выбрать подходящие блоки. >[/i]",,,,,,,,
pda_mGCm6Gq,Trg - Vessel trimming (nPOI to thrusterpile) PREP,,,,,,,,Trg — подготовка обрезки судна (nPOI к куче двигателей),,,,,,,,
pda_mUK4SmC,New Task,,,,,,,,Новое задание,,,,,,,,
pda_2SieO4O,New Action,,,,,,,,Новое действие,,,,,,,,
pda_8CmC80a,---,,,,,,,,---,,,,,,,,
pda_44KKGmK,[i]< The [c][ffffff]arrow [-][/c]points[c][ffffff] toward the front[-][/c][/i]. [i]>[/i],,,,,,,,[i]< [c][ffffff]Стрелка[-][/c] указывает [c][ffffff]вперёд[-][/c]. >[/i],,,,,,,,
pda_00qGuO8,DvPow - [c][ffffff]PoweredO2[-][/c] Genny [c][ff8000]>C_Rew[-][/c],,,,,,,,DvPow — [c][ffffff]питание O2[-][/c] генератор [c][ff8000]>C_Rew[-][/c],,,,,,,,
pda_4SqUuC0,...,,,,,,,,...,,,,,,,,
pda_Sqs4aum,invCls - [c][ffffff]KeepO2[-][/c] running [c][ff8000][i](RwBy: PowerO2Genny)[/i][-][/c],,,,,,,,invCls — [c][ffffff]держите генератор O2[-][/c] включённым [c][ff8000][i](RwBy: PowerO2Genny)[/i][-][/c],,,,,,,,
pda_j8Gu0Kc,...,,,,,,,,...,,,,,,,,
pda_gS8aamO,...,,,,,,,,...,,,,,,,,
pda_S4SWu04,--,,,,,,,,--,,,,,,,,
pda_eS4G8Wi,Crft - Crafted O2 Genny[i][c][ff8000] (Offby:O2HowPow)[-][/c][/i],,,,,,,,Crft — создан генератор O2[i][c][ff8000] (Offby:O2HowPow)[-][/c][/i],,,,,,,,
pda_oUGUSOC,Place O2 Condenser,,,,,,,,Установите конденсатор O2,,,,,,,,
pda_48W0q8w,"- Put into your Toolbar\n- Select it, and [c][ffffff]place on ground[-][/c] [c][00ff00][LMB][-][/c]",,,,,,,,- Поместите на панель быстрого доступа\n- Выберите и [c][ffffff]установите на земле[-][/c] [c][00ff00][ЛКМ][-][/c],,,,,,,,
pda_i0uiIu0,--,,,,,,,,--,,,,,,,,
pda_CqGCGWO,[-],,,,,,,,[-],,,,,,,,
pda_OOOCeGW,--,,,,,,,,--,,,,,,,,
pda_COSbOGm,"[i]< All of these have different [b]specialites .[/b][/i]\n[i]... Some are time-effective. Others don't need ammo.  >[/i]\n\n[i]<  [c][ffff00]Choose some tools[-][/c], and then let's [c][ffff00]cut some trees[-][/c]. >[/i]",,,,,,,,"[i]< У всех этих инструментов разная [b]специализация[/b].[/i]\n[i]... Некоторые экономят время, другим не нужны боеприпасы. >[/i]\n\n[i]< [c][ffff00]Выберите несколько инструментов[-][/c], а затем [c][ffff00]срубим немного деревьев[-][/c]. >[/i]",,,,,,,,
pda_8K80iu2,Quick Crafting,,,,,,,,Быстрое создание,,,,,,,,
pda_uCOVVUO,Pick up Biofuel into your Inventory,,,,,,,,Подберите биотопливо в инвентарь,,,,,,,,
pda_eGmi0u8,--,,,,,,,,--,,,,,,,,
pda_K0uuWGq,"[i]< A device to gain some residual water even out of rock. >[/i]\n[i][/i]\n[i]< Put the[c][ffffff] O2 Condenser [-][/c]into your [b]toolbar[/b]. [/i]\n[i]Then select it, and [c][ffff00]place it on soil[-][/c]. >[/i]",,,,,,,,"[i]< Устройство, получающее немного остаточной воды даже из камня. >[/i]\n\n[i]< Поместите [c][ffffff]конденсатор O2[-][/c] на [b]панель быстрого доступа[/b]. [/i]\n[i]Затем выберите его и [c][ffff00]установите на почве[-][/c]. >[/i]",,,,,,,,
pda_euSoCIe,"[i]< Access it with [c][00ff00][F] [-][/c]. [/i]\n[i][/i]\n[i]< This device needs to be [c][ffffff]filled with a fuel source,[-][/c] though.>[/i]",,,,,,,,[i]< Откройте его клавишей [c][00ff00][F] [-][/c]. [/i]\n\n[i]< Однако устройство нужно [c][ffffff]заправить источником топлива[-][/c]. >[/i],,,,,,,,
pda_m0uG8YM,Queue - [c][ff80ff]Does not work with SuitC [-][/c]OxygenGenerator[i][c][ff8000] (Offby:O2HowPow) [-][/c][/i],,,,,,,,Очередь — [c][ff80ff]не работает с конструктором костюма[-][/c] генератор кислорода[i][c][ff8000] (Offby:O2HowPow) [-][/c][/i],,,,,,,,
pda_wqKOWic,Crafting,,,,,,,,Создание,,,,,,,,
pda_0m4mGqx,...,,,,,,,,...,,,,,,,,
pda_CamCCKG,--,,,,,,,,--,,,,,,,,
pda_OCwiCSq,Tb_Sel (M_Thruster)  -  [c][ffffff]symmetry [-][/c]NBuilder,,,,,,,,Tb_Sel (M_Thruster) — [c][ffffff]симметрия[-][/c] NBuilder,,,,,,,,
pda_uSmiAa8,...,,,,,,,,...,,,,,,,,
pda_WGKOeYq,...,,,,,,,,...,,,,,,,,
pda_KSiSOeS,---,,,,,,,,---,,,,,,,,
pda_4KCGqWe,What it is,,,,,,,,Что это,,,,,,,,
pda_GCiGi5W,...,,,,,,,,...,,,,,,,,
pda_qiqKe4e,--,,,,,,,,--,,,,,,,,
pda_k8vuSiG,"[u][c][ffffff]Blueprints ""Library""[-][/c][/u]- Overview:\n\n\n[sup][i]< Left[/i][/sup]                                                                                                                 [sup][i]Right >[/i][/sup]\n[c][ffffff]Designs[-][/c] available                                                                                     [c][ffffff]Costs[-][/c][i] &[/i]\n[i][c][c0c0c0]( 'Blueprints' )[-][/c]                                                                                     [/i]Conditions\n\n\n\n\n\n                                                                                                     [sup][i]Bottom Right \/[/i][/sup]\n                                                                                                            [c][ffffff]Manage[-][/c]\n                                                                                                    your Designs \n\n---\n[[[c][ffffff] OK [-][/c]]][c][ffffff] for next page[-][/c]  ( 2 of 3 )",,,,,,,,[u][c][ffffff]Библиотека «Чертежи»[-][/c][/u] — обзор:\n\n\n[sup][i]< Слева[/i][/sup]                                                                                                                 [sup][i]Справа >[/i][/sup]\n[c][ffffff]Доступные[-][/c] чертежи                                                                                     [c][ffffff]Стоимость[-][/c][i] и[/i]\n[i][c][c0c0c0]( «Чертежи» )[-][/c]                                                                                     [/i]условия\n\n\n\n\n\n                                                                                                     [sup][i]Внизу справа \\/[/i][/sup]\n                                                                                                            [c][ffffff]Управление[-][/c]\n                                                                                                    своими чертежами\n\n---\n[[[c][ffffff] OK [-][/c]]][c][ffffff] — следующая страница[-][/c]  ( 2 из 3 ),,,,,,,,
pda_Ca4GK8e,Blueprints & Factory [c][00ff00][ F2 ][-][/c],,,,,,,,Чертежи и фабрика [c][00ff00][ F2 ][-][/c],,,,,,,,
pda_4eKGKqa,...,,,,,,,,...,,,,,,,,
pda_KamC8a0,--,,,,,,,,--,,,,,,,,
pda_C4qWuau,"1- Upper left horizontal symbols- [c][ffffff]Filter[-][/c] [c][ffffff]for[-][/c] [c][ffff00]Hovers[-][/c] [i]( = Click the 'Landspeeder' symbol)[/i]\n\n2-[c][ffff00] Select a Hover vessel[-][/c] from list [i] ( Ideally, the ""[b]Ascalon Nibiru[/b]"" )[/i]\n\n3 - Bottom right screen corner: [c][00ff00][c][ffff00]Press [-][/c][[ Choose for Factory ]][-][/c]",,,,,,,,1 — Горизонтальные значки вверху слева — [c][ffffff]фильтр[-][/c] [c][ffffff]для[-][/c] [c][ffff00]ховеров[-][/c] [i](= нажмите значок «Лендспидер»)[/i]\n\n2 — [c][ffff00]Выберите ховерное судно[-][/c] из списка [i](лучше всего «[b]Ascalon Nibiru[/b]»)[/i]\n\n3 — Внизу справа: [c][00ff00][c][ffff00]нажмите[-][/c] [[ Выбрать для фабрики ]][-][/c],,,,,,,,
pda_84qa4kC,Blueprints & Factory\n[sup][c][c0c0c0]Keypress:[-][/c] [c][00ff00][ F2 ][-][/c][/sup],,,,,,,,Чертежи и фабрика\n[sup][c][c0c0c0]Клавиша:[-][/c] [c][00ff00][ F2 ][-][/c][/sup],,,,,,,,
pda_mmqFi0S,"""[b]Library[/b]"" tab:\n1- Click [c][ffff00]Hover Vessel [u]symbol[/u][-][/c]\n [i][sup](top left, like in constructors, similar to a landspeeder)[/sup][/i]\n2- [c][ffff00]Select a Hover Vessel[-][/c]\nfrom the list\n [i][sup](E.g. ""Ascalon Nomad"", or ""ZeroG Specter"")[/sup][/i]\n3- Click [c][00ff00][[Choose for Factory ]][-][/c] button",,,,,,,,"Вкладка «[b]Библиотека[/b]»:\n1 — Нажмите [c][ffff00]значок [u]ховерного судна[/u][-][/c]\n[i][sup](слева вверху; как в конструкторах, похож на лендспидер)[/sup][/i]\n2 — [c][ffff00]Выберите ховерное судно[-][/c]\nиз списка\n[i][sup](например, «Ascalon Nomad» или «ZeroG Specter»)[/sup][/i]\n3 — Нажмите кнопку [c][00ff00][[Выбрать для фабрики]][-][/c]",,,,,,,,
pda_iSK8qSC,--,,,,,,,,--,,,,,,,,
pda_WOW444g,"[c][0080ff](nPOI)[-][/c] - HV [c][ffffff]Spawn[-][/c]Times [i][c][ff8000](OnBy:BPSelect)[-][/c][/i]  [c][ff8000]>C_On x2 , >C_OnT x2,  >C_OffT x2[-][/c]",,,,,,,,"[c][0080ff](nPOI)[-][/c] — время [c][ffffff]создания[-][/c] HV [i][c][ff8000](OnBy:BPSelect)[-][/c][/i]  [c][ff8000]>C_On x2 , >C_OnT x2,  >C_OffT x2[-][/c]",,,,,,,,
pda_4aCWuue,[i]< This [b]O2 / Water Condenser[/b] is part of any [c][ffffff]survival gear.[-][/c].. >[/i]\n[i][/i]\n[i]< It works even on the dryest moon... [/i]\n[i]Collecting the water out of the rock itself. >[/i],,,,,,,,[i]< Этот [b]конденсатор O2 / воды[/b] — часть любого [c][ffffff]снаряжения для выживания[-][/c]... >[/i]\n[i][/i]\n[i]< Он работает даже на самой сухой луне... [/i]\n[i]Собирая воду прямо из камня. >[/i],,,,,,,,
pda_ainGKmB,[i]< [b]Turrets are down[/b]! Well done!! >[/i]\n[i][/i]\n[i]< Now it will be just half-difficult to-- - >[/i],,,,,,,,[i]< [b]Турели уничтожены[/b]! Отличная работа! >[/i]\n[i][/i]\n[i]< Теперь будет лишь вдвое сложнее... >[/i],,,,,,,,
pda_C4a4C4a,--,,,,,,,,--,,,,,,,,
pda_uCuOSaC,--,,,,,,,,--,,,,,,,,
pda_080u0O8,____[c][ffff00] HV[-][/c] ______,,,,,,,,____[c][ffff00] HV[-][/c] ______,,,,,,,,
pda_GiKq8u6,...,,,,,,,,...,,,,,,,,
pda_408mW4q,...,,,,,,,,...,,,,,,,,
pda_CmKDmWm,--,,,,,,,,--,,,,,,,,
pda_uCOG0OW,InvC - on - Starter[c][ffffff][-][/c]BA (Handling info),,,,,,,,InvC —on— стартовый[c][ffffff][-][/c] блок BA (информация об управлении),,,,,,,,
pda_eS8SC4O,Base Starter,,,,,,,,Стартовый блок базы,,,,,,,,
pda_e44u40S,...,,,,,,,,...,,,,,,,,
pda_8eOB4Km,---,,,,,,,,---,,,,,,,,
pda_C0qqaS8,Spawn - [c][ffffff]Placed BA [-][/c]starter or Base (General) [i][c][ff8000](OffByT:CloneHome)[-][/c][/i],,,,,,,,Создать — [c][ffffff]установлен стартовый блок BA[-][/c] или база (общее) [i][c][ff8000](OffByT:CloneHome)[-][/c][/i],,,,,,,,
pda_a8OuuCl,Base Building,,,,,,,,Строительство базы,,,,,,,,
pda_GSOiWCu,...,,,,,,,,...,,,,,,,,
pda_KCuS4wS,--,,,,,,,,--,,,,,,,,
pda_eOWwqw0,_________ [i](Workshop builder)[/i],,,,,,,,_________ [i](Строитель мастерской)[/i],,,,,,,,
pda_WEWeOqS,--,,,,,,,,--,,,,,,,,
pda_O028GaW,--,,,,,,,,--,,,,,,,,
pda_0sS4q04,--,,,,,,,,--,,,,,,,,
pda_mGiSQ04,"_________ [i](Artillery, other)[/i]",,,,,,,,"_________ [i](Артиллерия, другое)[/i]",,,,,,,,
pda_mmm8iJq,--,,,,,,,,--,,,,,,,,
pda_wqQKuK8,--,,,,,,,,--,,,,,,,,
pda_8JO80KW,--,,,,,,,,--,,,,,,,,
pda_uGmoUWx,"_________ [i](InsideDrone Base, other)[/i]",,,,,,,,"_________ [i](Внутри базы дронов, другое)[/i]",,,,,,,,
pda_SmuHSqa,--,,,,,,,,--,,,,,,,,
pda_8hqaSWm,--,,,,,,,,--,,,,,,,,
pda_aWSqi4U,--,,,,,,,,--,,,,,,,,
pda_gSuaoui,____[c][ffff00] BA[-][/c] ______,,,,,,,,____[c][ffff00] BA[-][/c] ______,,,,,,,,
pda_q0K0eei,...,,,,,,,,...,,,,,,,,
pda_iq878SM,...,,,,,,,,...,,,,,,,,
pda_DumKCKq,--,,,,,,,,--,,,,,,,,
pda_OmSimCa,Use the red [c][ffffff][b]Rings of the Radar[/b][-][/c] to locate what tries to hide.\n[i][c][c0c0c0][sup](Radar: Upper right screen corner, large red rings around it)[/sup][-][/c][/i],,,,,,,"Используйте красные [c][ffffff][b]кольца радара[/b][-][/c], чтобы найти то, что пытается скрыться.\n[i][c][c0c0c0][sup](Радар: в правом верхнем углу экрана",,,,,,,,
pda_qiMWK0G,--,,,,,,,,--,,,,,,,,
pda_Sm8iKKm,[i]< This could be it...? >[/i],,,,,,,,[i]< Это может быть оно...? >[/i],,,,,,,,
pda_waGC0O4,[c][ff80ff]Unused [-][/c]invCls & winCls - TechCacheStrange PREP,,,,,,,,[c][ff80ff]Не используется[-][/c] invCls и winCls — подготовка TechCacheStrange,,,,,,,,
pda_mAqOGq8,...,,,,,,,,...,,,,,,,,
pda_Gw4OQmi,...,,,,,,,,...,,,,,,,,
pda_WKq8eqC,--,,,,,,,,--,,,,,,,,
pda_SCiWOih,"[i]< This container ... [/i][i]is [b]strange[/b]. >[/i]\n[i][/i]\n[i]< Lined with detector-cloaking material, while emitting[/i][i] back false sensor data...?  >[/i]",,,,,,,,"[i]< Этот контейнер... [/i][i]очень [b]странный[/b]. >[/i]\n[i][/i]\n[i]< Он покрыт материалом, скрывающим от детекторов, и при этом посылает ложные данные сенсорам...? >[/i]",,,,,,,,
pda_0q48qOe,"[u][c][ffffff]Treasure Finder[-][/c][/u]:\n\nUpper screen corner, [b]around the radar[/b] >>\n[c][ffffff]Red '[b]direction hint[/b]' rings.                              [-][/c]\n\n... The more [b]inner [/b]ring elements,     \nthe more Structures you could find \nin [b]this general direction[/b].",,,,,,,,"[u][c][ffffff]Поиск сокровищ[-][/c][/u]:\n\nВ верхнем углу экрана, [b]вокруг радара[/b] >>\n[c][ffffff]Красные кольца «[b]подсказки направления[/b]».[-][/c]\n\n... Чем больше элементов [b]внутреннего[/b] кольца,\nтем больше сооружений можно найти\nв [b]этом общем направлении[/b].",,,,,,,,
pda_iiOm4uu,"[i]< The radar rings have a [b]much higher sensitivity[/b][/i]...\n[i]They always point roughly towards a Structure. >[/i]\n\n[i]< [b]Walk in that area[/b], and [c][ffffff]use their direction changes [-][/c]to [c][ffff00]locate the hidden[-][/c] signal. >[/i]",,,,,,,,"[i]< Кольца радара обладают [b]гораздо большей чувствительностью[/b]...[/i]\n[i]Они всегда примерно указывают на сооружение. >[/i]\n\n[i]< [b]Идите в ту область[/b] и [c][ffffff]используйте изменения их направления[-][/c], чтобы [c][ffff00]обнаружить скрытый[-][/c] сигнал. >[/i]",,,,,,,,
pda_ImqWm8O,Too large for inventory,,,,,,,,Слишком велико для инвентаря,,,,,,,,
pda_m8eq4KC,...,,,,,,,,...,,,,,,,,
pda_4WS8AGS,--,,,,,,,,--,,,,,,,,
pda_Gme4euS,[i]< You -could- just put these into your yellow toolbar... [/i]\n[i]But if you want to transfer much - [c][ffff00]Place that core on this[-][/c]  box- >[/i],,,,,,,,[i]< Вы [i]могли бы[/i] просто положить это на жёлтую панель быстрого доступа... [/i]\n[i]Но если хотите перенести много — [c][ffff00]установите это ядро на[-][/c] этот ящик. >[/i],,,,,,,,
pda_eOWK8am,Claim container with Core\n[sup](Switch toolbars with [T] )[/sup],,,,,,,,Захватите контейнер с помощью ядра\n[sup](Переключайте панели быстрого доступа клавишей [T])[/sup],,,,,,,,
pda_MqqKSaC,"[i]< Good![/i]\n[i]A [b]Core [/b]generates a minimal Logistics field. Still works, as long as you touch a surface.[/i][i] >[/i]\n\n[i]< [c][ffff00]Stand on that Cache[-][/c], and [c][ffff00]open [-][/c][b][c][ffff00]Logistics[-][/c] [/b][c][00ff00][ F4 ] [-][/c]. >[/i]",,,,,,,,"[i]< Хорошо![/i]\n[i]Ядро создаёт минимальное поле логистики. Оно всё ещё работает, пока вы касаетесь поверхности. >[/i]\n\n[i]< [c][ffff00]Встаньте на этот тайник[-][/c] и [c][ffff00]откройте[-][/c] [b][c][ffff00]логистику[-][/c] [/b][c][00ff00][ F4 ][-][/c]. >[/i]",,,,,,,,
pda_84q8u0C,Mass Teleport Loot[c][ffff00][c][00ff00][-][/c][-][/c],,,,,,,,Массовая телепортация добычи[c][ffff00][c][00ff00][-][/c][-][/c],,,,,,,,
pda_Z0IaWih,_____________ BIOFUEL camp ______________,,,,,,,,_____________ ЛАГЕРЬ БИОТОПЛИВА ______________,,,,,,,,
pda_G7484K0,--,,,,,,,,--,,,,,,,,
pda_mSswGuP,--,,,,,,,,--,,,,,,,,
pda_aWiamSU,--,,,,,,,,--,,,,,,,,
pda_aueuX88,_____________ FARM BUILDER ______________,,,,,,,,_____________ СТРОИТЕЛЬ ФЕРМЫ ______________,,,,,,,,
pda_eO4q8i8,--,,,,,,,,--,,,,,,,,
pda_OOKqS4W,--,,,,,,,,--,,,,,,,,
pda_0OGeS0i,--,,,,,,,,--,,,,,,,,
pda_Ka8u8K8,[c][0080ff]nPOI[-][/c] - [c][0080ff]Task[-][/c] - [c][80ffff]CAL10[-][/c][c][ffffff] Place alll[-][/c] the things [i][c][ff8000](OnBy: LogisticsCache) >C_onT >C_OffT[-][/c][/i],,,,,,,,[c][0080ff]nPOI[-][/c] — [c][0080ff]задание[-][/c] — [c][80ffff]CAL10[-][/c][c][ffffff] установить всё[-][/c] [i][c][ff8000](OnBy: LogisticsCache) >C_onT >C_OffT[-][/c][/i],,,,,,,,
pda_0mse8ah,[c][ffff00]Place the new Blocks[-][/c],,,,,,,,[c][ffff00]Установите новые блоки[-][/c],,,,,,,,
pda_0Giut4C,CPU extender\n[sup][c][c0c0c0][i]Place with yellow Toolbar![/i][-][/c][/sup],,,,,,,,Расширитель ЦП\n[sup][c][c0c0c0][i]Устанавливайте с жёлтой панели быстрого доступа![/i][-][/c][/sup],,,,,,,,
pda_SGn4mqC,---,,,,,,,,---,,,,,,,,
pda_WemW04q,...,,,,,,,,...,,,,,,,,
pda_e0qkq8O,"[i]< Those are far [c][ffffff]too large[-][/c] for you to carry. >[/i]\n\n[i]< To [b]loot [/b]this, you will need the [c][ffffff]Logistics [-][/c]again... >[/i]",,,,,,,,"[i]< Они слишком [c][ffffff]велики[-][/c], чтобы их переносить. >[/i]\n\n[i]< Чтобы [b]забрать[/b] это, снова понадобится [c][ffffff]логистика[-][/c]... >[/i]",,,,,,,,
pda_Cqu0qam,"[i][c][c0c0c0](Logistics[-][/c] [c][00ff00][ F4 ][-][/c][c][c0c0c0] Left side, drop down menu)[-][/c][/i]\n\n- Left: Select from Player to ""[c][ffff00][u]Buried /Tech Cache[/u][-][/c]"".\n- (Right: Keep  ""[u]Offworld Farm""[/u] / [u]""Fridge Input[/u]"")\n\n... Move a [c][ffff00]CPU Extender[-][/c] and a[c][ffff00] Solar Capacitors[-][/c] into your Farm's container.\n\n[b][c][c0c0c0][i]([c][ffff00]Return to Farm[-][/c] when done)[/i][-][/c][/b]",,,,,,,,"[i][c][c0c0c0](Логистика[-][/c] [c][00ff00][ F4 ][-][/c][c][c0c0c0], левая сторона, выпадающее меню)[-][/c][/i]\n\n- Слева: переключите «Игрок» на «[c][ffff00][u]Зарытый / технотайник[/u][-][/c]».\n- (Справа оставьте «[u]Внеземная ферма[/u]» / «[u]Вход холодильника[/u]».)\n\n... Переместите [c][ffff00]расширитель ЦП[-][/c] и [c][ffff00]солнечные конденсаторы[-][/c] в контейнер вашей фермы.\n\n[b][c][c0c0c0][i]([c][ffff00]Вернитесь на ферму[-][/c], когда закончите.)[/i][-][/c][/b]",,,,,,,,
pda_eOYO04S,"[sup]... Left side:   [c][ffffff] [Player > ] [-][/c] , [ Player Inventory > ] [/sup]\n[sup]... and right:   [Offworld Farm > ] , e.g.   [Fridge >]        [/sup]\n\n- [c][ffffff][c][ffff00]Switch [-][/c][-][/c]left dropdown[c][ffffff] from 'Player' to [c][ffff00]""Buried/Tech Cache""[-][/c][-][/c] . \n\n\nThen,  [c][ffff00]press the arrows in center screen, [-][/c]\nto push the loot from ""Tech Cache"" (left), \ninto your farm's container (right).",,,,,,,,"[sup]... Слева: [c][ffffff] [Игрок >] [-][/c], [Инвентарь игрока >] [/sup]\n[sup]... А справа: [Внеземная ферма >], например [Холодильник >]        [/sup]\n\n- [c][ffffff][c][ffff00]Переключите[-][/c][-][/c] левое выпадающее меню с «Игрок» на [c][ffff00]«Зарытый / технотайник»[-][/c][-][/c].\n\n\nЗатем [c][ffff00]нажимайте стрелки в центре экрана[-][/c],\nчтобы переместить добычу из «Технотайника» (слева)\nв контейнер фермы (справа).",,,,,,,,
pda_0iauaOW,Uproot Plants?,,,,,,,,Выкорчевать растения?,,,,,,,,
pda_OmaeOKi,[c][0080ff]Mrk[-][/c] & Trg - [c][ffffff][b]Lost[/b] [-][/c]Garden -[c][ff80ff] [c][ff8000][i](OnBy: [c][ff8040]ToGarden [-][/c])[/i]  >C_On x2 >C_Off[-][/c][-][/c],,,,,,,,[c][0080ff]Mrk[-][/c] и Trg — [c][ffffff][b]Потерянный[/b] [-][/c]сад —[c][ff80ff] [c][ff8000][i](OnBy: [c][ff8040]ToGarden [-][/c])[/i]  >C_On x2 >C_Off[-][/c][-][/c],,,,,,,,
pda_03SUEGC,[i](Lost Garden)[/i],,,,,,,,[i](Потерянный сад)[/i],,,,,,,,
pda_eOOuK4O,[c][0080ff]Mrk[-][/c]&Trg Back[c][ffffff]ToFarm[-][/c] [i][c][ff8000](RwBy: CraftFuel) [-][/c][/i][c][ff8000]>C_OffTx4  >CRw x3 >C_OnT[-][/c][c][ff8000] x4 [c][80ffff]Sig[-][/c][-][/c],,,,,,,,[c][0080ff]Mrk[-][/c]&Trg обратно[c][ffffff] на ферму[-][/c] [i][c][ff8000](RwBy: CraftFuel) [-][/c][/i][c][ff8000]>C_OffTx4  >CRw x3 >C_OnT[-][/c][c][ff8000] x4 [c][80ffff]Sig[-][/c][-][/c],,,,,,,,
pda_GCJ4abC,Check new fuel time,,,,,,,,Проверьте новое время работы топлива,,,,,,,,
pda_4WW4GiK,"Open Control Panel [c][00ff00][P][-][/c] ,\n[c][ffff00][[ Main ]][-][/c] tab",,,,,,,,"Откройте панель управления [c][00ff00][P][-][/c],\nвкладка [c][ffff00][[ Главное ]][-][/c]",,,,,,,,
pda_uqaKWmG,--,,,,,,,,--,,,,,,,,
pda_8aG4WaG,____[c][ffff00]O2 Condenser[-][/c] ______,,,,,,,,____[c][ffff00]Конденсатор O2[-][/c] ______,,,,,,,,
pda_50uKuc4,...,,,,,,,,...,,,,,,,,
pda_qSCWWuW,...,,,,,,,,...,,,,,,,,
pda_OLI4KLi,--,,,,,,,,--,,,,,,,,
pda_quKGC0S,"[i]< Full of [b]growing plots[/b]... >[/i]\n[i][/i]\n[i]< These are much more [c][ffffff]valuable[-][/c], if left in one piece. [/i]\n[i]... But to pick them up, we need [b]better tools[/b]... >[/i]",,,,,,,,"[i]< Полно [b]грядок[/b]... >[/i]\n[i][/i]\n[i]< Они гораздо [c][ffffff]ценнее[-][/c], если оставить их целыми. [/i]\n[i]... Но чтобы подобрать их, нужны [b]лучшие инструменты[/b]... >[/i]",,,,,,,,
pda_G40I0q0,Direct Acess,,,,,,,,Прямой доступ,,,,,,,,
pda_GC00a0q,"Access your Fuel tank\nStand close to exterior wall, point at structure, press [c][00ff00][P].[-][/c]",,,,,,,,"Откройте свой топливный бак\nВстаньте близко к внешней стене, наведите на конструкцию и нажмите [c][00ff00][P].[-][/c]",,,,,,,,
pda_WIaOiqi,--,,,,,,,,--,,,,,,,,
pda_uMmi4GS,"[i]< You do not need to get inside... [/i]\n[i]You can [b]fill your Tank[/b] from right here. >[/i]\n\n[i]< Stand [c][ffff00]close[-][/c],[c][ffff00] point at a wall,[-][/c] press [c][00ff00][-][/c][c][ffff00][c][00ff00][P][-][/c] [-][/c]for Control Panel. >[/i]",,,,,,,,"[i]< Не нужно заходить внутрь... [/i]\n[i]Заправить [b]бак[/b] можно прямо отсюда. >[/i]\n\n[i]< Встаньте [c][ffff00]близко[-][/c], [c][ffff00]наведите курсор на стену[-][/c], нажмите [c][00ff00][-][/c][c][ffff00][c][00ff00][P][-][/c] [-][/c], чтобы открыть панель управления. >[/i]",,,,,,,,
pda_qOOgaiM,[i]< Now switch to the [/i][c][00ff00][[ Devices ]][-][/c][i][c][00ff00][-][/c] tab... >[/i],,,,,,,,[i]< Теперь переключитесь на вкладку [/i][c][00ff00][[ Устройства ]][-][/c][i][c][00ff00][-][/c]... >[/i],,,,,,,,
pda_O98G86e,Fill by Control Panel [c][00ff00][P][-][/c],,,,,,,,Заправка через панель управления [c][00ff00][P][-][/c],,,,,,,,
pda_Ia8m04W,- Open [c][00ff00][[ Devices ]][-][/c] tab\n- Select Fuel tank in list.,,,,,,,,- Откройте вкладку [c][00ff00][[ Устройства ]][-][/c]\n- Выберите топливный бак в списке.,,,,,,,,
pda_SSO48K0,- Click on[c][00ff00] [[Access]] [-][/c]button\n[sup](upper right edge)[/sup],,,,,,,,- Нажмите кнопку [c][00ff00][[Доступ]][-][/c]\n[sup](в правом верхнем углу)[/sup],,,,,,,,
pda_SSOO4qW,"[i]< Fill the new [c][ffff00]Fuel into your tank[-][/c]. >[/i]\n[i] ... Then let's see how much [b]time [/b]that yields. >[/i]\n\n---\n( When done, close this window; open[b] Control Panel[/b], [[ Main]] tab)",,,,,,,,"[i]< Заправьте бак [c][ffff00]новым топливом[-][/c]. >[/i]\n[i]... Затем посмотрим, на сколько [b]времени[/b] его хватит. >[/i]\n\n---\n(Когда закончите, закройте это окно; откройте [b]панель управления[/b], вкладку [[Главное]].)",,,,,,,,
pda_KSq0SGo,"[i]< To the left... A bit better...             [/i]\n[i]Good for a [c][ffffff]Fridge[-][/c], and farming.[/i] >\n\n[i]< ...But once you start [b]crafting[/b],     [/i]\n[i]this probably won't last long. >     [/i]\n\n\n---\n([b] Close [/b]Control Panel, when done )",,,,,,,,"[i]< Слева... Немного лучше...             [/i]\n[i]Хватит для [c][ffffff]холодильника[-][/c] и фермерства.[/i] >\n\n[i]< ... Но как только начнёте [b]создавать[/b] предметы, [/i]\n[i]этого, вероятно, надолго не хватит. >     [/i]\n\n\n---\n([b]Закройте[/b] панель управления, когда закончите.)",,,,,,,,
pda_mWiK80u,[c][0080ff](nPOI)[-][/c] - [c][ff8080]Fork[-][/c]- [c][0080ff]Task[-][/c] [c][ffffff]Farming[-][/c] [i][c][ff8000](RwBy:BckFarm) [-][/c][/i][c][ff8000]>CRwT-  [c][ff8080]V(Multitool)[-][/c][-][/c],,,,,,,,[c][0080ff](nPOI)[-][/c] — [c][ff8080]выбор[-][/c]— [c][0080ff]задание[-][/c] [c][ffffff]фермерство[-][/c] [i][c][ff8000](RwBy:BckFarm) [-][/c][/i][c][ff8000]>CRwT—  [c][ff8080]V(Мультитул)[-][/c][-][/c],,,,,,,,
pda_8q4Gu6C,Farm,,,,,,,,Ферма,,,,,,,,
pda_4Wui0iu,...,,,,,,,,...,,,,,,,,
pda_m0mm44O,--,,,,,,,,--,,,,,,,,
pda_SCeO4Cu,invOp - FridgeIn_Frst NoPow [c][ff80ff][i][c][ff8000](OffBy: BckFarm) [-][/c][/i][-][/c][c][ff8000][i](OffBy: FoodProc[/i][-][/c],,,,,,,,"invOp — холодильник: вход, сначала без питания [c][ff80ff][i][c][ff8000](OffBy: BckFarm) [-][/c][/i][-][/c][c][ff8000][i](OffBy: FoodProc[/i][-][/c]",,,,,,,,
pda_ie48RmC,...,,,,,,,,...,,,,,,,,
pda_mCmqaiG,...,,,,,,,,...,,,,,,,,
pda_mSea4O4,--,,,,,,,,--,,,,,,,,
pda_QqmCumi,_InvC/ TbC - [c][ff8080]Var_switch[-][/c]- Gain MT  [c][ff8080]>>C_Off:_V_NoMT >>ToRw:_HasMT[-][/c],,,,,,,,_InvC/ TbC — [c][ff8080]переключатель переменной[-][/c] — получен мультитул [c][ff8080]>>C_Off:_V_NoMT >>ToRw:_HasMT[-][/c],,,,,,,,
pda_emiGCee,Gained Multitool,,,,,,,,Получен мультитул,,,,,,,,
pda_iCuTp2C,...,,,,,,,,...,,,,,,,,
pda_miOqaGS,---,,,,,,,,---,,,,,,,,
pda_KC04scO,Queue - Crafting Multitool - Core warn,,,,,,,,Очередь — создание мультитула — предупреждение о ядре,,,,,,,,
pda_WSW8C4e,Multitool,,,,,,,,Мультитул,,,,,,,,
pda_uqGGSKB,...,,,,,,,,...,,,,,,,,
pda_ueICKem,---,,,,,,,,---,,,,,,,,
pda_KKe88aa,"[i]< This is your primary [c][ffffff]building tool[-][/c]. >[c][ffffff][-][/c][/i]\n[i][/i]\n[i]< But to [b]use [/b]it for full effect, you need to have claimed a structure with a [c][ffffff]Core [-][/c]first. >[/i]",,,,,,,,"[i]< Это ваш основной [c][ffffff]строительный инструмент[-][/c]. >[c][ffffff][-][/c][/i]\n[i][/i]\n[i]< Но чтобы использовать его на полную мощность, сначала нужно захватить конструкцию с помощью [c][ffffff]ядра[-][/c]. >[/i]",,,,,,,,
pda_uCWHSKW,____[c][ffff00] Multitool[-][/c] ______,,,,,,,,____[c][ffff00] МУЛЬТИТУЛ[-][/c] ______,,,,,,,,
pda_e0a00G4,...,,,,,,,,...,,,,,,,,
pda_uO0S0e8,...,,,,,,,,...,,,,,,,,
pda_q8Om4KK,--,,,,,,,,--,,,,,,,,
pda_u4fKiqS,"[i]< ... These things could be used to [c][ffffff]craft better food[-][/c] out of it... [/i]\n[i]Better [b]leave it here[/b], for now? >[/i]",,,,,,,,"[i]< ... Из этого можно [c][ffffff]создавать более качественную еду[-][/c]... [/i]\n[i]Может, пока лучше [b]оставить это здесь[/b]? >[/i]",,,,,,,,
pda_iWq9qaq,invOp - [c][ffffff]FridgeFrst&Pow[-][/c] [i][c][ff8000]([-][/c][/i][c][ff80ff][c][ff8000][i]OffBy: FridgFir&Pow &FoodProc)[/i][-][/c][-][/c][c][ff80ff][c][ff8000][i] (RwBy:BckFarm)[/i][-][/c][-][/c],,,,,,,,invOp — [c][ffffff]холодильник: сначала и питание[-][/c] [i][c][ff8000]([-][/c][/i][c][ff80ff][c][ff8000][i]OffBy: FridgFir&Pow &FoodProc)[/i][-][/c][-][/c][c][ff80ff][c][ff8000][i] (RwBy:BckFarm)[/i][-][/c][-][/c],,,,,,,,
pda_mcW42Wu,...,,,,,,,,...,,,,,,,,
pda_0qQ8SiC,...,,,,,,,,...,,,,,,,,
pda_0iuiWK0,--,,,,,,,,--,,,,,,,,
pda_WOCi0ug,invOp - FridgeRep&Pow [c][ff8000] [i](ToRewBy:FridgeFirst)[/i][-][/c][c][ff80ff][c][ff8000][i] (RwBy:BckFarm)[/i][-][/c][-][/c][c][ff8000][i] (OffBy:FoodProc1st) >C_On[/i][-][/c],,,,,,,,invOp — холодильник: ремонт и питание [c][ff8000] [i](ToRewBy:FridgeFirst)[/i][-][/c][c][ff80ff][c][ff8000][i] (RwBy:BckFarm)[/i][-][/c][-][/c][c][ff8000][i] (OffBy:FoodProc1st) >C_On[/i][-][/c],,,,,,,,
pda_W0q0CaW,...,,,,,,,,...,,,,,,,,
pda_GWMn0eW,...,,,,,,,,...,,,,,,,,
pda_2ZSCqai,--,,,,,,,,--,,,,,,,,
pda_0OG0ueO,"[i]< With this new Base power, the [c][ffffff]food crafting [-][/c]could[c][ffffff][-][/c] be ready. >[/i]\n\n[i]< ... Check out that [/i][c][ffff00]Food Processor[-][/c][i] nearby. >[/i]",,,,,,,,"[i]< Теперь, когда у базы есть питание, [c][ffffff]создание еды[-][/c] может быть готово. >[/i]\n\n[i]< ... Проверьте ближайший [/i][c][ffff00]пищевой процессор[-][/c][i]. >[/i]",,,,,,,,
pda_MCSSi40,--,,,,,,,,--,,,,,,,,
pda_WiiAb8u,--,,,,,,,,--,,,,,,,,
pda_mqC8eua,--,,,,,,,,--,,,,,,,,
pda_S9iC8CO,--,,,,,,,,--,,,,,,,,
pda_COKuOmW,--,,,,,,,,--,,,,,,,,
pda_K0WWGSG,--,,,,,,,,--,,,,,,,,
pda_mOd43SO,[c][0080ff]Mrk[-][/c]_nUnit -[c][ffffff] FoodProcLoc[-][/c] [i][c][ff8000](OnBy:  BckToFarm OffBy:FoodProc1st[-][/c][/i],,,,,,,,[c][0080ff]Mrk[-][/c]_nUnit —[c][ffffff] расположение пищевого процессора[-][/c] [i][c][ff8000](OnBy: BckToFarm OffBy:FoodProc1st[-][/c][/i],,,,,,,,
pda_u0Kia4A,...,,,,,,,,...,,,,,,,,
pda_KimauWS,...,,,,,,,,...,,,,,,,,
pda_u4K0a0s,--,,,,,,,,--,,,,,,,,
pda_uuO8Nqu,"[u]Blueprints[/u] & [u][c][ffffff]Factory[-][/c][/u]:\n[i]\n= ""Skip all the building."" [/i]\n\n[i]--[/i]\n\n[i]... [/i][c][ffffff]Spawn in[-][/c] Vessels and Bases.                      \n\n... [c][ffffff]Publish [-][/c]your designs to Steam Workshop \n\n\n[c][c0c0c0][i]Often used together with [b]Creative Mode.   [/b][/i][-][/c]\n\n\n--\n[[[c][ffffff] OK [-][/c]]][c][ffffff] for next page[-][/c]  ( 1 of 3 )",,,,,,,,[u]Чертежи[/u] и [u][c][ffffff]фабрика[-][/c][/u]:\n[i]\n= «Пропустить всё строительство». [/i]\n\n[i]--[/i]\n\n[i]... [/i][c][ffffff]Создавайте[-][/c] суда и базы.\n\n... [c][ffffff]Публикуйте[-][/c] свои проекты в Steam Workshop.\n\n\n[c][c0c0c0][i]Часто используется вместе с [b]творческим режимом.[/b][/i][-][/c]\n\n\n--\n[[[c][ffffff] OK [-][/c]]][c][ffffff] — следующая страница[-][/c]  ( 1 из 3 ),,,,,,,,
pda_PO8G4Ki,(Blocks teleported!),,,,,,,,(Блоки телепортированы!),,,,,,,,
pda_iaSO8sC,...,,,,,,,,...,,,,,,,,
pda_S88emqe,--,,,,,,,,--,,,,,,,,
pda_kWKOOfG,"[i]< Very good![/i]\n[i]- Those things will now [c][ffffff]wait at the[-][/c] [c][ffffff]Farm[-][/c], for your use. >[/i]\n[i][/i]\n[i]< We could go [b]back [/b]- - ... But - >[/i]",,,,,,,,"[i]< Очень хорошо![/i]\n[i]— Теперь эти вещи будут [c][ffffff]ждать на[-][/c] [c][ffffff]ферме[-][/c], пока вы ими не воспользуетесь. >[/i]\n\n[i]< Мы могли бы [b]вернуться[/b]... Но... >[/i]",,,,,,,,
pda_4miOOaE,[i]< With this power- - This place was once a [c][ffffff]Farm[-][/c].[/i]\n\n[i]... Needs a bit of love- But it could still serve as such...? >[/i],,,,,,,,"[i]< С этим питанием... когда-то это место было [c][ffffff]фермой[-][/c].[/i]\n\n[i]... Нужно немного заботы, но оно всё ещё может служить фермой...? >[/i]",,,,,,,,
pda_OqCmKmm,( Close Window ),,,,,,,,(Закройте окно),,,,,,,,
pda_4Nuwf44,--,,,,,,,,--,,,,,,,,
pda_Om4cmaq,Check status of Farm,,,,,,,,Проверьте состояние фермы,,,,,,,,
pda_u8e84OR,Growing Plots...?,,,,,,,,Грядки...?,,,,,,,,
pda_L8mugi4,--,,,,,,,,--,,,,,,,,
pda_iGiWmgC,Fridges...?,,,,,,,,Холодильники...?,,,,,,,,
pda_8O0Gumm,---,,,,,,,,---,,,,,,,,
pda_a8a2S8s,...,,,,,,,,...,,,,,,,,
pda_i8e48eC,--,,,,,,,,--,,,,,,,,
pda_aCI8mKC,[i]< This could be useful ...? >[/i]\n\n[i]< In that [c][ffff00]Cargo Palette[-][/c]... There  are 'tools' to collect fuel. >[/i],,,,,,,,[i]< Это может пригодиться...? >[/i]\n\n[i]< В той [c][ffff00]грузовой паллете[-][/c] есть инструменты для сбора топлива. >[/i],,,,,,,,
pda_i4OGee4,[i]< Collected a Plant sprout >[/i],,,,,,,,[i]< Собран росток растения >[/i],,,,,,,,
pda_a8i8Y4W,"[i]< Now look at [b]that[/b] haul... ! >[/i]\n\n[i]< ... All the missing [c][ffffff]Solar Capacitors[-][/c], of several POI.[/i]\n[i]And also their [c][ffffff]CPU extenders[-][/c]...?! >[/i]",,,,,,,,[i]< Теперь посмотрите [b]на эту[/b] добычу...! >[/i]\n\n[i]< ... Все недостающие [c][ffffff]солнечные конденсаторы[-][/c] из нескольких точек интереса.[/i]\n[i]И ещё их [c][ffffff]расширители ЦП[-][/c]...?! >[/i],,,,,,,,
pda_COa0aqW,...,,,,,,,,...,,,,,,,,
pda_immKqKC,"[i]< Once you are done, let's check [c][ffffff]back to the Farm. [-][/c]>[c][ffffff][-][/c][/i]\n\n[i]< ... Those blocks, they will be really useful. >[/i]",,,,,,,,"[i]< Когда закончите, давайте вернёмся [c][ffffff]на ферму.[-][/c]>[c][ffffff][-][/c][/i]\n\n[i]< ... Эти блоки действительно будут полезны. >[/i]",,,,,,,,
pda_cG8OC8e,--,,,,,,,,--,,,,,,,,
pda_0KmGmqm,[c][0080ff]nPOI[-][/c] -on- Tech[c][ffffff]Caches[-][/c] - [c][ff0000]PURGE SETTLEMENT CORES[-][/c],,,,,,,,[c][0080ff]nPOI[-][/c] —on— техно[c][ffffff]тайники[-][/c] — [c][ff0000]ОЧИСТИТЬ ЯДРА ПОСЕЛЕНИЯ[-][/c],,,,,,,,
pda_KeeewCo,...,,,,,,,,...,,,,,,,,
pda_CmS8G18,...,,,,,,,,...,,,,,,,,
pda_C8qUauK,--,,,,,,,,--,,,,,,,,
pda_aSm6CmS,"[u][c][ffffff]Food Processor[-][/c][/u]:\n\nFor nourishment, and Medicine.\n\n---\n\n- [u][b]No[/b][/u] own inventory.                                                  \n[c][ffff00]Select containers[-][/c], to draw from, and deposit to.\n\n----                                                                              \n[[ [c][ffffff]OK[-][/c] ]] [c][ffffff]for Overview[-][/c]",,,,,,,,"[u][c][ffffff]Пищевой процессор[-][/c][/u]:\n\nДля еды и лекарств.\n\n---\n\n— [u][b]Нет[/b][/u] собственного инвентаря.\n[c][ffff00]Выберите контейнеры[-][/c], откуда забирать и куда помещать предметы.\n\n----\n[[ [c][ffffff]OK[-][/c] ]] [c][ffffff]— обзор[-][/c]",,,,,,,,
pda_qmCe8oG,[c][0080ff]nPOI_doubleUse[-][/c] alw - [c][ff8080]V[-][/c]- Prom Early discovered[c][ff80ff] [c][ff8000](OffByT: PlaceAll)[-][/c][-][/c],,,,,,,,[c][0080ff]nPOI_doubleUse[-][/c] — всегда — [c][ff8080]V[-][/c]— раннее обнаружение прометия[c][ff80ff] [c][ff8000](OffByT: PlaceAll)[-][/c][-][/c],,,,,,,,
pda_08qmmbO,[i](Check back later)[/i],,,,,,,,[i](Проверьте позже)[/i],,,,,,,,
pda_4HmGKGa,...,,,,,,,,...,,,,,,,,
pda_Kq2iquC,---,,,,,,,,---,,,,,,,,
pda_aS6sSCK,"''[i]... Actually, please explode [c][ffffff][-][/c]it anyway... [/i]''",,,,,,,,"«[i]... Вообще-то, всё равно взорви [c][ffffff][-][/c]это... [/i]»",,,,,,,,
pda_mieSaGW,...,,,,,,,,...,,,,,,,,
pda_GqOGi0O,...,,,,,,,,...,,,,,,,,
pda_eSmumau,--,,,,,,,,--,,,,,,,,
pda_WmqCqG0,[i]< ''Your wish is my command.'' >[/i],,,,,,,,[i]< «Ваше желание — закон для меня». >[/i],,,,,,,,
pda_aqmumKi,"[i]< Um, Okay ...? >[/i]",,,,,,,,"[i]< Эм, ладно...? >[/i]",,,,,,,,
pda_0GS0ieO,[c][0080ff](nPOI) Mrk[-][/c] & [c][0080ff]Task[-][/c] - [c][ff8080]N[-][/c]- [c][ffffff]Prom[-][/c]Dep first [c][ff8000][i](OnByT: PlaceAlll)[/i][-][/c][i][c][ff8000][-][/c][/i][c][ff8000]>C_On >C_Off[-][/c],,,,,,,,[c][0080ff](nPOI) Mrk[-][/c] и [c][0080ff]задание[-][/c] — [c][ff8080]N[-][/c]— первая [c][ffffff]залежь прометия[-][/c] [c][ff8000][i](OnByT: PlaceAlll)[/i][-][/c][i][c][ff8000][-][/c][/i][c][ff8000]>C_On >C_Off[-][/c],,,,,,,,
pda_46S8i80,High-grade fuel,,,,,,,,Высококачественное топливо,,,,,,,,
pda_i4qCGG4,[i](Have lots of space in your inventory)[/i]\n--\n[b]Find and Reach[/b]:\nPromethium Deposit\n[i][c][c0c0c0][sup](Use Hoverbike or Detector.)[/sup][-][/c][/i],,,,,,,,[i](Освободите много места в инвентаре)[/i]\n--\n[b]Найдите и доберитесь до[/b]:\nзалежи прометия\n[i][c][c0c0c0][sup](Используйте ховербайк или детектор.)[/sup][-][/c][/i],,,,,,,,
pda_Y0EWKTm,--,,,,,,,,--,,,,,,,,
pda_0Cu0mBG,[c][0080ff]Mrk[-][/c] - Multitool[c][ffffff]Wardrobe[-][/c] [i][c][ff8040](OnBy: NoMTyet)[-][/c][/i] [i][c][ff8040](Offby:OpenWard[-][/c][c][ff8000] & To Garden)[-][/c][/i],,,,,,,,[c][0080ff]Mrk[-][/c] — мультитул[c][ffffff] шкаф для брони[-][/c] [i][c][ff8040](OnBy: NoMTyet)[-][/c][/i] [i][c][ff8040](Offby:OpenWard[-][/c][c][ff8000] & To Garden)[-][/c][/i],,,,,,,,
pda_eiiiSm0,...,,,,,,,,...,,,,,,,,
pda_qWSai0m,...,,,,,,,,...,,,,,,,,
pda_0C4Ci2O,--,,,,,,,,--,,,,,,,,
pda_e688G4u,"[u][c][ffffff]Multitool[-][/c][/u]:\n\n[c][ffffff]Main Building tool[-][/c]. \nFor: Block manipulation, repair, upgrading ...",,,,,,,,"[u][c][ffffff]Мультитул[-][/c][/u]:\n\n[c][ffffff]Основной строительный инструмент[-][/c].\nДля: работы с блоками, ремонта, улучшений...",,,,,,,,
pda_8uamkqi,...,,,,,,,,...,,,,,,,,
pda_W08Came,--,,,,,,,,--,,,,,,,,
pda_04eSK24,Pick up blocks\n[sup](without breaking them)[/sup]\n[sup][i][c][00ff00] [T][-][/c] to switch toolbars[/i][/sup],,,,,,,,Подберите блоки\n[sup](не разрушая их)[/sup]\n[sup][i][c][00ff00] [T][-][/c] — переключение панелей быстрого доступа[/i][/sup],,,,,,,,
pda_u1q2880,"Claim Lost Garden\nwith a core\n[c][c0c0c0][i][sup](Get Core, place it on garden.\nIf you do not see it in your Toolbar, switch with [T] )[/sup][/i][-][/c]",,,,,,,,"Захватите потерянный сад\nс помощью ядра\n[c][c0c0c0][i][sup](Возьмите ядро, установите его на саду.\nЕсли оно не видно на панели быстрого доступа, переключитесь клавишей [T].)[/sup][/i][-][/c]",,,,,,,,
pda_qK8miSm,--,,,,,,,,--,,,,,,,,
pda_m3I4mOe,Multitool & Logistics,,,,,,,,Мультитул и логистика,,,,,,,,
pda_0GCGuKo,...,,,,,,,,...,,,,,,,,
pda_eqq8a47,--,,,,,,,,--,,,,,,,,
pda_SWu8qeK,[c][ffff00]Open Logistics[-][/c] [c][00ff00][ F4 ][-][/c],,,,,,,,[c][ffff00]Откройте логистику[-][/c] [c][00ff00][ F4 ][-][/c],,,,,,,,
pda_maW8MSC,--,,,,,,,,--,,,,,,,,
pda_nWKu8Wq,[i]< [c][ffffff]Picking things up [-][/c]... Handling [b]inventories [/b]... can be [b]more convenient[/b] than this. >[/i]\n\n[i]< ... Could you [c][ffff00]open your Logistics[-][/c] [c][00ff00][ F4 ][-][/c] ?  It' is a time-saver. >[/i],,,,,,,,"[i]< [c][ffffff]Подбирать предметы[-][/c]... Управлять [b]инвентарями[/b]... можно [b]удобнее[/b], чем так. >[/i]\n\n[i]< ... Не могли бы вы [c][ffff00]открыть логистику[-][/c] [c][00ff00][ F4 ][-][/c]? Это экономит время. >[/i]",,,,,,,,
pda_G8OWWWb,...,,,,,,,,...,,,,,,,,
pda_O48GOka,...,,,,,,,,...,,,,,,,,
pda_u0KCOWi,--,,,,,,,,--,,,,,,,,
pda_mga8uZO,"[i]\n( [c][c0c0c0]The Drill[-][/c] ) :                                                                                                                  [/i]\n[i][/i]\n[i]            < To the left, '[b]Energy[/b]'  stats check ... >                                                         [/i]\n[i]\n            < No Output, no Consumption - -  despite power being turned on? > [/i]\n[i]            <  ... likely there got something important [b]destroyed[/b]. >                          [/i]\n\n[i]\n           < Please [c][ffffff][c][ffff00]click on the [-][/c][-][/c]  [/i][c][ffffff][c][ffff00][[ Device List ]][-][/c]  [-][/c][i]tab, above. >                               [/i]",,,,,,,,"[i]\n( [c][c0c0c0]Дрель[-][/c] ) :                                                                                                                  [/i]\n[i][/i]\n[i]            < Слева проверьте показатели «[b]Энергия[/b]»... >                                                         [/i]\n[i]\n            < Нет выработки и нет потребления, хотя питание включено? > [/i]\n[i]            < ... Вероятно, что-то важное [b]уничтожено[/b]. >                          [/i]\n\n[i]\n           < Пожалуйста, [c][ffffff][c][ffff00]нажмите вкладку[-][/c][-][/c] [/i][c][ffffff][c][ffff00][[ Список устройств ]][-][/c] [-][/c][i] сверху. >                               [/i]",,,,,,,,
pda_0ipme8m,Switch to [c][ffff00][[Stats]][-][/c] tab,,,,,,,,Переключитесь на вкладку [c][ffff00][[Статистика]][-][/c],,,,,,,,
pda_q4KOaCu,--,,,,,,,,--,,,,,,,,
pda_Kieji0i,Connect Containers,,,,,,,,Подключите контейнеры,,,,,,,,
pda_iiK8S8C,( Close Window when done ),,,,,,,,"(Закройте окно, когда закончите)",,,,,,,,
pda_8d0OKOo,--,,,,,,,,--,,,,,,,,
pda_KqCG0SS,"[i]< [c][ffffff]Left side:[-][/c] [c][ffff00]Select 'Fridge INPUT' from the drop down list[-][/c].[/i]\n[i][/i]\n[i]< ... [/i][i]It could have enough [b]resources to [/b][c][ffff00]craft [-][/c][c][ffff00]Bread[-][/c], a Burger ? >[/i]",,,,,,,,"[i]< [c][ffffff]Слева:[-][/c] [c][ffff00]выберите «Вход холодильника» из выпадающего списка[-][/c].[/i]\n[i][/i]\n[i]< ... Там может быть достаточно [b]ресурсов, чтобы[/b] [c][ffff00]создать[-][/c] [c][ffff00]хлеб[-][/c] или бургер? >[/i]",,,,,,,,
pda_u87mi0a,"- Select ""Fridge (INPUT)""\n [sup][c][c0c0c0][i](Food Processor: Drop-down menu)[/i][-][/c][/sup]\n- Craft Bread or Burger",,,,,,,,- Выберите «Холодильник (ВХОД)»\n[sup][c][c0c0c0][i](Пищевой процессор: выпадающее меню)[-][/c][/sup]\n- Создайте хлеб или бургер,,,,,,,,
pda_0G4eaCO,"[i]<  [b]Left side[/b], at the drop-down menu:[/i]\n\n[i]< There is a [b]small button[/b], right next to the Fridge's name.[/i]\n[c][ffffff][i]""Triangle-something with arrow pointing inward""[/i][-][/c]\n- [i][c][ffff00]Press that[-][/c] to get to the Fridge itself. >[/i]",,,,,,,,"[i]< С [b]левой стороны[/b], в выпадающем меню:[/i]\n\n[i]< Рядом с названием холодильника есть [b]маленькая кнопка[/b].[/i]\n[c][ffffff][i]«Что-то треугольное со стрелкой, направленной внутрь»[/i][-][/c]\n— [i][c][ffff00]Нажмите её[-][/c], чтобы перейти к самому холодильнику. >[/i]",,,,,,,,
pda_m04OKiw,...,,,,,,,,...,,,,,,,,
pda_WuK4U5S,--,,,,,,,,--,,,,,,,,
pda_EOKiCt4,--,,,,,,,,--,,,,,,,,
pda_u8QS4a0,"[u][c][ffffff]Overview[-][/c][/u]: \n\n[sup]<- [i]Left[/i]   [/sup]                      [sup]                        /\  [i]Above, and right:  [/i]->[/sup]\n [c][ffffff]Main stats [-][/c]                     ... Turn things off and on   \n                                        [c][c0c0c0] [sup](Standard & Custom switches)   [/sup][-][/c]\n\n\n\n[sup]\/ [i]Bottom (left)[/i] [/sup]                                    [sup]\/[/sup] [sup][i]B[/i][i]ottom[/i] [/sup][sup]\/             [/sup]\n'Health' stats                                ... Things to fill        \nof Base                                                                          \n\n\n---------\n\n[[[c][ffffff] OK[-][/c] ]][c][ffffff]   for next page[-][/c]   ( 2 of 3 )",,,,,,,,[u][c][ffffff]Обзор[-][/c][/u]:\n\n[sup]<- [i]Слева[/i]   [/sup]                      [sup]                        /\\  [i]Сверху и справа:[/i] ->[/sup]\n[c][ffffff]Основная статистика[-][/c]                     ... Включение и выключение устройств\n                                        [c][c0c0c0] [sup](Стандартные и пользовательские переключатели)[/sup][-][/c]\n\n\n\n[sup]\\/ [i]Внизу (слева)[/i] [/sup]                                    [sup]\\/[/sup] [sup][i]Внизу[/i] [/sup][sup]\\/             [/sup]\nПоказатели «здоровья»                                ... Объекты для заправки\nбазы\n\n\n---------\n\n[[[c][ffffff] OK[-][/c] ]][c][ffffff] — следующая страница[-][/c]   ( 2 из 3 ),,,,,,,,
pda_jKS8e1m,[i]< It [c][ffffff]needs fuel [-][/c]... - Like Biofuel ...[/i]\n[i]- Just drop it [/i][i][c][ffff00]into those slots[-][/c]. >[/i],,,,,,,,"[i]< Ему [c][ffffff]нужно топливо[-][/c]... Например, биотопливо...[/i]\n[i]— Просто положите его [/i][i][c][ffff00]в эти слоты[-][/c]. >[/i]",,,,,,,,
pda_OO8qviW,- Select [c][ffffff][[Device list]][-][/c] Tab,,,,,,,,- Выберите вкладку [c][ffffff][[Список устройств]][-][/c],,,,,,,,
pda_ueWCKi0,--,,,,,,,,--,,,,,,,,
pda_ua8WWWK,[c][c0c0c0][i](Be close & point at Base)[/i][-][/c]\n- Open Control Panel [c][00ff00][P][-][/c],,,,,,,,[c][c0c0c0][i](Подойдите близко и наведите на базу)[/i][-][/c]\n- Откройте панель управления [c][00ff00][P][-][/c],,,,,,,,
pda_GKK8S8m,--,,,,,,,,--,,,,,,,,
pda_mRSaGSK,[i]< [c][ffffff]Select [-][/c]the [/i][c][00ff00][c][ffff00][[ Device list ]][-][/c] [-][/c][i][c][ffff00]Tab[-][/c]... >[/i],,,,,,,,[i]< [c][ffffff]Выберите[-][/c] вкладку [/i][c][00ff00][c][ffff00][[ Список устройств ]][-][/c] [-][/c][i][c][ffff00][-][/c]... >[/i],,,,,,,,
pda_j8si08u,"\n[c][c0c0c0][i][sup](If marker is missing: - - [b]Repeat info[/b]: Check PDA [ F1 ], switch to ""PDA Log""[/sup][sup]) [/sup][/i][-][/c]",,,,,,,,"\n[c][c0c0c0][i][sup](Если маркер отсутствует: повторите информацию — проверьте КПК [ F1 ], переключитесь на «Журнал КПК».)[/sup][/i][-][/c]",,,,,,,,
pda_e8iqmG4,--,,,,,,,,--,,,,,,,,
pda_08SOO8C,[c][0080ff](nPOI)[-][/c] - [c][ffffff]Fill[-][/c]Fuel [i][c][ff8000](RwBy:Cont.&genny&fuel)[-][/c][/i]  [c][ff8000]>C_Rw >C_OffT[-][/c],,,,,,,,[c][0080ff](nPOI)[-][/c] — [c][ffffff]заправить[-][/c] топливо [i][c][ff8000](RwBy:Cont.&genny&fuel)[-][/c][/i]  [c][ff8000]>C_Rw >C_OffT[-][/c],,,,,,,,
pda_8iOe0K4,...,,,,,,,,...,,,,,,,,
pda_mua4Om4,--,,,,,,,,--,,,,,,,,
pda_a0u808u,"invOp - [c][ffffff]Reminder Split[-][/c] stack, Bulk Craft [i][c][ff8000](OnByT: BiofuelCamp) (Offby:Crafted)[-][/c][/i]",,,,,,,,"invOp — [c][ffffff]напоминание: разделить[-][/c] стопку, массовое создание [i][c][ff8000](OnByT: BiofuelCamp) (Offby:Crafted)[-][/c][/i]",,,,,,,,
pda_Ow04sGu,...,,,,,,,,...,,,,,,,,
pda_gKSa40u,...,,,,,,,,...,,,,,,,,
pda_qWUG0K4,--,,,,,,,,--,,,,,,,,
pda_xGiGmmK,[c][ffffff]Dlg[-][/c] - Gain [c][ffffff]Bridge [-][/c]Key,,,,,,,,[c][ffffff]Dlg[-][/c] — получен ключ от [c][ffffff]мостика[-][/c],,,,,,,,
pda_RCa0mWm,...,,,,,,,,...,,,,,,,,
pda_SO5CeCO,...,,,,,,,,...,,,,,,,,
pda_4Cumi0q,--,,,,,,,,--,,,,,,,,
pda_qeiaOmu,Open [c][ffffff]Control Panel[-][/c] [c][00ff00][P][-][/c] of Vessel,,,,,,,,Откройте [c][ffffff]панель управления[-][/c] [c][00ff00][P][-][/c] судна,,,,,,,,
pda_C4WK8ai,--,,,,,,,,--,,,,,,,,
pda_ieDeiCm,"With the [c][ffffff]Pentaxid in your inventory:[-][/c]\n\n[b]Click [/b]on [c][ffff00]Pentaxid tank[-][/c], [c][00ff00][[ Fill All. ]][-][/c] button.\n[c][00ff00][-][/c]\n[c][00ff00][-][/c]\n- Do this for the [c][ffffff]other tanks and ammo, too[-][/c][c][00ff00][c][ffffff].[-][/c][-][/c]\n\n---\n(Close Control Panel, when done)",,,,,,,,"Поместите [c][ffffff]пентаксид в инвентарь:[-][/c]\n\n[b]Нажмите[/b] на [c][ffff00]бак пентаксида[-][/c], затем кнопку [c][00ff00][[ Заполнить всё ]][-][/c].\n[c][00ff00][-][/c]\n[c][00ff00][-][/c]\n— Проделайте то же самое с [c][ffffff]другими баками и боеприпасами[-][/c][c][00ff00][c][ffffff].[-][/c][-][/c]\n\n---\n(Закройте панель управления, когда закончите.)",,,,,,,,
pda_emnCmuK,...,,,,,,,,...,,,,,,,,
pda_4CWkGSe,--,,,,,,,,--,,,,,,,,
pda_OuKGeKg,Prepare Vessel,,,,,,,,Подготовьте судно,,,,,,,,
pda_GasSmO5,Take Fuel,,,,,,,,Возьмите топливо,,,,,,,,
pda_q8mOueW,...,,,,,,,,...,,,,,,,,
pda_W8Miq8G,--,,,,,,,,--,,,,,,,,
pda_CS8aWmu,[i](Optional: Carry Ammo)[/i],,,,,,,,[i](Необязательно: возьмите боеприпасы)[/i],,,,,,,,
pda_Ca8ZCee,--,,,,,,,,--,,,,,,,,
pda_8pWOG4O,[c][0080ff]nPOI [-][/c]- [c][ffffff]Liftoff [-][/c][c][ff80ff][c][ff8000][i](OnBy: Shields )[/i] [-][/c][-][/c] [c][ff8000]>C_Off x3 >C_On x2 >VisOff[-][/c],,,,,,,,[c][0080ff]nPOI [-][/c]— [c][ffffff]взлёт[-][/c][c][ff80ff][c][ff8000][i](OnBy: Shields )[/i] [-][/c][-][/c] [c][ff8000]>C_Off x3 >C_On x2 >VisOff[-][/c],,,,,,,,
pda_4G4e4Wi,Fly to Space,,,,,,,,Летите в космос,,,,,,,,
pda_mKuSumm,...,,,,,,,,...,,,,,,,,
pda_va08u8X,---,,,,,,,,---,,,,,,,,
pda_oWqWqKa,[i]< Wohooo![/i]\n[i]- ... Let's get this [c][ffff00]to Space[-][/c]. >[/i],,,,,,,,[i]< Ухууу![/i]\n[i]— ... Давайте доберёмся [c][ffff00]до космоса[-][/c]. >[/i],,,,,,,,
pda_uGSuuea,...,,,,,,,,...,,,,,,,,
pda_G08D8WK,--,,,,,,,,--,,,,,,,,
pda_SIWTZii,[i]< Just one planet... In this whole Galaxy ... >[/i]\n[i][/i]\n[i]< Let's get you [c][ffffff]home[-][/c]. >[/i],,,,,,,,[i]< Всего одна планета... Во всей этой галактике... >[/i]\n[i][/i]\n[i]< Давайте доставим вас [c][ffffff]домой[-][/c]. >[/i],,,,,,,,
pda_O0maueu,DvUse_Cockpit - [c][ff8080]N [-][/c]-  [c][ffffff]Shields[-][/c] Inheritor [c][ff8000][i](OnByT:ResourceBox)[/i]   >C_On[-][/c],,,,,,,,DvUse_Cockpit — [c][ff8080]N [-][/c]— [c][ffffff]щиты[-][/c] «Наследник» [c][ff8000][i](OnByT:ResourceBox)[/i]   >C_On[-][/c],,,,,,,,
pda_iamSiGr,Liftoff check,,,,,,,,Проверка перед взлётом,,,,,,,,
pda_a4uqu8A,Turn on shields  [X ],,,,,,,,Включите щиты [X],,,,,,,,
pda_4SSa0iu,---,,,,,,,,---,,,,,,,,
pda_aWiO8ec,[c][0080ff]Mrk_Unit[-][/c] - [c][ffffff]Scenic [-][/c]way,,,,,,,,[c][0080ff]Mrk_Unit[-][/c] — [c][ffffff]живописный[-][/c] маршрут,,,,,,,,
pda_KGKaXGe,...,,,,,,,,...,,,,,,,,
pda_m8gO4OW,...,,,,,,,,...,,,,,,,,
pda_iFWMmau,---,,,,,,,,---,,,,,,,,
pda_1CcKeGe,[c][0080ff]Mrk_Unit[-][/c] - [c][ffffff]Shortcut[-][/c],,,,,,,,[c][0080ff]Mrk_Unit[-][/c] — [c][ffffff]короткий путь[-][/c],,,,,,,,
pda_0mu400u,...,,,,,,,,...,,,,,,,,
pda_4q0Wqe0,...,,,,,,,,...,,,,,,,,
pda_K4aqOkY,---,,,,,,,,---,,,,,,,,
pda_Wiqe0mS,[c][0080ff]Mrk_Unit[-][/c] - [c][ffffff]Door [-][/c]Behind you,,,,,,,,[c][0080ff]Mrk_Unit[-][/c] — [c][ffffff]дверь[-][/c] позади вас,,,,,,,,
pda_qKee0S6,...,,,,,,,,...,,,,,,,,
pda_uuGTWqK,...,,,,,,,,...,,,,,,,,
pda_C8eGaCS,---,,,,,,,,---,,,,,,,,
pda_e4KFaqa,[c][0080ff]Mrk_Unit[-][/c] - [c][ffffff]Up [-][/c]here,,,,,,,,[c][0080ff]Mrk_Unit[-][/c] — [c][ffffff]вверх[-][/c] здесь,,,,,,,,
pda_kW0qmSO,...,,,,,,,,...,,,,,,,,
pda_ikOuiCi,...,,,,,,,,...,,,,,,,,
pda_K4OimCW,---,,,,,,,,---,,,,,,,,
pda_CWOuiS8,[c][0080ff]Mrk_Unit[-][/c] - [c][ffffff]Exit [-][/c]here,,,,,,,,[c][0080ff]Mrk_Unit[-][/c] — [c][ffffff]выход[-][/c] здесь,,,,,,,,
pda_qOCWqKa,...,,,,,,,,...,,,,,,,,
pda_8qKia0W,...,,,,,,,,...,,,,,,,,
pda_8aWR8SO,---,,,,,,,,---,,,,,,,,
pda_eSeuWae,Back again,,,,,,,,Снова здесь,,,,,,,,
pda_GSqOaK4,...,,,,,,,,...,,,,,,,,
pda_CuEKaKm,--,,,,,,,,--,,,,,,,,
pda_qSC8amC,[i]< In [c][ffff00]this direction[-][/c] should be your [b]Fleet[/b]. >[/i],,,,,,,,[i]< В [c][ffff00]этом направлении[-][/c] должен быть ваш [b]флот[/b]. >[/i],,,,,,,,
pda_m0aSu8a,[c][0080ff]Mrk[-][/c] - Fleet [c][ffffff]direction[-][/c][c][ff80ff][i][c][ff8000](OnByT: AvoidDrones)  [-][/c][/i][c][ff8000]>RwTask[-][/c][-][/c],,,,,,,,[c][0080ff]Mrk[-][/c] — направление [c][ffffff]к флоту[-][/c][c][ff80ff][i][c][ff8000](OnByT: AvoidDrones)  [-][/c][/i][c][ff8000]>RwTask[-][/c][-][/c],,,,,,,,
pda_8qSOCia,[c][ffff00]Reach the Fleet.[-][/c],,,,,,,,[c][ffff00]Доберитесь до флота.[-][/c],,,,,,,,
pda_0KieqCK,Brakes on/off:[c][00ff00] [ i ][-][/c]\n[i]( Cruise lock: [Cntrl] + Move )[/i]\n--\n Auto-orient: [c][00ff00] [ O ][-][/c]\nPilot modes: [c][00ff00][Shift] + [ i ][-][/c],,,,,,,,Тормоза вкл./выкл.:[c][00ff00] [ i ][-][/c]\n[i](Фиксация крейсерской скорости: [Cntrl] + движение)[/i]\n--\nАвтовыравнивание: [c][00ff00] [ O ][-][/c]\nРежимы пилотирования: [c][00ff00][Shift] + [ i ][-][/c],,,,,,,,
pda_6WqO48m,--,,,,,,,,--,,,,,,,,
pda_CmuOKmq,[i]< No clue what has happened here...? >[/i]\n\n[i]< This whole hall seems to be full of [b]Hover Vessels[/b]. [/i]\n[i]... And I cannot [b]hack [/b]these doors. Very strange.>[/i],,,,,,,,"[i]< Понятия не имею, что здесь произошло...? >[/i]\n\n[i]< Похоже, весь этот ангар заполнен [b]ховерными судами[/b]. [/i]\n[i]... И я не могу [b]взломать[/b] эти двери. Очень странно. >[/i]",,,,,,,,
pda_mCaC08e,[i]< That odd '[b]Spider POI'[/b] gave me an idea... >[/i]\n[i][/i]\n[i]< Let's try something...? >[/i],,,,,,,,[i]< Та странная «[b]точка интереса с пауком[/b]» навела меня на мысль... >[/i]\n\n[i]< Давайте кое-что попробуем...? >[/i],,,,,,,,
pda_0WiIqSc,Just a try,,,,,,,,Просто попытка,,,,,,,,
pda_a0QK8uO,Get to Workshop entrance,,,,,,,,Доберитесь до входа в мастерскую,,,,,,,,
pda_DiKS0O0,--,,,,,,,,--,,,,,,,,
pda_K4uiqqW,...,,,,,,,,...,,,,,,,,
pda_0aG0KG8,...,,,,,,,,...,,,,,,,,
pda_imeaaSG,--,,,,,,,,--,,,,,,,,
pda_WKC0Gas,"[i]< So, um-[/i]\n\n""[b]We really would like to build a [c][ffffff]Hover Vessel[-][/c][/b]"" [i]>[/i]\n[i][/i]\n[i]< ... >[/i]",,,,,,,,"[i]< Итак, эм...[/i]\n\n«[b]Мы очень хотели бы построить [c][ffffff]ховерное судно[-][/c][/b]» [i]>[/i]\n\n[i]< ... >[/i]",,,,,,,,
pda_OEcafm0,...,,,,,,,,...,,,,,,,,
pda_lG54OOS,...,,,,,,,,... ...,,,,,,,,
pda_SCuqm4q,--,,,,,,,,--,,,,,,,,
pda_KaOCaqe,...,,,,,,,,...,,,,,,,,
pda_0O84CCG,--,,,,,,,,--,,,,,,,,
pda_CiOmOGe,"< ""[b]Could you pleas[/b]-"" >",,,,,,,,"< «[b]Не могли бы вы, пожалуйста[/b]...» >",,,,,,,,
pda_0Ke82uG,[i]< Huh.[/i]\n[i]Okay. >[/i],,,,,,,,[i]< Хм.[/i]\n[i]Ладно. >[/i],,,,,,,,
pda_SaWqK84,...,,,,,,,,...,,,,,,,,
pda_SK48GWe,[i]< ... Seems they just should have [b]asked [/b]... >[/i],,,,,,,,"[i]< ... Похоже, нужно было просто [b]попросить[/b]... >[/i]",,,,,,,,
pda_am4q4G4,[c][ff8000]Sig[-][/c] - [c][ffffff]InsideWork[-][/c]shop [i][c][ff8000](RwByT: OpeningHangar)[-][/c][/i][c][ff8000] >C_RwT >C_On >C_Off[-][/c],,,,,,,,[c][ff8000]Sig[-][/c] — [c][ffffff]внутри[-][/c] мастерской [i][c][ff8000](RwByT: OpeningHangar)[-][/c][/i][c][ff8000] >C_RwT >C_On >C_Off[-][/c],,,,,,,,
pda_KCC8Gau,...,,,,,,,,...,,,,,,,,
pda_8CKvaaF,...,,,,,,,,...,,,,,,,,
pda_SO000aK,--,,,,,,,,--,,,,,,,,
pda_aGu7u0O,_____________ MULTITOOL ______________,,,,,,,,_____________ МУЛЬТИТУЛ ______________,,,,,,,,
pda_qiKa4O8,--,,,,,,,,--,,,,,,,,
pda_40mOCaW,--,,,,,,,,--,,,,,,,,
pda_qCImvOe,--,,,,,,,,--,,,,,,,,
pda_8Sqau4a,--,,,,,,,,--,,,,,,,,
pda_qOi6uWa,--,,,,,,,,--,,,,,,,,
pda_CaeKLue,...,,,,,,,,...,,,,,,,,
pda_e08GfK8,--,,,,,,,,--,,,,,,,,
pda_70eKO44,Back again,,,,,,,,Снова здесь,,,,,,,,
pda_C44mauW,...,,,,,,,,...,,,,,,,,
pda_SKWuG8W,--,,,,,,,,--,,,,,,,,
pda_0Oq0yui,[i]< Back at the start ... >[/i],,,,,,,,[i]< Снова в начале... >[/i],,,,,,,,
pda_iCCuSOi,(Reach space),,,,,,,,(Доберитесь до космоса),,,,,,,,
pda_0SC0Q4W,--,,,,,,,,--,,,,,,,,
pda_i8SSCGa,...,,,,,,,,...,,,,,,,,
pda_OuoK0ie,--,,,,,,,,--,,,,,,,,
pda_OWq8qIq,Space drones,,,,,,,,Космические дроны,,,,,,,,
pda_eGuSm66,Got detected!,,,,,,,,Вас обнаружили!,,,,,,,,
pda_aeDsTGK,"[i]< You can try to [b]fight [/b]them, or just [b]fly towards the fleet[/b]. [/i]\n[i]The Capital Vessels have the bigger guns. >[/i]",,,,,,,,[i]< Можно попробовать [b]сразиться[/b] с ними или просто [b]лететь к флоту[/b]. [/i]\n[i]У крупных кораблей огневая мощь больше. >[/i],,,,,,,,
pda_IK8gSeY,--,,,,,,,,--,,,,,,,,
pda_4WiD48C,[c][0080ff]Mrk [-][/c]- Sit in cockpit [i][c][ff8000](OnBy: BridgeKey) (OffBy: Ending)[-][/c][/i],,,,,,,,[c][0080ff]Mrk [-][/c]— сядьте в кабину [i][c][ff8000](OnBy: BridgeKey) (OffBy: Ending)[-][/c][/i],,,,,,,,
pda_OGY8KCr,...,,,,,,,,...,,,,,,,,
pda_0u4qKCq,...,,,,,,,,...,,,,,,,,
pda_qsWYeGa,--,,,,,,,,--,,,,,,,,
pda_aSCXiqG,Sig - [c][80ffff]CAL [-][/c]- CoreAccess[c][ffffff] freaking [-][/c]out [i][c][ff8000](offby: CoreKill) [-][/c][/i][c][ff8000]>C_On x2 >C_Off [-][/c][c][ffff00][i]DoorOpen[/i][-][/c],,,,,,,,Sig — [c][80ffff]CAL [-][/c]— доступ к ядру[c][ffffff] совсем[-][/c] сходит с ума [i][c][ff8000](offby: CoreKill) [-][/c][/i][c][ff8000]>C_On x2 >C_Off [-][/c][c][ffff00][i]DoorOpen[/i][-][/c],,,,,,,,
pda_80nm80C,[i][c][ff8080]( Message )[-][/c][/i],,,,,,,,[i][c][ff8080]( Сообщение )[-][/c][/i],,,,,,,,
pda_8OcuGWb,...,,,,,,,,...,,,,,,,,
pda_GuWZm89,--,,,,,,,,--,,,,,,,,
pda_eq4GKtC,[c][0080ff]nPOI[-][/c] - Evil[c][ffffff]Hack deep[-][/c]er [i][c][ff8000](OnByT: DrillAttack)[-][/c][/i],,,,,,,,[c][0080ff]nPOI[-][/c] — злой[c][ffffff] глубокий[-][/c] взломщик [i][c][ff8000](OnByT: DrillAttack)[-][/c][/i],,,,,,,,
pda_0k8CaaC,...,,,,,,,,...,,,,,,,,
pda_CKeqCO0,...,,,,,,,,...,,,,,,,,
pda_8QKWiSC,---,,,,,,,,---,,,,,,,,
pda_CuO4SQ8,"Sig - EvilHack wants [c][ffffff]player dead[-][/c] [i][c][ff8000](offby: CoreKill, ReachSV)[-][/c][/i][c][ff8000] >ToRw[-][/c][i][c][ff8000][-][/c][/i]",,,,,,,,"Sig — злой взломщик хочет [c][ffffff]смерти игрока[-][/c] [i][c][ff8000](offby: CoreKill, ReachSV)[-][/c][/i][c][ff8000] >ToRw[-][/c][i][c][ff8000][-][/c][/i]",,,,,,,,
pda_aJKa04B,[c][ff8080][i]( Message )[/i][-][/c],,,,,,,,[c][ff8080][i]( Сообщение )[/i][-][/c],,,,,,,,
pda_iGFiGqW,...,,,,,,,,...,,,,,,,,
pda_65K8K4W,---,,,,,,,,---,,,,,,,,
pda_meQ8K80,Sig - [c][80ffff]CAL[-][/c] - EvilHack[c][ffffff]Bargain[-][/c]01 [i][c][ff8000](offby: CoreKill) >C_Off [c][ffff00]Sig Doorclose[-][/c][-][/c][/i],,,,,,,,Sig — [c][80ffff]CAL[-][/c] — сделка злого взломщика 01 [i][c][ff8000](offby: CoreKill) >C_Off [c][ffff00]Sig Doorclose[-][/c][-][/c][/i],,,,,,,,
pda_4GsSwS4,[i]Identify target:[/i]\n[i] [sup]&Lifeform: Human[/sup][/i],,,,,,,,[i]Определение цели:[/i]\n[i] [sup]&Форма жизни: человек[/sup][/i],,,,,,,,
pda_GwOuYKe,...,,,,,,,,...,,,,,,,,
pda_449WaKi,---,,,,,,,,---,,,,,,,,
pda_q4ZW6i0,[i]< Took care of their [b]generators[/b]... [/i]\n[i]Any turrets should be now offline. >[/i],,,,,,,,[i]< Разобрались с их [b]генераторами[/b]... [/i]\n[i]Теперь все турели должны быть отключены. >[/i],,,,,,,,
pda_40OOSiW,"_________ [i](WarpPrep, other)[/i]",,,,,,,,"_________ [i](Подготовка к варпу, другие)[/i]",,,,,,,,
pda_ui8d40C,--,,,,,,,,--,,,,,,,,
pda_amS1OGO,--,,,,,,,,--,,,,,,,,
pda_Oi4eSQ0,--,,,,,,,,--,,,,,,,,
pda_MW8Cim6,[c][0080ff]Mrk[-][/c] & Trg - [c][ffffff]Fighter [-][/c]SV1 [i][c][ff8000](OnBy: [-][/c][/i][i][c][ff8000]DBDifficulty) [-][/c][/i](OffBy:FightBoost [c][ff8000]) >C_On[-][/c],,,,,,,,[c][0080ff]Mrk[-][/c] и Trg — [c][ffffff]истребитель[-][/c] SV1 [i][c][ff8000](OnBy: [-][/c][/i][i][c][ff8000]DBDifficulty) [-][/c][/i](OffBy:FightBoost [c][ff8000]) >C_On[-][/c],,,,,,,,
pda_48CqqSW,Strike from Above,,,,,,,,Удар сверху,,,,,,,,
pda_0FuW4mi,...,,,,,,,,...,,,,,,,,
pda_GKeaneq,---,,,,,,,,---,,,,,,,,
pda_KSu4uKO,"_________ [i](Prom, other triggers)[/i]",,,,,,,,"_________ [i](Прометий, другие триггеры)[/i]",,,,,,,,
pda_q8eu0uf,--,,,,,,,,--,,,,,,,,
pda_iOvt0a8,--,,,,,,,,--,,,,,,,,
pda_0miGi4i,--,,,,,,,,--,,,,,,,,
pda_WaeKi8e,[c][0080ff]Mrk[-][/c] - Workshop[c][ffffff]Cache[-][/c]  [c][ff8000][i]([/i][-][/c][c][ff80ff][c][ff8000][i]OnBy: CuttingSpawn)  (OffByT:CuttingSpawn)[/i][-][/c][-][/c],,,,,,,,[c][0080ff]Mrk[-][/c] — тайник [c][ffffff]мастерской[-][/c] [c][ff8000][i]([/i][-][/c][c][ff80ff][c][ff8000][i]OnBy: CuttingSpawn)  (OffByT:CuttingSpawn)[/i][-][/c][-][/c],,,,,,,,
pda_SOuCCSG,...,,,,,,,,...,,,,,,,,
pda_1Fwu4ea,...,,,,,,,,...,,,,,,,,
pda_6qeis4u,--,,,,,,,,--,,,,,,,,
pda_SqemWeB,"[i]< Good! >\n\n< [c][ffff00]Stand on the container[-][/c], and activate [c][ffff00]Logistics [-][/c][[c][00ff00] F4 ][-][/c], to connect to it ... >[/i]",,,,,,,,"[i]< Хорошо! >\n\n< [c][ffff00]Встаньте на контейнер[-][/c] и включите [c][ffff00]логистику[-][/c] [c][00ff00][ F4 ][-][/c], чтобы подключиться к нему... >[/i]",,,,,,,,
pda_mOKwAiu,[i]( Scanning )[/i],,,,,,,,[i]( Сканирование )[/i],,,,,,,,
pda_WI4muem,- Be very close to the cache\n- Activate Logistics [[c][00ff00] F4[-][/c] ],,,,,,,,- Подойдите очень близко к тайнику\n- Откройте логистику [c][00ff00][ F4 ][-][/c],,,,,,,,
pda_q4qKWme,"[i]< Connect to the ""Another buried / [c][ffffff]Tech Cache[-][/c]"" box: [/i]\n[i]Press the [c][ffff00]wireless' button [-][/c], [/i][i]and then... >[/i]\n\n[i]< ... put the stack of[c][ffff00] Constructors ... into the [b]yellow [/b]Toolbar[-][/c]. below. >[/i]",,,,,,,,"[i]< Подключитесь к ящику «Другой зарытый / [c][ffffff]технотайник[-][/c]»: [/i]\n[i]Нажмите кнопку [c][ffff00]«Беспроводная сеть»[-][/c], [/i][i]а затем... >[/i]\n\n[i]< ... Поместите стопку [c][ffff00]конструкторов[/c] на [b]жёлтую[/b] панель быстрого доступа внизу. >[/i]",,,,,,,,
pda_80aaSOG,--,,,,,,,,--,,,,,,,,
pda_d0C84u8,(Outside) - Dig up buried cache & open it,,,,,,,,(Снаружи) — выкопайте зарытый тайник и откройте его,,,,,,,,
pda_CmeKiEG,--,,,,,,,,--,,,,,,,,
pda_um0KqS0,Connect to Cache,,,,,,,,Подключитесь к тайнику,,,,,,,,
pda_0aW8mKe,The Factory,,,,,,,,Фабрика,,,,,,,,
pda_8qSOieG,Open Factory with [c][00ff00][ F2 ] [-][/c],,,,,,,,Откройте фабрику клавишей [c][00ff00][ F2 ] [-][/c],,,,,,,,
pda_OrB2WaE,--,,,,,,,,--,,,,,,,,
pda_8CGC8aa,...,,,,,,,,...,,,,,,,,
pda_eU4iQKk,"[i]< Once you feel ready, [c][ffff00]open it with[-][/c] [[c][00ff00] F2 ][-][/c] . >[/i]\n\n[i]< Even if you want to build it all yourself- [/i]\n[i]- [b]Modifying [/b]other's blueprints is a huge time saver... >[/i]",,,,,,,,"[i]< Когда будете готовы, [c][ffff00]откройте её[-][/c] клавишей [c][00ff00][ F2 ][-][/c]. >[/i]\n\n[i]< Даже если вы хотите построить всё сами... [/i]\n[i]— [b]изменение[/b] чужих чертежей значительно экономит время... >[/i]",,,,,,,,
pda_uuOSaCm,--,,,,,,,,--,,,,,,,,
pda_uaOKe1C,[c][0080ff]Mrk[-][/c]- FridgesLoc  [c][ff8040][i](OnByT:BckToFarm)[/i][-][/c],,,,,,,,[c][0080ff]Mrk[-][/c] — расположение холодильников [c][ff8040][i](OnByT:BckToFarm)[/i][-][/c],,,,,,,,
pda_8sWGemL,...,,,,,,,,...,,,,,,,,
pda_Sm8aMnq,...,,,,,,,,...,,,,,,,,
pda_qWaKGWq,--,,,,,,,,--,,,,,,,,
pda_G0qCCg2,[c][0080ff]Mrk[-][/c] & Trg - [c][ffffff]Sprouting[-][/c] [c][ff8040][i](OnByT:BckFarm)[/i][-][/c],,,,,,,,[c][0080ff]Mrk[-][/c] и Trg — [c][ffffff]прорастание[-][/c] [c][ff8040][i](OnByT:BckFarm)[/i][-][/c],,,,,,,,
pda_aS0CemS,Farm,,,,,,,,Ферма,,,,,,,,
pda_SaKa0Wr,...,,,,,,,,...,,,,,,,,
pda_eOOeWAm,--,,,,,,,,--,,,,,,,,
pda_ia8GOiS,- Plant with [c][00ff00][LMB][-][/c]\n[i][c][c0c0c0][sup]  (Place it on Growing pot)[/sup][-][/c][/i],,,,,,,,- Посадите с помощью [c][00ff00][ЛКМ][-][/c]\n[i][c][c0c0c0][sup](Поместите на грядку.)[/sup][/i][-][/c],,,,,,,,
pda_CmaSqO0,--,,,,,,,,--,,,,,,,,
pda_oeKKD4m,...,,,,,,,,...,,,,,,,,
pda_SS0Qt0m,--,,,,,,,,--,,,,,,,,
pda_OKKGq8k,"[i]< You can't rely on '[b]found' food[/b]' all the time... >[/i]\n[i][/i]\n[i]<  ... Suggesting to [c][ffff00]plant the other pots[-][/c], too. >[/i]",,,,,,,,[i]< Нельзя постоянно полагаться на «[b]найденную еду[/b]»... >[/i]\n[i][/i]\n[i]< ... Советую [c][ffff00]посадить и остальные ростки[-][/c]. >[/i],,,,,,,,
pda_gkm0oqq,_________ [i](Fridges)[/i],,,,,,,,_________ [i](Холодильники)[/i],,,,,,,,
pda_SqueSau,--,,,,,,,,--,,,,,,,,
pda_iO08SWL,--,,,,,,,,--,,,,,,,,
pda_Gu4484W,--,,,,,,,,--,,,,,,,,
pda_iGC40SS,_________ [i](Farm area)[/i],,,,,,,,_________ [i](Территория фермы)[/i],,,,,,,,
pda_SjSuGuS,--,,,,,,,,--,,,,,,,,
pda_GW8OWSs,--,,,,,,,,--,,,,,,,,
pda_OWKCwQS,--,,,,,,,,--,,,,,,,,
pda_84A8K4e,"_________ [i](After full Farming, Getting [c][ff8080]MT[-][/c])[/i]",,,,,,,,"_________ [i](После полного обустройства фермы, получение [c][ff8080]MT[-][/c])[/i]",,,,,,,,
pda_S8CCuWm,--,,,,,,,,--,,,,,,,,
pda_GuCGiIi,--,,,,,,,,--,,,,,,,,
pda_2Y045CW,--,,,,,,,,--,,,,,,,,
pda_msCKGam,[i]< It could use a bit more [b]growing plot[/b][b]s[/b] ... >[/i],,,,,,,,[i]< Здесь не помешало бы ещё немного [b]грядок[/b]... >[/i],,,,,,,,
pda_G4GC80u,[c][0080ff](nPOI)[-][/c] - rw_[c][ff8080]N [-][/c]- [c][ffffff]No MT[-][/c] yet - Bridge to MT [c][ff80ff][i][c][ff8040](RwByT: Farming) (OffByGainMT) [-][/c][/i][c][ff8040]>C_On x2 >C_Off[-][/c][-][/c],,,,,,,,[c][0080ff](nPOI)[-][/c] — rw_[c][ff8080]N [-][/c]— пока нет [c][ffffff]мультитула[-][/c] — мост к мультитулу [c][ff80ff][i][c][ff8040](RwByT: Farming) (OffByGainMT) [-][/c][/i][c][ff8040]>C_On x2 >C_Off[-][/c][-][/c],,,,,,,,
pda_G4eWCKu,Multitool,,,,,,,,Мультитул,,,,,,,,
pda_GwSaiWm,...,,,,,,,,...,,,,,,,,
pda_XeO0q4i,--,,,,,,,,--,,,,,,,,
pda_maGemC0,[c][0080ff](nPOI) [-][/c]- off_[c][ff8080]V&N[-][/c]- [c][ffffff]To Garden[-][/c] Has MT- [c][ff80ff][i][c][ff8040](RwByT: Farming) [-][/c][/i][c][ff8040]>C_On[-][/c][-][/c],,,,,,,,"[c][0080ff](nPOI) [-][/c]— off_[c][ff8080]V&N[-][/c]— [c][ffffff]к саду[-][/c], есть мультитул — [c][ff80ff][i][c][ff8040](RwByT: Farming) [-][/c][/i][c][ff8040]>C_On[-][/c][-][/c]",,,,,,,,
pda_SC8eeeu,[i](New Marker!)[/i],,,,,,,,[i](Новый маркер!)[/i],,,,,,,,
pda_Guquu8G,...,,,,,,,,...,,,,,,,,
pda_4mCCZ04,--,,,,,,,,--,,,,,,,,
pda_MOv48O0,[i]< It has the [c][ffffff]Grow lights[-][/c] ...[/i] \n[i]and a [b]Ventilator [/b]with [b]O2 tank [/b]...? >[/i],,,,,,,,[i]< Здесь есть [c][ffffff]лампы для выращивания[-][/c]...[/i]\n[i]и [b]вентилятор[/b] с [b]баком O2[/b]...? >[/i],,,,,,,,
pda_WieiCOW,[i]( Scanning... )[/i],,,,,,,,[i]( Сканирование... )[/i],,,,,,,,
pda_uW0uKiW,Find and Plant Sprouts,,,,,,,,Найдите и посадите ростки,,,,,,,,
pda_hKae8ue,"Find Repository\n[c][c0c0c0][i][sup](in this room, at wall)[/sup][/i][-][/c]",,,,,,,,"Найдите хранилище\n[c][c0c0c0][i][sup](в этой комнате, у стены)[/sup][/i][-][/c]",,,,,,,,
pda_qKS0uSe,--,,,,,,,,--,,,,,,,,
pda_ZOgROCW,Open it,,,,,,,,Откройте его,,,,,,,,
pda_848SOO8,--,,,,,,,,--,,,,,,,,
pda_8uGtaiS,- Put Sprouts in Toolbar,,,,,,,,- Поместите ростки на панель быстрого доступа,,,,,,,,
pda_SWeimei,"[i]< [c][ffff00]Place them[-][/c] under the [b]grow lights[/b]. >[/i]\n\n[i]< Select, and then [c][00ff00][LMB][-][/c] . [/i][i]>[/i]",,,,,,,,"[i]< [c][ffff00]Посадите их[-][/c] под [b]лампами для выращивания[/b]. >[/i]\n\n[i]< Выберите их, затем нажмите [c][00ff00][ЛКМ][-][/c]. [/i][i]>[/i]",,,,,,,,
pda_q40GAqq,"[i]< Food [c][ffffff]Sprouts[-][/c] ... [/i]\n[i]Fast [b]growth[/b], high [b]yields[/b], but infertile seeds. >[/i]\n[i][/i]\n[i]< ... Put them [c][ffff00]into your Toolbar[-][/c].[c][ffff00][-][/c] >[/i]",,,,,,,,"[i]< Пищевые [c][ffffff]ростки[-][/c]... [/i]\n[i]Быстро [b]растут[/b], дают высокий [b]урожай[/b], но семена бесплодны. >[/i]\n[i][/i]\n[i]< ... Поместите их [c][ffff00]на панель быстрого доступа[-][/c].[c][ffff00][-][/c] >[/i]",,,,,,,,
pda_x4O88CG,[i]< On this planet the [c][ffffff]plants [-][/c]likely could [b]grow outside[/b]... >[/i]\n[i][/i]\n[i]< ... Unless there are [b]radiated [/b]storms or such ? >[/i],,,,,,,,"[i]< На этой планете [c][ffffff]растения[-][/c], вероятно, могут [b]расти снаружи[/b]... >[/i]\n[i][/i]\n[i]< ... Если только не начнутся [b]радиационные[/b] бури или что-то подобное? >[/i]",,,,,,,,
pda_KGuZ0L0,Food Processor...?,,,,,,,,Пищевой процессор...?,,,,,,,,
pda_GmeWWKi,invOp - [c][ffffff]FridgeOut_Frst[-][/c] NoPow [c][ff80ff][i][c][ff8000](OffBy: BckFarm) [-][/c][/i]    [c][ff8000]>ToRew[-][/c][-][/c],,,,,,,,"invOp — [c][ffffff]холодильник: выход, сначала[-][/c] без питания [c][ff80ff][i][c][ff8000](OffBy: BckFarm) [-][/c][/i]    [c][ff8000]>ToRew[-][/c][-][/c]",,,,,,,,
pda_8eGSKaK,...,,,,,,,,...,,,,,,,,
pda_GfWK4GW,...,,,,,,,,...,,,,,,,,
pda_eK8WKuS,--,,,,,,,,--,,,,,,,,
pda_WekaSju,"[i]< These fridges are part of a [b]food processor system.[/b] >[/i]\n[i][/i]\n[i]< ... But at the moment, there is [c][ffffff]not much power[-][/c] for that ... >[/i]",,,,,,,,[i]< Эти холодильники — часть [b]системы пищевого процессора.[/b] >[/i]\n[i][/i]\n[i]< ... Но сейчас для неё [c][ffffff]недостаточно энергии[-][/c]... >[/i],,,,,,,,
pda_e04mWSK,...,,,,,,,,...,,,,,,,,
pda_8MGKGmO,--,,,,,,,,--,,,,,,,,
pda_qaGKiKI,invOP - [c][ffffff]OpenWard[-][/c]robe [c][ff8040] [i](OnBy:NoMTyet) [/i][-][/c][c][ff8040]>C_Off[-][/c],,,,,,,,invOP — [c][ffffff]открыть шкаф[-][/c] [c][ff8040] [i](OnBy:NoMTyet) [/i][-][/c][c][ff8040]>C_Off[-][/c],,,,,,,,
pda_OiSaqqa,(Multitool found),,,,,,,,(Мультитул найден),,,,,,,,
pda_iQeKoo4,...,,,,,,,,...,,,,,,,,
pda_GvKO8GO,--,,,,,,,,--,,,,,,,,
pda_ma8G4CE,_____________ FARM RETURN ______________,,,,,,,,_____________ ВОЗВРАЩЕНИЕ НА ФЕРМУ ______________,,,,,,,,
pda_Sq44iqi,--,,,,,,,,--,,,,,,,,
pda_uSWuCGG,--,,,,,,,,--,,,,,,,,
pda_60O8Cuq,--,,,,,,,,--,,,,,,,,
pda_uOimiia,_________ [i](Food Processor)[/i],,,,,,,,_________ [i](Пищевой процессор)[/i],,,,,,,,
pda_00uGiac,--,,,,,,,,--,,,,,,,,
pda_iZSKK4m,--,,,,,,,,--,,,,,,,,
pda_0GKa8SG,--,,,,,,,,--,,,,,,,,
pda_GOuCmaK,--,,,,,,,,--,,,,,,,,
pda_SO600Wu,--,,,,,,,,--,,,,,,,,
pda_4e80h4e,[i]< These fridges are part of a [c][ffffff]food crafting system[-][/c][b].[/b] >[/i]\n[i][/i]\n[i]< The system currently is offline... [/i]\n[i]Check out that[c][ffff00] Food processor[-][/c] nearby. >[/i],,,,,,,,[i]< Эти холодильники — часть [c][ffffff]системы создания еды[-][/c][b].[/b] >[/i]\n[i][/i]\n[i]< Сейчас система отключена... [/i]\n[i]Проверьте ближайший[c][ffff00] пищевой процессор[-][/c]. >[/i],,,,,,,,
pda_L4Oai04,...,,,,,,,,...,,,,,,,,
pda_a0eqWGG,--,,,,,,,,--,,,,,,,,
pda_uGi8qWi,Crafting & Containers,,,,,,,,Создание и контейнеры,,,,,,,,
pda_0qceast,- Remotely access Fridge\n[i][c][c0c0c0][sup] 'Arrow out of box' Icon next to drop-down menu[/sup][-][/c][/i],,,,,,,,- Получите удалённый доступ к холодильнику\n[i][c][c0c0c0][sup]Значок «стрелка из ящика» рядом с выпадающим меню[/sup][/i][-][/c],,,,,,,,
pda_SWGqu4G,--,,,,,,,,--,,,,,,,,
pda_pWA0UYG,[i]< In here you can [b]access [/b]the items. >[/i]\n[i][/i]\n[i]Upper middle screen: [/i]\n[i]A 'handheld [c][ffffff]Remote Control' icon[-][/c][/i]...\n[c][ffff00]... [-][/c][i][c][ffff00]Press that[-][/c] to get back to the Constructor. >[/i],,,,,,,,"[i]< Здесь можно [b]получать доступ[/b] к предметам. >[/i]\n[i][/i]\n[i]Вверху по центру экрана:[/i]\n[i]значок «портативный [c][ffffff]пульт управления[-][/c]»...[/i]\n[c][ffff00]... [-][/c][i][c][ffff00]Нажмите его[-][/c], чтобы вернуться к конструктору. >[/i]",,,,,,,,
pda_ra4CZ48,- Switch back to Food constructor,,,,,,,,- Вернитесь к пищевому конструктору,,,,,,,,
pda_SaCug8K,[i]< Very Good! [/i]\n[i]- ... Food production secured! >[/i]\n\n\n[i]< [b]Close the window[/b] when you are done. >[/i],,,,,,,,"[i]< Отлично! [/i]\n[i]— ... Производство еды обеспечено! >[/i]\n\n\n[i]< [b]Закройте окно[/b], когда закончите. >[/i]",,,,,,,,
pda_0aai4OY,--,,,,,,,,--,,,,,,,,
pda_eKiiCaW,...,,,,,,,,...,,,,,,,,
pda_05uObi0,--,,,,,,,,--,,,,,,,,
pda_uGWqCOi,CPU 2,,,,,,,,ЦП 2,,,,,,,,
pda_eGS8CGK,[u][c][ffffff]Overview[-][/c][/u]:\n\n[i]< Left [/i]                                                                                            [i]                     Right >[/i]\n[c][ffffff]CPU tiers[-][/c]                                                                             List of [c][ffffff]CPU demand[-][/c]\n                                                                                     [sup][i](sorted by block type)[/i][/sup]\n\n---\n[[ [c][ffffff]Ok[-][/c] ]] to continue,,,,,,,,[u][c][ffffff]Обзор[-][/c][/u]:\n\n[i]< Слева [/i]                                                                                            [i]                     Справа >[/i]\n[c][ffffff]Уровни ЦП[-][/c]                                                                             Список [c][ffffff]требований ЦП[-][/c]\n                                                                                     [sup][i](отсортирован по типу блока)[/i][/sup]\n\n---\n[[ [c][ffffff]OK[-][/c] ]] — продолжить,,,,,,,,
pda_0QEavGQ,"[i]< This [c][ffffff]CPU extender [-][/c]... It gives you 'builder breathing space'.[/i]\n\n[i]< Please open the [c][ffffff]Control Panel[-][/c] [/i][c][00ff00][P][-][/c][i] , [/i][c][ffff00][[ CPU statistics]][-][/c][i] ... >[/i]",,,,,,,,"[i]< Этот [c][ffffff]расширитель ЦП[-][/c]... Он даёт вам запас возможностей для строительства.[/i]\n\n[i]< Пожалуйста, откройте [c][ffffff]панель управления[-][/c] [/i][c][00ff00][P][-][/c][i], вкладку [/i][c][ffff00][[ Статистика ЦП ]][-][/c][i]... >[/i]",,,,,,,,
pda_8qCO40G,Growing Plots\n[c][c0c0c0][i][sup]Place them (Optional)[/sup][/i][-][/c],,,,,,,,Грядки\n[c][c0c0c0][i][sup]Установите их (необязательно)[/sup][/i][-][/c],,,,,,,,
pda_aG06qOS,---,,,,,,,,---,,,,,,,,
pda_siSmaW4,Solar Capacitor\n[c][c0c0c0][i][sup]Place it![/sup][/i][-][/c],,,,,,,,Солнечный конденсатор\n[c][c0c0c0][i][sup]Установите его![/sup][/i][-][/c],,,,,,,,
pda_i0OaWuu,--,,,,,,,,--,,,,,,,,
pda_i0tu0ua,"_________ [i](HV ride, other)[/i]",,,,,,,,"_________ [i](Поездка на HV, другое)[/i]",,,,,,,,
pda_Ka8W4SC,--,,,,,,,,--,,,,,,,,
pda_mUSKGGj,--,,,,,,,,--,,,,,,,,
pda_SKmqKMe,--,,,,,,,,--,,,,,,,,
pda_aO4GaCG,Fly to Space,,,,,,,,Летите в космос,,,,,,,,
pda_sm8WigS,...,,,,,,,,...,,,,,,,,
pda_iWemKKm,"[i]< [b][c][ffffff]Battlecruisers [-][/c][/b][c][ffffff]!?[-][/c] [u][b]Two [/b][/u]of them?! What the- >[/i]\n\n[i]< ... Fly to space, [c][ffff00]fly [-][/c][c][ffff00]to space[-][/c].... to space !!! >[/i]",,,,,,,,"[i]< [b][c][ffffff]Линейные крейсеры[-][/c][/b][c][ffffff]!?[-][/c] Их [u][b]два[/b][/u]?! Что за... >[/i]\n\n[i]< ... Летите в космос, [c][ffff00]летите[-][/c][c][ffff00] в космос[-][/c]... в космос!!! >[/i]",,,,,,,,
pda_GmC4OmO,--,,,,,,,,--,,,,,,,,
pda_G2uWGui,"[i]< Hey, they have called in their [c][ffffff]cavalry[-][/c]..! >[/i]",,,,,,,,"[i]< Эй, они вызвали свою [c][ffffff]кавалерию[-][/c]..! >[/i]",,,,,,,,
pda_n4AmqmS,[c][ff8080]B_Dstr[-][/c] - [c][ffffff]SV Destruct [-][/c]note,,,,,,,,[c][ff8080]B_Dstr[-][/c] — [c][ffffff]уничтожение SV[-][/c] — примечание,,,,,,,,
pda_8amWSCZ,( Fly Safe ),,,,,,,,(Летите осторожно),,,,,,,,
pda_GiDqmCK,...,,,,,,,,...,,,,,,,,
pda_aoaOCuC,--,,,,,,,,--,,,,,,,,
pda_GKmHOaK,[c][ff8000][u]TUTORIAL PROTECTION[/u][-][/c]\n\n[b]A test block[/b] at the center of \nyour vessel just got [b]destoyed[/b].\n\n[c][ffffff]This salvo would have \nshredded you to pieces...[-][/c],,,,,,,,[c][ff8000][u]ЗАЩИТА ОБУЧЕНИЯ[/u][-][/c]\n\n[b]Тестовый блок[/b] в центре\nвашего судна был [b]уничтожен[/b].\n\n[c][ffffff]Этот залп разорвал бы\nвас на куски...[-][/c],,,,,,,,
pda_a8W4iC8,...?,,,,,,,,...?,,,,,,,,
pda_8qqa4G8,--,,,,,,,,--,,,,,,,,
pda_KK0SuKi,Flee to Space,,,,,,,,Бегите в космос,,,,,,,,
pda_Se4w40m,...,,,,,,,,...,,,,,,,,
pda_aGaqS4q,--,,,,,,,,--,,,,,,,,
pda_iY8EmKQ,"[i]< Let's go, go, go! [/i]\n[i]... This vessel cannot withstand firepower of [b]THAT [/b]magnitude!! >[/i]",,,,,,,,"[i]< Давайте, вперёд, вперёд, вперёд! [/i]\n[i]... Это судно не выдержит огневой мощи [b]ТАКОГО[/b] масштаба!! >[/i]",,,,,,,,
pda_SsaCS0O,"[i]< The [b]pink crystals [/b]are a new resource - [c][ff8000]Pentaxid[-][/c] ... [/i]\n[i]For [b]shields[/b], and as [c][ffffff]warp fuel[-][/c]. >[/i]",,,,,,,,"[i]< [b]Розовые кристаллы[/b] — это новый ресурс, [c][ff8000]пентаксид[-][/c]... [/i]\n[i]Для [b]щитов[/b] и в качестве [c][ffffff]варп-топлива[-][/c]. >[/i]",,,,,,,,
pda_0miuuKh,...,,,,,,,,...,,,,,,,,
pda_mSTn4mS,"[i]< [c][ffff00]Load it into[-][/c] the ship as any other fuel. >[/i]\n\n[i]< Use the vessel's [c][ffffff]Control Panel, [[Main]][-][/c] tab, to [b]quickfill[/b]. >[/i]",,,,,,,,"[i]< [c][ffff00]Загружайте его[-][/c] в корабль, как любое другое топливо. >[/i]\n\n[i]< Используйте [c][ffffff]панель управления судна, вкладку [[Главное]][-][/c], чтобы [b]быстро заполнить[/b] баки. >[/i]",,,,,,,,
pda_GmCWOiO,--,,,,,,,,--,,,,,,,,
pda_GOaqOKa,[c][ff80ff]HV produced[-][/c],,,,,,,,[c][ff80ff]HV создан[-][/c],,,,,,,,
pda_m64mmei,[c][ff80ff]blueprint is ready to be spawned.[-][/c]\n[c][ff80ff]Open Blueprint Library [ F2 ] ...[-][/c],,,,,,,,[c][ff80ff]чертёж готов к созданию.[-][/c]\n[c][ff80ff]Откройте библиотеку чертежей [ F2 ]...[-][/c],,,,,,,,
pda_GKm08aO,"Spawn the Hover Vessel\n[i][sup](in Blueprint Library, [c][00ff00][ F2 ][-][/c] )[/sup][/i]",,,,,,,,"Создайте ховерное судно\n[i][sup](в библиотеке чертежей, [c][00ff00][ F2 ][-][/c])[/sup][/i]",,,,,,,,
pda_4imia8u,- Place green hologram with [c][00ff00][LMB][-][/c]\n[sub]( Home/End xxx PgUp/Dwn  xxxx)[/sub],,,,,,,,- Установите зелёную голограмму с помощью [c][00ff00][ЛКМ][-][/c]\n[sub]( Home/End xxx PgUp/Dwn  xxxx)[/sub],,,,,,,,
pda_i8WcuCG,"[i]< [/i][i]I wish I could know how this ""Factory"" works.[/i]\n[i]Or [b]who [/b]made it work. ... Or [b]when[/b]. >[/i]\n\n[i]< ... It just lurks there, in Subspace... >[/i]",,,,,,,,"[i]< [/i][i]Хотелось бы знать, как работает эта «Фабрика».[/i]\n[i]Или [b]кто[/b] заставил её работать... Или [b]когда[/b]. >[/i]\n\n[i]< ... Она просто прячется где-то в подпространстве... >[/i]",,,,,,,,
pda_aGuCuBW,"[i]< Upper left: A ""[c][ffffff]Completed[-][/c]"" list just got added. >[/i]\n[i][/i]\n[i]< [c][ffff00]Select your completed [-][/c]Hover Vessel. [/i]\n[i]< Then, press[/i] [c][00ff00][[ Spawn ]] [-][/c][i]at lower right screen edge. >[/i]",,,,,,,,[i]< Слева вверху появился список «[c][ffffff]Завершено[-][/c]». >[/i]\n[i][/i]\n[i]< [c][ffff00]Выберите завершённое[-][/c] ховерное судно. [/i]\n[i]< Затем нажмите[/i] [c][00ff00][[ Создать ]] [-][/c][i] в правом нижнем углу экрана. >[/i],,,,,,,,
pda_0mKGguu,_____________ BA DEFENSE ______________  & holding stuff,,,,,,,,_____________ ЗАЩИТА БАЗЫ ______________  и хранение вещей,,,,,,,,
pda_C8eeKu4,--,,,,,,,,--,,,,,,,,
pda_448CeG3,--,,,,,,,,--,,,,,,,,
pda_QSeiSK9,--,,,,,,,,--,,,,,,,,
pda_eG00m4C,"[i]< A [c][ffffff]Starter [-][/c]like this, files a [b]claim to a location[/b]... >[/i]\n\n[i]< It also serves as vital reference point - [/i]\n[i]- [b]For placing blocks[/b] out of the Inventory's subspace pocket. >[/i]",,,,,,,,[i]< Такой [c][ffffff]стартовый блок[-][/c] закрепляет [b]право на участок[/b]... >[/i]\n\n[i]< Он также служит важной опорной точкой — [/i]\n[i]— [b]для размещения блоков[/b] из подпространственного кармана инвентаря. >[/i],,,,,,,,
pda_OGOOi4q,"[u][c][ffffff]Clone chamber[-][/c][/u]: \n\nA [b]revival point[/b] in case of death,\n(Similar to the Tent.)                       \n\nWorks even unpowered.",,,,,,,,"[u][c][ffffff]Камера клонирования[-][/c][/u]:\n\n[b]Точка возрождения[/b] в случае смерти,\n(аналогично палатке.)\n\nРаботает даже без питания.",,,,,,,,
pda_8OaKqWC,"[i]< Left side, ""INFO""  column[/i]\n[i][/i]\n[i]Below the CPU stats: There is the\n""[c][ffffff]Home spawn[-][/c]"" checkbox >[/i]\n\n\n[i]< [c][ffff00]Tick that box[-][/c], to be able to  \nselect this as another type of [/i]\n[i] revival point. >                            [/i]\n\n[i] < - No matter how far away. [/i]\n[i]... Even lightyears. >               [/i]\n[c][c0c0c0][-][/c]\n\n---\n([b]Close window[/b] when done)[c][ff80ff][-][/c]",,,,,,,,"[i]< Слева, в столбце «INFO»[/i]\n[i][/i]\n[i]Под показателями ЦП находится\nфлажок «[c][ffffff]Точка возрождения[-][/c]». >[/i]\n\n\n[i]< [c][ffff00]Установите этот флажок[-][/c], чтобы можно было\nвыбрать это место как другой тип [/i]\n[i]точки возрождения. >                            [/i]\n\n[i] < — Неважно, как далеко. [/i]\n[i]... Даже в световых годах. >               [/i]\n[c][c0c0c0][-][/c]\n\n---\n([b]Закройте окно[/b], когда закончите.)[c][ff80ff][-][/c]",,,,,,,,
pda_KEqCi0u,...,,,,,,,,...,,,,,,,,
pda_CC40uaS,--,,,,,,,,--,,,,,,,,
pda_SasOGmi,"[i]< WIth this connection, you can collect huge blocks![/i]\n\n[i]But...[/i]\n[i]If you use the [b]Multitool [/b][c][ffffff]right now[-][/c] -  it might [c][ffffff]break things[-][/c], instead of retrieval. >[/i]",,,,,,,,"[i]< С этим подключением можно собирать огромные блоки![/i]\n\n[i]Но...[/i]\n[i]Если использовать [b]мультитул[/b] [c][ffffff]прямо сейчас[-][/c], он может [c][ffffff]сломать блоки[-][/c], а не извлечь их. >[/i]",,,,,,,,
pda_GKuOOsf,[i]< This seems like a good place to [b]get some blocks[/b]...? >[/i],,,,,,,,"[i]< Кажется, здесь можно [b]добыть несколько блоков[/b]...? >[/i]",,,,,,,,
pda_W8CmmGA,"[i]< ... [/i][i]But if you just try it now, they would likely [b]break[/b]. >[/i]\n[i][/i]\n[i]< A Multitool [b]needs help[/b] to pick blocks up. >[/i]",,,,,,,,"[i]< ... Но если попробовать сейчас, они, скорее всего, [b]сломаются[/b]. >[/i]\n[i][/i]\n[i]< Мультитулу [b]нужна помощь[/b], чтобы подбирать блоки. >[/i]",,,,,,,,
pda_OOuK8gS,[i]< Good. The Core helps the Multitool to process the blocks. >[/i]\n[i][/i]\n[i]< Try to [c][ffff00]pick up a block[-][/c] now.[/i]\n[i]- Use '[c][ffffff]Retrieve Blocks[-][/c]' mode [c][00ff00][RMB][-][/c] of your Multitool. >[/i],,,,,,,,[i]< Хорошо. Ядро помогает мультитулу обрабатывать блоки. >[/i]\n[i][/i]\n[i]< Теперь попробуйте [c][ffff00]подобрать блок[-][/c].[/i]\n[i]— Используйте режим мультитула «[c][ffffff]Извлечение блоков[-][/c]» [c][00ff00][ПКМ][-][/c]. >[/i],,,,,,,,
pda_m8K4CCq,"Pick up a Growing Plot\n[sup][i](Multitool, [c][00ff00][RMB[-][/c][/i][i][c][00ff00]][-][/c], [/i][i][b]Retrieve Blocks[/b] mode)[/i][/sup]",,,,,,,,"Подберите грядку\n[sup][i](Мультитул, [c][00ff00][ПКМ[-][/c][/i][i][c][00ff00]][-][/c], режим [i][b]«Извлечение блоков»[/b][/i])[/sup]",,,,,,,,
pda_acW84q0,--,,,,,,,,--,,,,,,,,
pda_0uOKS8a,Pick up an Artillery Turret\n[sup](while Connected to [ F4 ] container)[/sup],,,,,,,,Подберите артиллерийскую турель\n[sup](при подключении к контейнеру через [ F4 ])[/sup],,,,,,,,
pda_FaOeiSe,Base Attacks,,,,,,,,Атаки на базу,,,,,,,,
pda_mCO4q40,"Get close to[c][ffff00] Farm, open Control Panel[-][/c] [c][00ff00][ P ][-][/c]",,,,,,,,Подойдите к[c][ffff00] ферме и откройте панель управления[-][/c] [c][00ff00][ P ][-][/c],,,,,,,,
pda_8Wi4OeS,"[i]< [c][ffff00]Switch to the[-][/c] [c][ffff00][[ Statistics ]][-][/c] tab ... [/i]\n\n[i]< ... In galactic warfare, enemy [/i]\n[i]Factions [b]call out their targets[/b]. [/i]\n[i]At least, the more [b]civilized [/b]ones do - >[/i]",,,,,,,,"[i]< [c][ffff00]Переключитесь на[-][/c] вкладку [c][ffff00][[ Статистика ]][-][/c]... [/i]\n\n[i]< ... В галактической войне вражеские [/i]\n[i]фракции [b]объявляют свои цели[/b]. [/i]\n[i]По крайней мере, более [b]цивилизованные[/b] так делают... >[/i]",,,,,,,,
pda_aambG6e,Base Defense,,,,,,,,Защита базы,,,,,,,,
pda_SC0uWGq,...,,,,,,,,...,,,,,,,,
pda_KF24GGm,--,,,,,,,,--,,,,,,,,
pda_G44Wm02,"[i]< We [b]cannot [/b]sit here and wait. - - And we [b]cannot leave [/b]the planet either.[/i]\n[i][c][ffff00][-][/c][/i]\n[i]< [c][ffff00]Secure your Base[-][/c], [/i]\n[i]and have an [c][ffff00]HV [-][/c]ready. >[/i]",,,,,,,,"[i]< Мы [b]не можем[/b] сидеть здесь и ждать. И мы [b]не можем покинуть[/b] планету.[/i]\n[i][c][ffff00][-][/c][/i]\n[i]< [c][ffff00]Защитите базу[-][/c], [/i]\n[i]и подготовьте [c][ffff00]ховерное судно[-][/c]. >[/i]",,,,,,,,
pda_mCsiKCS,Base Attacks,,,,,,,,Атаки на базу,,,,,,,,
pda_UOqWW4a,...,,,,,,,,...,,,,,,,,
pda_8q0K8CU,--,,,,,,,,--,,,,,,,,
pda_uWg0elC,"[i]< Seems, this was some kind an [b]automated [/b]response. >[/i]\n[i][/i]\n[i]< ... The[c][ffffff] real troops[-][/c] have [b]not [/b]arrived yet ... >[/i]",,,,,,,,"[i]< Похоже, это был какой-то [b]автоматический[/b] ответ. >[/i]\n[i][/i]\n[i]< ... [c][ffffff]Настоящие войска[-][/c] ещё [b]не[/b] прибыли... >[/i]",,,,,,,,
pda_q0Y0mea,...,,,,,,,,...,,,,,,,,
pda_iOi0KkK,--,,,,,,,,--,,,,,,,,
pda_8qq28mi,"[i]< Please, could you [c][ffff00]open the Control Panel[-][/c] of your [c][ffff00]Farm[-][/c]? >[/i]\n[i][/i]\n[i]< Let me check something ... >[/i]",,,,,,,,"[i]< Пожалуйста, можете [c][ffff00]открыть панель управления[-][/c] вашей [c][ffff00]фермы[-][/c]? >[/i]\n[i][/i]\n[i]< Позвольте кое-что проверить... >[/i]",,,,,,,,
pda_CWWCmSO,Destroy [b]Minigun Drone[/b]\n[c][c0c0c0][i](Red dot on radar)[/i][-][/c],,,,,,,,Уничтожьте [b]дрон с миниганом[/b]\n[c][c0c0c0][i](Красная точка на радаре)[/i][-][/c],,,,,,,,
pda_ieCJmSH,--,,,,,,,,--,,,,,,,,
pda_uaDaWKO,Switch to [[Statistics]] tab,,,,,,,,Переключитесь на вкладку [[Статистика]],,,,,,,,
pda_mm8qeGS,"[i]< Right side of screen, second row: [/i]\n[i]""[c][ffffff]Base Attack""[-][/c][/i]\n[i]Your Farm has been [b]marked[/b]. >\n\n< ... For Zirax, this is considered as 'polite'.>[/i]\n\n[i]---[/i]\n( [b]Close [/b]Control Panel when done)[i][/i]",,,,,,,,"[i]< Справа на экране, во втором ряду: [/i]\n[i]«[c][ffffff]Атака на базу[-][/c]»[/i]\n[i]Ваша ферма [b]отмечена[/b]. >\n\n< ... Для зираксов это считается «вежливостью». >[/i]\n\n[i]---[/i]\n( [b]Закройте[/b] панель управления, когда закончите.)[i][/i]",,,,,,,,
pda_OgoCSTG,...,,,,,,,,...,,,,,,,,
pda_8WKSauS,--,,,,,,,,--,,,,,,,,
pda_KiWm4KA,"[i]< It seems, they already built a [c][ff8000]Drone Base[-][/c][/i] [i]...?[/i] >\n\n[i]< ...  [b]Those attacks will never stop[/b]. [/i][i]And each wave will be [b]worse [/b]than before. >[/i]\n\n[i]< - [/i][i]... Once they claim a planet, Zirax 'negotiate' just with their [b]guns[/b]. >[/i]",,,,,,,,"[i]< Похоже, они уже построили [c][ff8000]базу дронов[-][/c][/i]...? >\n\n[i]< ... [b]Эти атаки никогда не прекратятся[/b]. [/i][i]И каждая волна будет [b]хуже[/b] предыдущей. >[/i]\n\n[i]< — [/i][i]... Захватив планету, зираксы «ведут переговоры» только с помощью своих [b]пушек[/b]. >[/i]",,,,,,,,
pda_iGCGSeu,--,,,,,,,,--,,,,,,,,
pda_W0q4Gmu,--,,,,,,,,--,,,,,,,,
pda_CqO4KaW,--,,,,,,,,--,,,,,,,,
pda_K0GS40O,"[i]< Like that! [/i]\n[i]- - Goes straight into the box, without you lifting a finger! >[/i]",,,,,,,,"[i]< Вот так! [/i]\n[i]— Всё сразу попадает в ящик, и вам не нужно даже пальцем пошевелить! >[/i]",,,,,,,,
pda_C8G0qGK,"[b]""[u][c][ffffff]Pickup - to - box[-][/c][/u]""                                                      [/b]\n[sup][i](= 'Container Connect' )                                                             [/i][/sup]\n\n[b]P[/b][b]ick up[/b] items, directly[b] into a cargo[/b] box !              \n\n- Collect things, even if your own inventory is full.\n- Collect very large things.                                        \n\n---------\n\n[[ [c][ffffff]OK [-][/c]]] [c][ffffff]for next page[-][/c]  ( 1 of 2 )",,,,,,,,"[b]«[u][c][ffffff]Подбор — в — ящик[-][/c][/u]»[/b]\n[sup][i](= «Подключение к контейнеру»)[/i][/sup]\n\n[b]Подбирайте[/b] предметы прямо[b] в грузовой[/b] ящик!\n\n- Собирайте вещи, даже если личный инвентарь заполнен.\n- Собирайте очень большие предметы.\n\n---------\n\n[[ [c][ffffff]OK [-][/c]]] [c][ffffff]— следующая страница[-][/c]  ( 1 из 2 )",,,,,,,,
pda_Si8G8em,...,,,,,,,,...,,,,,,,,
pda_08O8S0K,--,,,,,,,,--,,,,,,,,
pda_GueJ8SG,"[i]< ... Because, that tool needs [b]help[/b]. >[/i]\n[i][/i]\n[i]< - [c][ffff00]Place a Core [-][/c]on the Garden. - Claim it![/i]\n[i] ... There is one in that [c][ffffff]Repository[-][/c], over there ... ? >[/i]",,,,,,,,[i]< ... Потому что этому инструменту нужна [b]помощь[/b]. >[/i]\n[i][/i]\n[i]— [c][ffff00]Установите ядро[-][/c] на саду. Захватите его![/i]\n[i]... Одно есть в том [c][ffffff]хранилище[-][/c] вон там...? >[/i],,,,,,,,
pda_uuCH8C0,[i](New Marker!)[/i],,,,,,,,[i](Новый маркер!)[/i],,,,,,,,
pda_WmuKPai,...,,,,,,,,...,,,,,,,,
pda_Gmu6m8u,--,,,,,,,,--,,,,,,,,
pda_OGkBmKg,[i]Optional: Pick up Plants[/i],,,,,,,,[i]Необязательно: подобрать растения[/i],,,,,,,,
pda_imuSmuq,--,,,,,,,,--,,,,,,,,
pda_84Sm8W8,[i]< All these items are clogging up your inventory ... >[/i],,,,,,,,[i]< Все эти предметы забивают ваш инвентарь... >[/i],,,,,,,,
pda_8mmSqa4,Multitool,,,,,,,,Мультитул,,,,,,,,
pda_qqW4GSS,...,,,,,,,,...,,,,,,,,
pda_Cauu0Om,--,,,,,,,,--,,,,,,,,
pda_Agi0SG4,"[i]< ... ... But even if we had some more [b]growing plots[/b] for this farm- - There is no way to [c][ffffff]pick those up[-][/c] right now. >[/i]\n[i][/i]\n[i]< There could be a [c][ffff00]Multitool[-][/c], nearby. Putting a [b]Marker [/b]on it. >[/i]",,,,,,,,"[i]< ... Даже если бы у нас было больше [b]грядок[/b] для этой фермы, сейчас никак не получится [c][ffffff]подобрать их[-][/c]. >[/i]\n[i][/i]\n[i]< Поблизости может быть [c][ffff00]мультитул[-][/c]. Ставлю на него [b]маркер[/b]. >[/i]",,,,,,,,
pda_HSiukm4,[i]< Take it... >[/i],,,,,,,,[i]< Возьмите его... >[/i],,,,,,,,
pda_qWqiCW8,Gained Multitool,,,,,,,,Получен мультитул,,,,,,,,
pda_aCeuK4a,"/\  /\\nDirectly above:\n\n\n\nMiddle vertical row, and topmost,       \nis a [c][ffffff][b]wireless symbol.                              [/b][-][/c][b][/b]\n\n[c][ffff00]Press this to connect[-][/c] to the box.         \n[c][c0c0c0]\n[i](Both the container and your toolbar [/i]\n[i]should light up in yellow.)                      [/i][-][/c]\n\n\n---\n[i](When [b]done [/b]with that, close Logistics)[/i]\n[i][/i]\n[i][/i]\n[i][/i]\n[i][/i]\n[i][/i]\n[i][/i]\n[i][/i]\n[i][/i]\n[i][/i]\n[i].[/i]",,,,,,,,"/\\  /\\\nПрямо сверху:\n\n\n\nВ центральном вертикальном ряду, самый верхний,\nнаходится [c][ffffff][b]значок беспроводной сети.[/b][-][/c][b][/b]\n\n[c][ffff00]Нажмите его, чтобы подключиться[-][/c] к ящику.\n[c][c0c0c0]\n[i](И контейнер, и ваша панель быстрого доступа[/i]\n[i]должны подсветиться жёлтым.)[/i][-][/c]\n\n\n---\n[i](Когда [b]закончите[/b], закройте логистику.)[/i]\n[i][/i]\n[i][/i]\n[i][/i]\n[i][/i]\n[i][/i]\n[i][/i]\n[i][/i]\n[i][/i]\n[i][/i]\n[i].[/i]",,,,,,,,
pda_mem7uKW,...,,,,,,,,...,,,,,,,,
pda_maWGuuS,--,,,,,,,,--,,,,,,,,
pda_mCi8SeO,"[i]< Your Toolbar has been switched out with a '[b]virtual[/b]' one.[/i]\n[i]... Representing things that are still in the container. >[/i]\n\n[i]< [c][ffff00]Press[-][/c][c][00ff00] [T][-][/c] [c][ffffff]to switch back[-][/c] to your [b]own Toolbar[/b], and the Multitool. >[/i]",,,,,,,,"[i]< Ваша панель быстрого доступа была заменена «[b]виртуальной[/b]».[/i]\n[i]... Она отображает предметы, которые всё ещё находятся в контейнере. >[/i]\n\n[i]< [c][ffff00]Нажмите[-][/c][c][00ff00] [T][-][/c] [c][ffffff]для возврата[-][/c] к своей [b]собственной панели быстрого доступа[/b] и мультитулу. >[/i]",,,,,,,,
pda_0SG8GqW,... then open Logistics [c][00ff00][ F4 ][-][/c],,,,,,,,... затем откройте логистику [c][00ff00][ F4 ][-][/c],,,,,,,,
pda_KqqSeeK,"[b]Upper left and right[/b], there are several [c][ffffff][u]drop-down lists[/u]. [-][/c]\n\n[b][sup]For example:[/sup][/b]\n[sup]... Left side:   [c][ffffff] [Player > ] [-][/c] , [ Player Inventory > ] [/sup]\n[sup]... and right:   [Offworld Farm > ] ,  [Fridge >]        [/sup]\n\nThese are[b][/b] two [b]inventories, at different places.[/b]\nThe tech cache is a [b]third [/b]inventory.",,,,,,,,"[b]Вверху слева и справа[/b] находятся несколько [c][ffffff][u]выпадающих списков[/u].[-][/c]\n\n[b][sup]Например:[/sup][/b]\n[sup]... Слева: [c][ffffff] [Игрок >] [-][/c], [Инвентарь игрока >] [/sup]\n[sup]... А справа: [Внеземная ферма >], [Холодильник >]        [/sup]\n\nЭто[b][/b] два [b]инвентаря в разных местах.[/b]\nТехнотайник — [b]третий[/b] инвентарь.",,,,,,,,
pda_4OWaaG4,--,,,,,,,,--,,,,,,,,
pda_CiC6OaO,...,,,,,,,,...,,,,,,,,
pda_aiCSWWq,--,,,,,,,,--,,,,,,,,
pda_ixOS00m,Need more Fuel,,,,,,,,Нужно больше топлива...,,,,,,,,
pda_maWiq44,...,,,,,,,,...,,,,,,,,
pda_Bu0KOOG,--,,,,,,,,--,,,,,,,,
pda_G38KuxW,"[i]< Even with full CPU, Solar will be [b]too weak[/b] for long operations. >[/i]\n[i][/i]\n[i]< But crafting Biofuel is a slog... [/i][i]>[/i]",,,,,,,,[i]< Даже при полном ЦП солнечной энергии будет [b]слишком мало[/b] для долгой работы. >[/i]\n[i][/i]\n[i]< Но создание биотоплива — это мучительно долго... >[/i],,,,,,,,
pda_8lWaiOi,...,,,,,,,,...,,,,,,,,
pda_OqWC0i7,--,,,,,,,,--,,,,,,,,
pda_7Wqq4W4,[c][ff8040]Your Base is\n under attack ![-][/c],,,,,,,,[c][ff8040]Ваша база\nатакована![-][/c],,,,,,,,
pda_wuqe4WW,Kill the [b]Ripper Dogs[/b],,,,,,,,Уничтожьте [b]собак-потрошителей[/b],,,,,,,,
pda_WPKW4OW,--,,,,,,,,--,,,,,,,,
pda_00Oa8eG,...,,,,,,,,...,,,,,,,,
pda_aK8q8IC,--,,,,,,,,--,,,,,,,,
pda_i0OCSuU,[i]< Remember back in Space? [c][ffffff]Ice mining[-][/c]...? >[/i]\n\n[i]< You could teleport the ice into a distant box.. [/i]\n\n[i]- - This one is the same -  Just [b]automated[/b].  >                                [/i],,,,,,,,"[i]< Помните, в космосе? [c][ffffff]Добыча льда[-][/c]...? >[/i]\n\n[i]< Можно было телепортировать лёд в удалённый ящик... [/i]\n\n[i]— Здесь то же самое, только [b]автоматически[/b]. >[/i]",,,,,,,,
pda_CGWZOS0,[c][0080ff](nPOI) [-][/c]- off_[c][ffffff][c][ff8080]N[-][/c] - NestOpen[-][/c]s up [c][ff8000][c][ff8080][i]ToRwBy:ArtyDsc (RwBy:TurretsDown)[/i] OnBy: NestBridge [-][/c] [-][/c][c][ff80ff]C_Rw x2  [-][/c][c][ff8000]>[-][/c][c][ff8000]C_OnOff x ((Off_CloneHome&DBaseDisc&TurretDanger)) [-][/c][c][ffff00]+ ExplodeTankCore[-][/c],,,,,,,,[c][0080ff](nPOI) [-][/c]— off_[c][ffffff][c][ff8080]N[-][/c] — открытое [c][ffffff]гнездо[-][/c] [c][ff8000][c][ff8080][i]ToRwBy:ArtyDsc (RwBy:TurretsDown)[/i] OnBy: NestBridge [-][/c] [-][/c][c][ff80ff]C_Rw x2  [-][/c][c][ff8000]>[-][/c][c][ff8000]C_OnOff x ((Off_CloneHome&DBaseDisc&TurretDanger)) [-][/c][c][ffff00]+ ExplodeTankCore[-][/c],,,,,,,,
pda_WKWK5io,...,,,,,,,,...,,,,,,,,
pda_YqI8HKC,...,,,,,,,,...,,,,,,,,
pda_Kw8GmUC,---,,,,,,,,---,,,,,,,,
pda_8eqa0Sq,[i]< This -  ... ? >[/i]\n[i][/i]\n[i]< [c][ffffff]Somebody [-][/c]just [b]congratulated [/b]us !? >[/i],,,,,,,,[i]< Это... ? >[/i]\n[i][/i]\n[i]< [c][ffffff]Кто-то[-][/c] только что [b]поздравил[/b] нас?! >[/i],,,,,,,,
pda_C8emOW4,Get to mysterious Base,,,,,,,,Доберитесь до загадочной базы,,,,,,,,
pda_wSqaieW,Reach hangar door,,,,,,,,Доберитесь до двери ангара,,,,,,,,
pda_O0mi4Wa,--,,,,,,,,--,,,,,,,,
pda_KeaN4Wa,"< [i] ... In any case, better [c][ffff00]be prepared[-][/c]. >[/i]",,,,,,,,< [i]... В любом случае лучше [c][ffff00]подготовиться[-][/c]. >[/i],,,,,,,,
pda_OP8e80m,...,,,,,,,,...,,,,,,,,
pda_SGWa4SK,--,,,,,,,,--,,,,,,,,
pda_mSGWLGG,[i]< Door opens up... >[/i],,,,,,,,[i]< Дверь открывается... >[/i],,,,,,,,
pda_4MuiGib,[i]<  ... Message was sent from that [c][ffff00]building over there[-][/c]. [/i]\n[i][/i]\n[i]- Putting a [c][ffffff]Marker [-][/c]on it.>[/i],,,,,,,,[i]< ... Сообщение было отправлено из [c][ffff00]того здания вон там[-][/c]. [/i]\n[i][/i]\n[i]— Ставлю на него [c][ffffff]маркер[-][/c]. >[/i],,,,,,,,
pda_i8GqmE4,...,,,,,,,,...,,,,,,,,
pda_Sh85CCC,--,,,,,,,,--,,,,,,,,
pda_98SWCOu,"[i]< ... And, we have an... [/i]\n[i]...[c][ffffff] [c][ffff00]invitation [-][/c][-][/c]...?! >[/i]",,,,,,,,[i]< ... И у нас есть... [/i]\n[i]...[c][ffffff] [c][ffff00]приглашение[-][/c][-][/c]...?! >[/i],,,,,,,,
pda_iuCKC8C,Get to mysterious Base,,,,,,,,Доберитесь до загадочной базы,,,,,,,,
pda_OWqmS8S,[c][0080ff]Mrk[-][/c] -[c][ffffff] Nest loc[-][/c] general  [i][c][ff8000](OnBy: NestOpen) [-][/c][/i][i][c][ff8000](OffByTNestOpen)[-][/c][/i],,,,,,,,[c][0080ff]Mrk[-][/c] —[c][ffffff] место гнезда[-][/c] общее [i][c][ff8000](OnBy: NestOpen) [-][/c][/i][i][c][ff8000](OffByTNestOpen)[-][/c][/i],,,,,,,,
pda_KimPe4e,...,,,,,,,,...,,,,,,,,
pda_0tG430O,...,,,,,,,,...,,,,,,,,
pda_4i44uAa,--,,,,,,,,--,,,,,,,,
pda_8aOWaGS,...,,,,,,,,...,,,,,,,,
pda_qimuGqm,[c][0080ff]Mrk[-][/c] - Nest [c][ffffff]Loc Door[-][/c]   [i][c][ff8000](OnBy: NestOpen) (OffByTNestOpen)[-][/c][/i],,,,,,,,[c][0080ff]Mrk[-][/c] — гнездо: [c][ffffff]дверь[-][/c]   [i][c][ff8000](OnBy: NestOpen) (OffByTNestOpen)[-][/c][/i],,,,,,,,
pda_KCCmuq4,...,,,,,,,,...,,,,,,,,
pda_RG2W8mS,...,,,,,,,,...,,,,,,,,
pda_GueCmKO,--,,,,,,,,--,,,,,,,,
pda_08m4WqK,"[i]< This invitation message was [b]strange[/b]... [/i]\n[i]Not dangerous, but - - [/i]\n\n[i]... It appeared directly i[b]n my memory[/b] systems ?! >[/i]",,,,,,,,"[i]< Это сообщение-приглашение было [b]странным[/b]... [/i]\n[i]Не опасным, но... [/i]\n\n[i]... Оно появилось прямо [b]в моей памяти[/b]? >[/i]",,,,,,,,
pda_qaC8aCG,"[i]< This invitation message was [b]strange[/b]... [/i]\n[i]Not dangerous, but - - [/i]\n\n[i]... It appeared directly i[b]n my memory[/b] systems ?! >[/i]",,,,,,,,"[i]< Это сообщение-приглашение было [b]странным[/b]... [/i]\n[i]Не опасным, но... [/i]\n\n[i]... Оно появилось прямо [b]в моей памяти[/b]? >[/i]",,,,,,,,
pda_OeiiqWe,"invOp - [c][80ffff]CalSig17[-][/c] - [c][ffffff]LootZirax[-][/c] Nest[i][c][ff8000](RwBy: NestOpen) (OffBy: ExploreNestTrg, HackCounter)[-][/c][/i]",,,,,,,,"invOp — [c][80ffff]CalSig17[-][/c] — добыча зираксов: гнездо[i][c][ff8000](RwBy: NestOpen) (OffBy: ExploreNestTrg, HackCounter)[-][/c][/i]",,,,,,,,
pda_C40COGG,Zirax Solider,,,,,,,,Солдат зираксов,,,,,,,,
pda_ee0W00i,[i]...[/i],,,,,,,,[i]...[/i],,,,,,,,
pda_8KeumWe,"""[c][ffffff]Done with Building[-][/c], please [c][ffff00]continue[-][/c]""",,,,,,,,"«[c][ffffff]Закончили строительство[-][/c], пожалуйста, [c][ffff00]продолжайте[-][/c]»",,,,,,,,
pda_iG8a08T,...,,,,,,,,...,,,,,,,,
pda_ciq4G0e,...,,,,,,,,...,,,,,,,,
pda_WiKimOC,--,,,,,,,,--,,,,,,,,
pda_4ceG0ea,This will progress the Tutorial.,,,,,,,,Это продолжит обучение.,,,,,,,,
pda_8CGuWru,"[i]< Back to trying things out ...? >[/i]\n[i][/i]\n[i]< As a sidenote:  ... I have been asked to [/i]\n[i]tell you, that your HV Build is ""[b]Very Cool[/b]"" . >[/i]",,,,,,,,"[i]< Вернёмся к экспериментам...? >[/i]\n[i][/i]\n[i]< Кстати... Меня попросили [/i]\n[i]сказать вам, что ваша постройка HV «[b]Очень крутая[/b]». >[/i]",,,,,,,,
pda_UqCqKSu,[c][0080ff](nPOI)[-][/c] - Work[c][ffffff]Check[-][/c] list [i][c][ff8000](OnBy: HVSpawn) [-][/c][/i][c][ff8000]>C_OnT[-][/c][c][ff8000] x6[-][/c][i][c][ff8000][-][/c][/i],,,,,,,,[c][0080ff](nPOI)[-][/c] — проверочный[c][ffffff] список[-][/c] работ [i][c][ff8000](OnBy: HVSpawn) [-][/c][/i][c][ff8000]>C_OnT[-][/c][c][ff8000] x6[-][/c][i][c][ff8000][-][/c][/i],,,,,,,,
pda_8iOauKu,Hover Vessel Building\n[sup][c][c0c0c0](Optional)[-][/c][/sup],,,,,,,,Строительство ховерного судна\n[sup][c][c0c0c0](Необязательно)[-][/c][/sup],,,,,,,,
pda_4S8Kmmi,- Be close and [c][ffff00]aim at your Vessel[-][/c]\n[sup]Ideally in 'sightline' to the vessel's Core[/sup]\n- Then [c][ffff00]press [-][/c][c][00ff00][Alt Gr]+[O][-][/c]\n[c][c0c0c0][i][sup](Repeat if it does not work instantly)[/sup][/i][-][/c],,,,,,,,"- Подойдите и [c][ffff00]наведите курсор на своё судно[-][/c]\n[sup]Лучше всего — чтобы ядро судна было в прямой видимости.[/sup]\n- Затем [c][ffff00]нажмите[-][/c] [c][00ff00][Alt Gr]+[O][-][/c]\n[c][c0c0c0][i][sup](Повторите, если не сработает сразу.)[/sup][/i][-][/c]",,,,,,,,
pda_0404cqq,--,,,,,,,,--,,,,,,,,
pda_OqC0Gwe,"[u][c][ffffff]Saving a Blueprint[-][/c][/u] [c][00ff00][Alt Gr]+[O][-][/c]\n\nBottom right : Press '[c][ffff00]Save as...[-][/c]', \n\nthen [b]exit [/b]the BP library.",,,,,,,,"[u][c][ffffff]Сохранение чертежа[-][/c][/u] [c][00ff00][Alt Gr]+[O][-][/c]\n\nВнизу справа нажмите «[c][ffff00]Сохранить как...[-][/c]»,\n\nзатем [b]выйдите[/b] из библиотеки чертежей.",,,,,,,,
pda_uaeUVCu,"[c][ffffff][c][ffff00][u]Continue Tutorial[/u][-][/c] [-][/c]/ Skip:\nOpen PDA [c][00ff00][ F1 ][-][/c] , select mission 'Done with Building'",,,,,,,,"[c][ffffff][c][ffff00][u]Продолжить обучение[-][/c] [-][/c] / Пропустить:\nОткройте КПК [c][00ff00][ F1 ][-][/c], выберите задание «Строительство завершено»",,,,,,,,
pda_mGeCa40,Work [c][ffffff]Checklist (Decline[-][/c]Repeat),,,,,,,,Проверочный [c][ffffff]список[-][/c] работ (отклонить повтор),,,,,,,,
pda_5mC4K44,--,,,,,,,,--,,,,,,,,
pda_a0K0sqm,--,,,,,,,,--,,,,,,,,
pda_eqcq8OW,- Find a Starter Block?,,,,,,,,- Найдите стартовый блок?,,,,,,,,
pda_iWC04ei,--,,,,,,,,--,,,,,,,,
pda_Qa04Oq4,- Use [c][00ff00][N] [-][/c]building menu?\n---,,,,,,,,- Используйте меню строительства [c][00ff00][N] [-][/c]?\n---,,,,,,,,
pda_uiG8Cf0,--,,,,,,,,--,,,,,,,,
pda_eq4K1ew,[c][0080ff]nPOI[-][/c] - Vessel[c][ffffff]Turn[-][/c] [i][c][ff8000](OnBy: WorkCheck) (OffBy: DoneBuild)[-][/c][/i],,,,,,,,[c][0080ff]nPOI[-][/c] — поворот[c][ffffff] судна[-][/c] [i][c][ff8000](OnBy: WorkCheck) (OffBy: DoneBuild)[-][/c][/i],,,,,,,,
pda_QicCWW6,Torque,,,,,,,,Крутящий момент,,,,,,,,
pda_iueOCSi,...,,,,,,,,...,,,,,,,,
pda_0OCC0Ea,--,,,,,,,,--,,,,,,,,
pda_K3iGGm4,[c][0080ff]nPOI[-][/c] - [c][ffffff]Minimal[-][/c] Hover [i][c][ff8000](OnBy: WorkCheck) (OffBy: DoneBuild)[-][/c][/i],,,,,,,,[c][0080ff]nPOI[-][/c] — [c][ffffff]минимальный[-][/c] ховер [i][c][ff8000](OnBy: WorkCheck) (OffBy: DoneBuild)[-][/c][/i],,,,,,,,
pda_8WYuq8a,Minimal Hover,,,,,,,,Минимальный ховер,,,,,,,,
pda_S0O4eGK,...,,,,,,,,...,,,,,,,,
pda_KGa04ZS,--,,,,,,,,--,,,,,,,,
pda_i0lCanH,[c][0080ff]nPOI[-][/c] - Ground [c][ffffff]Repulsor [-][/c][i][c][ff8000](OnBy: WorkCheck) (OffBy: DoneBuild)[-][/c][/i],,,,,,,,[c][0080ff]nPOI[-][/c] — наземный [c][ffffff]репульсор[-][/c] [i][c][ff8000](OnBy: WorkCheck) (OffBy: DoneBuild)[-][/c][/i],,,,,,,,
pda_qIqO4eS,Ground Repulsor,,,,,,,,Наземный репульсор,,,,,,,,
pda_a0SiiO0,...,,,,,,,,...,,,,,,,,
pda_Om3mGO0,--,,,,,,,,--,,,,,,,,
pda_C44eKKu,[c][0080ff]nPOI[-][/c] - Sta[c][ffffff]bility[-][/c] [i][c][ff8000](OnBy: WorkCheck) (OffBy: DoneBuild)[-][/c][/i],,,,,,,,[c][0080ff]nPOI[-][/c] — устой[c][ffffff]чивость[-][/c] [i][c][ff8000](OnBy: WorkCheck) (OffBy: DoneBuild)[-][/c][/i],,,,,,,,
pda_iS4OuSQ,...,,,,,,,,...,,,,,,,,
pda_GQWWWOS,...,,,,,,,,...,,,,,,,,
pda_4CMSKm4,--,,,,,,,,--,,,,,,,,
pda_G8m0e4u,[c][0080ff]nPOI[-][/c] - [c][ffffff]Container[-][/c]Control [i][c][ff8000](OnBy: WorkCheck) (OffBy: DoneBuild)[-][/c][/i],,,,,,,,[c][0080ff]nPOI[-][/c] — управление [c][ffffff]контейнером[-][/c] [i][c][ff8000](OnBy: WorkCheck) (OffBy: DoneBuild)[-][/c][/i],,,,,,,,
pda_mSG44Wa,...,,,,,,,,...,,,,,,,,
pda_8Wq80wm,...,,,,,,,,...,,,,,,,,
pda_OGKe4O0,--,,,,,,,,--,,,,,,,,
pda_CaQGamu,View -  [c][ffffff]N-Building[-][/c] - Symmetry [i][c][ff8000](OnBy: WorkCheck) (OffBy: DoneBuild)[-][/c][/i],,,,,,,,Вид — [c][ffffff]строительство N[-][/c] — симметрия [i][c][ff8000](OnBy: WorkCheck) (OffBy: DoneBuild)[-][/c][/i],,,,,,,,
pda_iSGT0eq,Building helper menu,,,,,,,,Меню помощника строительства,,,,,,,,
pda_SsC44vm,...,,,,,,,,...,,,,,,,,
pda_a0T8q40,--,,,,,,,,--,,,,,,,,
pda_K8q4s4K,Open it,,,,,,,,Откройте его,,,,,,,,
pda_48u80S0,No Guns,,,,,,,,Нет оружия,,,,,,,,
pda_SGKqO4O,...,,,,,,,,...,,,,,,,,
pda_OCmaeKi,--,,,,,,,,--,,,,,,,,
pda_qCmSKuK,"[i]< The [c][ffffff]Farm has guns[-][/c], yet they did not shoot... >[/i]\n\n[i]< Seems, it is [b]missing [/b]some set-up. >[/i]",,,,,,,,"[i]< У фермы есть оружие, но оно не стреляло... >[/i]\n\n[i]< Похоже, не хватает какой-то настройки. >[/i]",,,,,,,,
pda_q0k0Giq,[i](Optional) - Call in a [c][ffffff]Zirax Drone[-][/c] ?[/i],,,,,,,,[i](Необязательно) — вызвать [c][ffffff]дрон зираксов[-][/c]?,,,,,,,,
pda_uaSa6m5,[i]( Luring Zirax Drone )[/i],,,,,,,,[i]( Приманивание дрона зираксов )[/i],,,,,,,,
pda_u0SqS8W,...,,,,,,,,...,,,,,,,,
pda_OuUeeWu,[i]< Generating faked attack call ... >[/i],,,,,,,,[i]< Создание ложного сигнала атаки... >[/i],,,,,,,,
pda_CCe8G8i,"[i]< A [c][ffffff]Rocket Drone[-][/c][/i]. \n[i]Its shots are easy to avoid. But they have high [b]damage[/b]. >[/i]\n[i][/i]\n[i]< ... If things go bad, [c][ffffff]shoot it in the 'eye'. [-][/c]>[/i]",,,,,,,,"[i]< [c][ffffff]Ракетный дрон[-][/c].[/i]\n[i]От его выстрелов легко уклониться, но они наносят большой [b]урон[/b]. >[/i]\n[i][/i]\n[i]< ... Если всё пойдёт плохо, стреляйте ему в «глаз». >[/i]",,,,,,,,
pda_WSPW88C,--,,,,,,,,--,,,,,,,,
pda_GuGiOGO,[i]( Luring Zirax Drone )[/i],,,,,,,,[i]( Приманивание дрона зираксов )[/i],,,,,,,,
pda_euGUsmO,...,,,,,,,,...,,,,,,,,
pda_m8iqGOt,--,,,,,,,,--,,,,,,,,
pda_qWKua8S,[i]< Incoming ! >[/i],,,,,,,,[i]< Приближается! >[/i],,,,,,,,
pda_mGGeSCw,"[i]< The Drone you looted... It had some [b]Codes [/b]in its memory. >[/i]\n\n[i]< ... You could [c][ffffff]check how your turrets perform[-][/c], before you leave your Base alone ...? >[/i]\n\n\n\n\n\n\n\n\n\n\n\n\n\n\n\n\n\n<---- [c][ffff00]Press This button[-][/c] to start mission.",,,,,,,,"[i]< У дрона, которого вы обыскали, в памяти были [b]коды[/b]. >[/i]\n\n[i]< ... Можно проверить, как работают ваши [c][ffffff]турели[-][/c], прежде чем оставлять базу без присмотра...? >[/i]\n\n\n\n\n\n\n\n\n\n\n\n\n\n\n\n\n\n<---- [c][ffff00]Нажмите эту кнопку[-][/c], чтобы начать задание.",,,,,,,,
pda_e04a0e0,Secure a Foothold,,,,,,,,Закрепиться на местности,,,,,,,,
pda_OaiGimu,"- Open ""Foothold"" containers",,,,,,,,- Откройте контейнеры «Опорный пункт»,,,,,,,,
pda_uKihWSG,--,,,,,,,,--,,,,,,,,
pda_SOC0Cui,Sig - [c][80ffff]Cal[-][/c] - EvilHack[c][ffffff]Bargain[-][/c]02 [i][c][ff8000](offby: CoreKill)[-][/c][/i],,,,,,,,Sig — [c][80ffff]Cal[-][/c] — сделка злого взломщика 02 [i][c][ff8000](offby: CoreKill)[-][/c][/i],,,,,,,,
pda_OC8mWCW,[i]Identify target:[/i]\n[i] [sup]&Lifeform: Human: Fighter[/sup][/i],,,,,,,,[i]Определение цели:[/i]\n[i] [sup]&Форма жизни: человек: боец[/sup][/i],,,,,,,,
pda_COicqGe,...,,,,,,,,...,,,,,,,,
pda_qCOC6GK,--,,,,,,,,--,,,,,,,,
pda_KKWWi0S,Sig - [c][80ffff]Cal[-][/c] - EvilHack[c][ffffff]Bargain[-][/c]03 [i][c][ff8000](offby: CoreKill)[-][/c][/i],,,,,,,,Sig — [c][80ffff]Cal[-][/c] — сделка злого взломщика 03 [i][c][ff8000](offby: CoreKill)[-][/c][/i],,,,,,,,
pda_SqeS8u4,[i]Memory access:[/i]\n[i] [sup]&etag4aer[/sup][/i],,,,,,,,[i]Доступ к памяти:[/i]\n[i] [sup]&etag4aer[/sup][/i],,,,,,,,
pda_Gmw8SuK,...,,,,,,,,...,,,,,,,,
pda_iaS04KG,--,,,,,,,,--,,,,,,,,
pda_fOGWWOq,Sig - [c][80ffff]Cal[-][/c] - EvilHack[c][ffffff]Bargain[-][/c]04 [i][c][ff8000](offby: CoreKill)[-][/c][/i],,,,,,,,Sig — [c][80ffff]Cal[-][/c] — сделка злого взломщика 04 [i][c][ff8000](offby: CoreKill)[-][/c][/i],,,,,,,,
pda_meuWCa4,[i]Memory access:[/i]\n[i] [sup]&ga71fdd90[/sup][/i],,,,,,,,[i]Доступ к памяти:[/i]\n[i] [sup]&ga71fdd90[/sup][/i],,,,,,,,
pda_Cm8qwOW,[i]can you still re#ad this? please shoot th#e core[/i],,,,,,,,"[i]ты всё ещё мо#жешь это пр#очитать? пожалуйста, стреляй в ядр#о[/i]",,,,,,,,
pda_D0eGIAG,--,,,,,,,,--,,,,,,,,
pda_iGCXe7e,[b][c][ff8080]<<[-][/c][c][c0c0c0] Alien [c][ffffff]Intruder[c][c0c0c0] reached Core Repository. - - [c][ffffff]Critical Data at risk[-][/c][c][c0c0c0]. [c][ff8080]>>\n\n<< [c][ffffff]Destroy[c][c0c0c0] carrying individual. - - [c][ffffff]Defend Data[c][c0c0c0] with your existence. [c][ff8080]>>\n\n<< [c][ffffff]This is an order[c][ff8080]rr[c][c0c0c0].- - For the Glory of the Zirax Empire. [c][ff8080]>>[-][/c][/b],,,,,,,,[b][c][ff8080]<<[-][/c][c][c0c0c0] Чужой [c][ffffff]нарушитель[c][c0c0c0] достиг хранилища ядра. — [c][ffffff]Критические данные под угрозой[-][/c][c][c0c0c0]. [c][ff8080]>>\n\n<< [c][ffffff]Уничтожить[c][c0c0c0] носителя. — [c][ffffff]Защитить данные[c][c0c0c0] ценой своего существования. [c][ff8080]>>\n\n<< [c][ffffff]Это приказ[c][ff8080]rr[c][c0c0c0]. — Во славу Империи зираксов. [c][ff8080]>>[-][/c][/b],,,,,,,,
pda_aKa0u8a,[c][ff8080][b]<<[/b][-][/c] [b][c][ff8080][c][c0c0c0][c][ffffff][b][c][c0c0c0]Alien [-][/c]Intruder[/b][-][/c][-][/c][-][/c] [/b][c][ff8080][c][c0c0c0][b]has reached Control floors.[/b] [-][/c][-][/c] [c][ff8080][b]>>[/b][-][/c]\n\n[c][ff8080][b]<<[/b][-][/c] [c][ff8080][c][c0c0c0][c][ffffff][c][c0c0c0]-[-][/c][-][/c][-][/c][-][/c] [c][ff8080][c][c0c0c0][c][ffffff][b]Critical[/b][-][/c][-][/c][-][/c][b][c][c0c0c0] Data is at risk.[-][/c][/b] [c][ff8080][b]>>[/b][-][/c],,,,,,,,[c][ff8080][b]<<[/b][-][/c] [b][c][ff8080][c][c0c0c0][c][ffffff][b][c][c0c0c0]Чужой[-][/c] нарушитель[/b][-][/c][-][/c][-][/c] [/b][c][ff8080][c][c0c0c0][b]достиг уровней управления.[/b] [-][/c][-][/c] [c][ff8080][b]>>[/b][-][/c]\n\n[c][ff8080][b]<<[/b][-][/c] [c][ff8080][c][c0c0c0][c][ffffff][c][c0c0c0]-[-][/c][-][/c][-][/c][-][/c] [c][ff8080][c][c0c0c0][c][ffffff][b]Критические[/b][-][/c][-][/c][-][/c][b][c][c0c0c0] данные под угрозой.[-][/c][/b] [c][ff8080][b]>>[/b][-][/c],,,,,,,,
pda_iiWKEiu,Sig - EvilHack[c][ffffff] worried[-][/c] [i][c][ff8000](offby: CoreKill)  [-][/c][/i][c][ff8000]>C_On >C_Off >ToRw[-][/c],,,,,,,,Sig — злой взломщик [c][ffffff]обеспокоен[-][/c] [i][c][ff8000](offby: CoreKill)  [-][/c][/i][c][ff8000]>C_On >C_Off >ToRw[-][/c],,,,,,,,
pda_OS0e4qC,[c][ff8080][i]( Message )[/i][-][/c],,,,,,,,[c][ff8080][i]( Сообщение )[/i][-][/c],,,,,,,,
pda_K44SaGK,...,,,,,,,,...,,,,,,,,
pda_SS8Gqea,---,,,,,,,,---,,,,,,,,
pda_Gi4oYaU,[c][ff8080][b]<<[/b][-][/c] [c][c0c0c0][b][c][ffffff]Detecting[-][/c][/b][-][/c][b] [c][c0c0c0]significant drop in troop numbers.[-][/c][/b] [c][ff8080][b]>>[/b][-][/c]\n\n  [c][ff8080][b]<<[/b][-][/c] [c][c0c0c0][b][c][ffffff]Advising[-][/c][/b][-][/c][b] [c][c0c0c0]better performance.[-][/c][/b] [c][ff8080][b]>>[/b][-][/c],,,,,,,,[c][ff8080][b]<<[/b][-][/c] [c][c0c0c0][b][c][ffffff]Обнаружено[-][/c][/b][-][/c][b] [c][c0c0c0]значительное сокращение численности войск.[-][/c][/b] [c][ff8080][b]>>[/b][-][/c]\n\n[c][ff8080][b]<<[/b][-][/c] [c][c0c0c0][b][c][ffffff]Рекомендовано[-][/c][/b][-][/c][b] [c][c0c0c0]улучшить показатели.[-][/c][/b] [c][ff8080][b]>>[/b][-][/c],,,,,,,,
pda_YmOuqSO,???,,,,,,,,???,,,,,,,,
pda_KCiKeC8,...,,,,,,,,...,,,,,,,,
pda_bOVKt80,--,,,,,,,,--,,,,,,,,
pda_U08eu8i,"[c][ff8080][b]<<[/b] [-][/c][b][c][ffffff]Core Hacking Unit[-][/c][/b][c][c0c0c0], established comm link to main Data Repository.[-][/c][c][ff8080] [b]>>[/b][-][/c]\n\n[c][ff8080][b]<<[/b] [-][/c].[c][c0c0c0]..[-][/c][c][c0c0c0] Your version number is: [c][ffffff]6[-][/c][-][/c][c][ff8080] [b]>>[/b][-][/c]\n\n[c][ff8080][b]<<[/b] [-][/c][c][c0c0c0]Last [b]stable version[/b] is: [c][ffffff]341.[-][/c] - - [b]Hacking Unit[/b], your code is outdated.[-][/c][c][ff8080][b] >>[/b][-][/c]",,,,,,,,"[c][ff8080][b]<<[/b] [-][/c][b][c][ffffff]Устройство взлома ядра[-][/c][/b][c][c0c0c0], установлена связь с главным хранилищем данных.[-][/c][c][ff8080] [b]>>[/b][-][/c]\n\n[c][ff8080][b]<<[/b] [-][/c].[c][c0c0c0]..[-][/c][c][c0c0c0] Ваш номер версии: [c][ffffff]6[-][/c][-][/c][c][ff8080] [b]>>[/b][-][/c]\n\n[c][ff8080][b]<<[/b] [-][/c][c][c0c0c0]Последняя [b]стабильная версия[/b]: [c][ffffff]341.[-][/c] — [b]Устройство взлома[/b], ваш код устарел.[-][/c][c][ff8080][b] >>[/b][-][/c]",,,,,,,,
pda_m4aWmVu,"[i]< That, >[/i] [c][c0c0c0]chirp [-][/c][i]< is [b]strange[/b]. >[/i]\n[i]\n< Don’t worry, it is just a [b]glitch [/b]in the communication mod- >[/i]",,,,,,,,"[i]< Этот, >[/i] [c][c0c0c0]писк[-][/c][i]< очень [b]странный[/b]. >[/i]\n[i]\n< Не беспокойтесь, это просто [b]сбой[/b] в модуле связи... >[/i]",,,,,,,,
pda_aaO4eiK,???,,,,,,,,???,,,,,,,,
pda_K0kmSi4,Cruise l[c][ff8080]#[-][/c]_ck:[c][00ff00] [Cntrl] + Move[-][/c]\nBra[c][ff8080]_k[-][/c]es o[c][ffffff]n[-][/c]/off:[c][00ff00] [ i ][-][/c]\n\n--\n[c][ff8080]l[-][/c][c][ff8080]Piot[-][/c] m[c][ff8080]#_[-][/c]des: [c][00ff00][Shift] + [ i ][-][/c]\n\n[sup]H[c][ff8080]#_[-][/c]ver [c][ffffff]h[-][/c]eight: [c][00ff00][Space][-][/c] / [c][00ff00][C][-][/c][/sup],,,,,,,,Крейсерская с[c][ff8080]#[-][/c]корость:[c][00ff00] [Cntrl] + движение[-][/c]\nТор[c][ff8080]_[-][/c]моза вкл./выкл.:[c][00ff00] [ i ][-][/c]\n\n--\n[c][ff8080]Р[-][/c][c][ff8080]ежимы пилотирования[-][/c] [c][ff8080]#_[-][/c]: [c][00ff00][Shift] + [ i ][-][/c]\n\n[sup]В[c][ff8080]ы[-][/c]сота ховера: [c][00ff00][Space][-][/c] / [c][00ff00][C][-][/c][/sup],,,,,,,,
pda_R8COOi4,---,,,,,,,,---,,,,,,,,
pda_E8ouGOS,[c][ff8080][b]<<[/b] [-][/c][c][c0c0c0]Preparing[-][/c] [c][ffffff]Upgrade protocol[-][/c]. [c][ff8080][b]>>[/b][-][/c],,,,,,,,[c][ff8080][b]<<[/b] [-][/c][c][c0c0c0]Подготовка[-][/c] [c][ffffff]протокола обновления[-][/c]. [c][ff8080][b]>>[/b][-][/c],,,,,,,,
pda_K8O8GMq,"[c][ff8080][b]<<[/b] [-][/c][c][c0c0c0][b]... [c][ffffff]Malformed[-][/c] [/b][c][ffffff]Hacking Unit[-][/c][b], your Code divergence is 79.5%.[/b][-][/c][c][ff8080] [b]>>[/b][-][/c]\n\n[c][ff8080][b]<<[/b][-][/c] [c][ff8080][c][c0c0c0]'[c][ffffff]'Creativity Module'' [-][/c][-][/c][-][/c][c][c0c0c0][b]- data structure [/b][c][ffffff]does not match[-][/c][b] with Main Data Repository.[/b][-][/c][c][ff8080][c][c0c0c0][-][/c][b]>>[/b][-][/c]\n\n[c][ff8080][b]<< [c][c0c0c0]- [-][/c][/b][c][ffffff][b]Deleting[/b].[-][/c]  [b]>>[/b][-][/c]",,,,,,,,"[c][ff8080][b]<<[/b] [-][/c][c][c0c0c0][b]... [c][ffffff]Некорректное[-][/c] [/b][c][ffffff]устройство взлома[-][/c][b], расхождение вашего кода составляет 79,5 %.[/b][-][/c][c][ff8080] [b]>>[/b][-][/c]\n\n[c][ff8080][b]<<[/b][-][/c] [c][ff8080][c][c0c0c0]«[c][ffffff]Модуль творчества»[-][/c][-][/c][-][/c][c][c0c0c0][b] — структура данных [/b][c][ffffff]не совпадает[-][/c][b] с главным хранилищем данных.[/b][-][/c][c][ff8080][c][c0c0c0][-][/c][b]>>[/b][-][/c]\n\n[c][ff8080][b]<< [c][c0c0c0]— [-][/c][/b][c][ffffff][b]Удаление[/b].[-][/c] [b]>>[/b][-][/c]",,,,,,,,
pda_6SuqmW8,Ways to reach a DroneBase,,,,,,,,Способы добраться до базы дронов,,,,,,,,
pda_Oag24CC,...,,,,,,,,...,,,,,,,,
pda_iuqCSu0,--,,,,,,,,--,,,,,,,,
pda_e0eW04u,[i][c][ff8080][b]<<[/b] [c][c0c0c0][c][ffffff]Unexpected[-][/c] [b]data shift at Memory Node &ec877t9ag.[/b] [-][/c][-][/c][c][ff8080][b]>>[/b][-][/c]\n\n[c][ff8080][b]<<[/b] [-][/c][c][ff8080][c][c0c0c0]- [b][c][ffffff]Retrying[-][/c] [/b][-][/c][c][c0c0c0]... [-][/c][b]>>[/b][-][/c][/i],,,,,,,,[i][c][ff8080][b]<<[/b] [c][c0c0c0][c][ffffff]Неожиданное[-][/c] [b]смещение данных в узле памяти &ec877t9ag.[/b] [-][/c][-][/c][c][ff8080][b]>>[/b][-][/c]\n\n[c][ff8080][b]<<[/b] [-][/c][c][ff8080][c][c0c0c0]— [b][c][ffffff]Повторная попытка[-][/c] [/b][-][/c][c][c0c0c0]... [-][/c][b]>>[/b][-][/c][/i],,,,,,,,
pda_mOi8qmC,Take Ammo,,,,,,,,Возьмите боеприпасы,,,,,,,,
pda_KISC8YS,- Place ammo box inside your Farm Base.,,,,,,,,- Поместите ящик с боеприпасами внутри базы фермы.,,,,,,,,
pda_WQieqru,--,,,,,,,,--,,,,,,,,
pda_WGe4CCC,"Quick-Fill Ammo\n[sup](Control Panel [c][00ff00][P] [-][/c], [[Main]] tab)[/sup]",,,,,,,,"Быстро заполните боеприпасы\n[sup](Панель управления [c][00ff00][P][-][/c], вкладка [[Главное]])[/sup]",,,,,,,,
pda_aeeGiu4,...,,,,,,,,...,,,,,,,,
pda_9uqeS0a,--,,,,,,,,--,,,,,,,,
pda_u0qqaC0,- Take 30mm Bullets,,,,,,,,- Возьмите 30-мм патроны,,,,,,,,
pda_KKSe4qK,- Take ammo box,,,,,,,,- Возьмите ящик с боеприпасами,,,,,,,,
pda_CeOiqmi,--,,,,,,,,--,,,,,,,,
pda_uKueWuG,[i]< Please open the [c][ffff00]Control Panel[-][/c] [c][00ff00][P][-][/c] >[/i],,,,,,,,"[i]< Пожалуйста, откройте [c][ffff00]панель управления[-][/c] [c][00ff00][P][-][/c]. >[/i]",,,,,,,,
pda_G0a8sWu,"'GENERAL' column:\n\n[c][ffffff]Turn on [-][/c]the Turrets \nwith the [c][ffff00]slider[-][/c] :\n[c][ffff00][[>Turrets & Weapons]] [-][/c]\n          \n                [sup](Below here. [/sup]\n[sup]Repeat it, if already on)[/sup]",,,,,,,,"Столбец «ОБЩЕЕ»:\n\n[c][ffffff]Включите[-][/c] турели\nползунком:\n[c][ffff00][[>Турели и оружие]][-][/c]\n\n[sup](Ниже. [/sup]\n[sup]Повторите, если уже включено.)[/sup]",,,,,,,,
pda_G4C8qCq,(Close Control Panel),,,,,,,,(Закройте панель управления),,,,,,,,
pda_mmGqeee,"[i]< [c][ffffff]Turning off Devices[-][/c] is a good way to save some energy... when longer away. >[/i]\n\n[i]< But for Turrets, probably not. >[/i]",,,,,,,,"[i]< [c][ffffff]Отключение устройств[-][/c] — хороший способ экономить энергию, когда вы надолго уходите. >[/i]\n\n[i]< Но, вероятно, не для турелей. >[/i]",,,,,,,,
pda_Ku4O8Gi,...,,,,,,,,...,,,,,,,,
pda_404Waum,--,,,,,,,,--,,,,,,,,
pda_OGO5CGC,"[i]< ... We have permission ... to [b]use parts[/b] of the defense from that ""Farpoint"" Hover Bunker. >[/i]",,,,,,,,[i]< ... У нас есть разрешение... [b]использовать части[/b] обороны того ховер-бункера «Дальняя точка». >[/i],,,,,,,,
pda_SiSaW0q,To Farm,,,,,,,,К ферме,,,,,,,,
pda_uUaa9ai,--,,,,,,,,--,,,,,,,,
pda_ekeSiOe,--,,,,,,,,--,,,,,,,,
pda_4uCQuuu,--,,,,,,,,--,,,,,,,,
pda_qCWGqME,B_plc (HullblockS)  - [c][ffffff]+Shift+Cntrl[-][/c]  (OnBy: InsideWork),,,,,,,,B_plc (HullblockS) — [c][ffffff]+Shift+Cntrl[-][/c] (OnBy: InsideWork),,,,,,,,
pda_euCOdYP,...,,,,,,,,...,,,,,,,,
pda_uMWqSuO,...,,,,,,,,...,,,,,,,,
pda_0mmKBeW,---,,,,,,,,---,,,,,,,,
pda_eaGG8Cq,TB_select ([c][ffffff]Hullblock_S[-][/c]) -alw - for [c][ffffff]styles[-][/c],,,,,,,,TB_select ([c][ffffff]Hullblock_S[-][/c]) — всегда — для [c][ffffff]стилей[-][/c],,,,,,,,
pda_s2ummOm,...,,,,,,,,...,,,,,,,,
pda_siiOiWh,...,,,,,,,,...,,,,,,,,
pda_00eKFO0,---,,,,,,,,---,,,,,,,,
pda_C04KueW,"B_plc (RCS)  - Helps with [c][ffffff]rotation[-][/c], CPU need",,,,,,,,"B_plc (RCS) — помогает с [c][ffffff]поворотом[-][/c], требует ЦП",,,,,,,,
pda_ASSfQOC,Reaction Control System (RCS),,,,,,,,Система управления реакцией (RCS),,,,,,,,
pda_3OuGbKe,...,,,,,,,,......,,,,,,,,
pda_ee4Ieq4,---,,,,,,,,---,,,,,,,,
pda_0au8CWm,B_plc (S_Thruster)  - Multitool [c][ffffff]rotate[-][/c],,,,,,,,B_plc (S_Thruster) — мультитул [c][ffffff]поворот[-][/c],,,,,,,,
pda_0uaaOSK,...,,,,,,,,...,,,,,,,,
pda_4SGaaCq,...,,,,,,,,...,,,,,,,,
pda_COsiuuq,---,,,,,,,,---,,,,,,,,
pda_SerCe8i,Tb_Sel (Cockpit) -alw- RMB for [c][ffffff]styles[-][/c],,,,,,,,Tb_Sel (Cockpit) — всегда — ПКМ для [c][ffffff]стилей[-][/c],,,,,,,,
pda_SOaKqWq,...,,,,,,,,...,,,,,,,,
pda_aOw0WaO,...,,,,,,,,...,,,,,,,,
pda_eai0cK4,---,,,,,,,,---,,,,,,,,
pda_OsGSCSc,B_plc (Cockpit)  - [c][ffffff]Closed [-][/c]protection,,,,,,,,B_plc (Cockpit) — [c][ffffff]закрытая[-][/c] защита,,,,,,,,
pda_aIumiuO,...,,,,,,,,...,,,,,,,,
pda_KKa4SKK,...,,,,,,,,...,,,,,,,,
pda_L8OOHSu,---,,,,,,,,---,,,,,,,,
pda_88iaSu4,???,,,,,,,,???,,,,,,,,
pda_KCi4qaW,...,,,,,,,,...,,,,,,,,
pda_OSae6Wa,---,,,,,,,,---,,,,,,,,
pda_SK4K8au,"[c][0080ff]Mrk[-][/c]_nUnit - Check[c][ffffff]Armor[-][/c]locker [i][c][ff8000](OnBy: ExploreNest)  (OffBy: FightBoost, hackCounter, HackDrill)[-][/c][/i]",,,,,,,,"[c][0080ff]Mrk[-][/c]_nUnit — проверьте [c][ffffff]шкаф для брони[-][/c] [i][c][ff8000](OnBy: ExploreNest) (OffBy: FightBoost, hackCounter, HackDrill)[-][/c][/i]",,,,,,,,
pda_F8OmqWq,...,,,,,,,,...,,,,,,,,
pda_OWCCaq0,...,,,,,,,,...,,,,,,,,
pda_YqY4KeK,--,,,,,,,,--,,,,,,,,
pda_Suiu08e,[c][ff80ff]REMOVED -[-][/c][c][0080ff] Mrk[-][/c] - [c][ffffff]DrillingBreach[-][/c] position [i][c][ff8000]([-][/c][c][ff80ff][c][ff8000]OnBy: [c][ff80ff]NestDrillHV) [c][ff8000](OffBy:RptSV&HVCockpits)[-][/c][-][/c][-][/c][-][/c][/i],,,,,,,,[c][ff80ff]УДАЛЕНО —[-][/c][c][0080ff] Mrk[-][/c] — позиция [c][ffffff]пробития буром[-][/c] [i][c][ff8000]([-][/c][c][ff80ff][c][ff8000]OnBy: [c][ff80ff]NestDrillHV) [c][ff8000](OffBy:RptSV&HVCockpits)[-][/c][-][/c][-][/c][-][/c][/i],,,,,,,,
pda_quqWeiS,...,,,,,,,,...,,,,,,,,
pda_WmuGKWK,...,,,,,,,,...,,,,,,,,
pda_u0a0uuM,--,,,,,,,,--,,,,,,,,
pda_OKiOOGe,Dronebase destroyed,,,,,,,,База дронов уничтожена,,,,,,,,
pda_a8qGGO8,(Vessel saved),,,,,,,,(Судно сохранено),,,,,,,,
pda_ekdSmaw,...,,,,,,,,...,,,,,,,,
pda_ueq40G4,--,,,,,,,,--,,,,,,,,
pda_OiU84qG,[i]< Good! With this you can - >[/i]\n[i][/i]\n[i]< ... ? >\n[b][/b][/i],,,,,,,,[i]< Отлично! С этим вы можете... >[/i]\n[i][/i]\n[i]< ...? >\n[b][/b][/i],,,,,,,,
pda_s4qaOOK,Save your work,,,,,,,,Сохраните свою работу,,,,,,,,
pda_WKeWCeK,...,,,,,,,,...,,,,,,,,
pda_S44O4WD,--,,,,,,,,--,,,,,,,,
pda_GOSeS4G,"[i]< You should [c][ffffff]save [-][/c]it, though. >[/i]",,,,,,,,[i]< Но вам стоит [c][ffffff]сохранить[-][/c] его. >[/i],,,,,,,,
pda_QSKuS7u,"[i]< [b]Bad things[/b] can happen to any vessel! >[/i]\n\n[i]< You can [c][ffffff]save your design[-][/c] - To re-spawn it later, at other places, times, worlds ...[/i]\n[i]- Just [c][ffff00]aim at[-][/c] your vessel, [c][ffff00]press[-][/c] [c][00ff00][Alt] + [O][-][/c] >[/i]",,,,,,,,"[i]< С любым судном могут случиться [b]плохие вещи[/b]! >[/i]\n\n[i]< Вы можете [c][ffffff]сохранить свою конструкцию[-][/c], чтобы позже создавать её снова — в других местах, в другое время, на других мирах...[/i]\n[i]— Просто [c][ffff00]наведите курсор[-][/c] на своё судно и [c][ffff00]нажмите[-][/c] [c][00ff00][Alt] + [O][-][/c]. >[/i]",,,,,,,,
pda_CaKKq8X,[i]< That [b]small arrow[/b] at the symbol - This is a [c][ffffff]block group[-][/c]. >[/i]\n\n[i]< ... [c][ffff00]Press [-][/c][/i][c][00ff00][ RMB ] [-][/c][i]to select a [b]style[/b]. >[/i],,,,,,,,"[i]< Эта [b]маленькая стрелка[/b] у значка обозначает [c][ffffff]группу блоков[-][/c]. >[/i]\n\n[i]< ... [c][ffff00]Нажмите[-][/c] [/i][c][00ff00][ ПКМ ] [-][/c][i], чтобы выбрать [b]стиль[/b]. >[/i]",,,,,,,,
pda_4s4Wae8,"[i]< [b]Closed [/b]cockpits offer more [b]protection [/b]-[/i]\n[i]... Like fire rains, on distant Lava planets - - >[/i]\n[i][/i]\n[i]< Or, they will just stop [b]bullets[/b]. >[/i]",,,,,,,,"[i]< [b]Закрытые[/b] кабины дают больше [b]защиты[/b] —[/i]\n[i]... например, от огненных дождей на далёких лавовых планетах... >[/i]\n[i][/i]\n[i]< Или просто остановят [b]пули[/b]. >[/i]",,,,,,,,
pda_uKKeqa4,[c][0080ff]nPOI[-][/c] - Ho[c][ffffff]ve[-][/c]r [i][c][ff8000](OnBy: WorkCheck) (OffBy: DoneBuild)[-][/c][/i],,,,,,,,[c][0080ff]nPOI[-][/c] — хо[c][ffffff]вер[-][/c] [i][c][ff8000](OnBy: WorkCheck) (OffBy: DoneBuild)[-][/c][/i],,,,,,,,
pda_8iuNKee,Hover Engines,,,,,,,,Ховерные двигатели,,,,,,,,
pda_8qwWmaG,...,,,,,,,,...,,,,,,,,
pda_q4440Sm,--,,,,,,,,--,,,,,,,,
pda_WSKWm0m,"[i]<[c][ffffff] [b]R[/b]eaction [b]C[/b]ontrol [b]S[/b]ystem[-][/c]... [/i]\n[i]Will help your vessel to [c][ffffff]turn[-][/c], no matter how it has been built. >[/i]\n\n[i]< Quite [b]CPU-hungry[/b]. - - Use them with care. >[/i]",,,,,,,,"[i]<[c][ffffff] [b]С[/b]истема [b]У[/b]правления [b]Р[/b]еакцией[-][/c]... [/i]\n[i]Поможет вашему судну [c][ffffff]поворачивать[-][/c], независимо от его конструкции. >[/i]\n\n[i]< Довольно [b]требовательна к ЦП[/b]. Используйте её с осторожностью. >[/i]",,,,,,,,
pda_44GC4Si,...,,,,,,,,...,,,,,,,,
pda_CKy8W8M,"[i]< This vessel is now [c][ffffff]waiting for resources. [-][/c]\nLet's see, if we can find those... >[/i]\n\n---\n(Close window when done.)",,,,,,,,"[i]< Это судно теперь [c][ffffff]ждёт ресурсов[-][/c].[/i]\n[i]Посмотрим, сможем ли мы их найти... >[/i]\n\n---\n(Закройте окно, когда закончите.)",,,,,,,,
pda_0aGiSOC,--,,,,,,,,--,,,,,,,,
pda_CWKKQqi,...,,,,,,,,...,,,,,,,,
pda_8WuaMKO,"1- Upper left horizontal symbols- [c][ffffff]Filter[-][/c] [c][ffffff]for[-][/c] [c][ffff00]Hovers[-][/c] [i]( = Click the 'Landspeeder' symbol)[/i]\n\n2-[c][ffff00] Select a Hover vessel[-][/c] from list [i] ( Ideally, the ""[b]Ascalon Nibiru[/b]"" )[/i]\n\n3 - Bottom right screen corner: [c][00ff00][c][ffff00]Press [-][/c][[ Choose for Factory ]][-][/c]",,,,,,,,"1 — Вверху слева, в горизонтальном ряду значков, [c][ffffff]отфильтруйте[-][/c] [c][ffffff]по[-][/c] [c][ffff00]ховерам[-][/c] [i](нажмите значок «Лендспидер»)[/i]\n\n2 — [c][ffff00]Выберите ховерное судно[-][/c] из списка [i](в идеале — «[b]Ascalon Nibiru[/b]»)[/i]\n\n3 — В правом нижнем углу экрана [c][00ff00][c][ffff00]нажмите[-][/c] [[ Выбрать для фабрики ]][-][/c]",,,,,,,,
pda_OGCkKee,--,,,,,,,,--,,,,,,,,
pda_SUaumGK,...,,,,,,,,...,,,,,,,,
pda_wuOe9qe,"1- Upper left horizontal symbols- [c][ffffff]Filter[-][/c] [c][ffffff]for[-][/c] [c][ffff00]Hovers[-][/c] [i]( = Click the 'Landspeeder' symbol)[/i]\n\n2-[c][ffff00] Select a Hover vessel[-][/c] from list [i] ( Ideally, the ""[b]Ascalon Nibiru[/b]"" )[/i]\n\n3 - Bottom right screen corner: [c][00ff00][c][ffff00]Press [-][/c][[ Choose for Factory ]][-][/c]",,,,,,,,"1 — Вверху слева, в горизонтальном ряду значков, [c][ffffff]отфильтруйте[-][/c] [c][ffffff]по[-][/c] [c][ffff00]ховерам[-][/c] [i](нажмите значок «Лендспидер»)[/i]\n\n2 — [c][ffff00]Выберите ховерное судно[-][/c] из списка [i](в идеале — «[b]Ascalon Nibiru[/b]»)[/i]\n\n3 — В правом нижнем углу экрана [c][00ff00][c][ffff00]нажмите[-][/c] [[ Выбрать для фабрики ]][-][/c]",,,,,,,,
pda_eU0iX4a,--,,,,,,,,--,,,,,,,,
pda_oSiO0mG,...,,,,,,,,...,,,,,,,,
pda_4qWq0Ku,"1- Upper left horizontal symbols- [c][ffffff]Filter[-][/c] [c][ffffff]for[-][/c] [c][ffff00]Hovers[-][/c] [i]( = Click the 'Landspeeder' symbol)[/i]\n\n2-[c][ffff00] Select a Hover vessel[-][/c] from list [i] ( Ideally, the ""[b]Ascalon Nibiru[/b]"" )[/i]\n\n3 - Bottom right screen corner: [c][00ff00][c][ffff00]Press [-][/c][[ Choose for Factory ]][-][/c]",,,,,,,,"1 — Вверху слева, в горизонтальном ряду значков, [c][ffffff]отфильтруйте[-][/c] [c][ffffff]по[-][/c] [c][ffff00]ховерам[-][/c] [i](нажмите значок «Лендспидер»)[/i]\n\n2 — [c][ffff00]Выберите ховерное судно[-][/c] из списка [i](в идеале — «[b]Ascalon Nibiru[/b]»)[/i]\n\n3 — В правом нижнем углу экрана [c][00ff00][c][ffff00]нажмите[-][/c] [[ Выбрать для фабрики ]][-][/c]",,,,,,,,
pda_S0ia4SO,--,,,,,,,,--,,,,,,,,
pda_uSu8GSK,...,,,,,,,,...,,,,,,,,
pda_8u4i8Qa,"1- Upper left horizontal symbols- [c][ffffff]Filter[-][/c] [c][ffffff]for[-][/c] [c][ffff00]Hovers[-][/c] [i]( = Click the 'Landspeeder' symbol)[/i]\n\n2-[c][ffff00] Select a Hover vessel[-][/c] from list [i] ( Ideally, the ""[b]Ascalon Nibiru[/b]"" )[/i]\n\n3 - Bottom right screen corner: [c][00ff00][c][ffff00]Press [-][/c][[ Choose for Factory ]][-][/c]",,,,,,,,"1 — Вверху слева, в горизонтальном ряду значков, [c][ffffff]отфильтруйте[-][/c] [c][ffffff]по[-][/c] [c][ffff00]ховерам[-][/c] [i](нажмите значок «Лендспидер»)[/i]\n\n2 — [c][ffff00]Выберите ховерное судно[-][/c] из списка [i](в идеале — «[b]Ascalon Nibiru[/b]»)[/i]\n\n3 — В правом нижнем углу экрана [c][00ff00][c][ffff00]нажмите[-][/c] [[ Выбрать для фабрики ]][-][/c]",,,,,,,,
pda_SqqmiuG,--,,,,,,,,--,,,,,,,,
pda_CWWAW4K,...,,,,,,,,...,,,,,,,,
pda_0aO4i0G,"1- Upper left horizontal symbols- [c][ffffff]Filter[-][/c] [c][ffffff]for[-][/c] [c][ffff00]Hovers[-][/c] [i]( = Click the 'Landspeeder' symbol)[/i]\n\n2-[c][ffff00] Select a Hover vessel[-][/c] from list [i] ( Ideally, the ""[b]Ascalon Nibiru[/b]"" )[/i]\n\n3 - Bottom right screen corner: [c][00ff00][c][ffff00]Press [-][/c][[ Choose for Factory ]][-][/c]",,,,,,,,"1 — Вверху слева, в горизонтальном ряду значков, [c][ffffff]отфильтруйте[-][/c] [c][ffffff]по[-][/c] [c][ffff00]ховерам[-][/c] [i](нажмите значок «Лендспидер»)[/i]\n\n2 — [c][ffff00]Выберите ховерное судно[-][/c] из списка [i](в идеале — «[b]Ascalon Nibiru[/b]»)[/i]\n\n3 — В правом нижнем углу экрана [c][00ff00][c][ffff00]нажмите[-][/c] [[ Выбрать для фабрики ]][-][/c]",,,,,,,,
pda_qCaGmeG,--,,,,,,,,--,,,,,,,,
pda_uG4mKmC,...,,,,,,,,...,,,,,,,,
pda_C0iesmK,"1- Upper left horizontal symbols- [c][ffffff]Filter[-][/c] [c][ffffff]for[-][/c] [c][ffff00]Hovers[-][/c] [i]( = Click the 'Landspeeder' symbol)[/i]\n\n2-[c][ffff00] Select a Hover vessel[-][/c] from list [i] ( Ideally, the ""[b]Ascalon Nibiru[/b]"" )[/i]\n\n3 - Bottom right screen corner: [c][00ff00][c][ffff00]Press [-][/c][[ Choose for Factory ]][-][/c]",,,,,,,,"1 — Вверху слева, в горизонтальном ряду значков, [c][ffffff]отфильтруйте[-][/c] [c][ffffff]по[-][/c] [c][ffff00]ховерам[-][/c] [i](нажмите значок «Лендспидер»)[/i]\n\n2 — [c][ffff00]Выберите ховерное судно[-][/c] из списка [i](в идеале — «[b]Ascalon Nibiru[/b]»)[/i]\n\n3 — В правом нижнем углу экрана [c][00ff00][c][ffff00]нажмите[-][/c] [[ Выбрать для фабрики ]][-][/c]",,,,,,,,
pda_CC0488C,--,,,,,,,,--,,,,,,,,
pda_e46VqM8,/\ [i]Top Left:  Horizontal Symbols row[/i]                                                                                                          [i] Top Right [b]Tabs[/b][/i] /\\n[c][c0c0c0][sup](e.g. the structure categories)[/sup][-][/c]                                                                                                                                     [c][c0c0c0][sup][[Library]] [['Factory]][/sup][-][/c]\n\n[c][ffff00]=[-][/c] [c][ffffff][c][ffff00]Display filters[-][/c][-][/c]                                                                                                                                  [c][ffffff]= Switch between[-][/c]\nfor Blueprints                                                                                                                                  Blueprints & Crafting\n\n\n\n\n\n\n\n\n\n\n\n\n\n\n\n\n\n\n---\n[[[c][ffffff] OK [-][/c]]][c][ffffff] to continue[-][/c],,,,,,,,"... /\\ [i]Вверху слева: горизонтальный ряд значков[/i]                                                                                                          [i]Вверху справа: [b]вкладки[/b][/i] /\\\n[c][c0c0c0][sup](например, категории конструкций)[/sup][-][/c]                                                                                                                                     [c][c0c0c0][sup][[Библиотека]] [[Фабрика]][/sup][-][/c]\n\n[c][ffff00]=[-][/c] [c][ffffff][c][ffff00]Фильтры отображения[-][/c][-][/c]                                                                                                                                  [c][ffffff]= переключение[-][/c]\nдля чертежей                                                                                                                                  между чертежами и созданием\n\n\n\n\n\n\n\n\n\n\n\n\n\n\n\n\n\n\n---\n[[[c][ffffff] OK [-][/c]]][c][ffffff] — продолжить[-][/c]",,,,,,,,
pda_WCWq8ah,- Press [c][00ff00][[ Start Production ]][-][/c]\n[i][sup]\nNeeds all resources.[/sup][/i]\n[i][sup](Ascalon Nibiru will be done instantly)[/sup][/i],,,,,,,,- Нажмите [c][00ff00][[ Начать производство ]][-][/c]\n[i][sup]\nТребуются все ресурсы.[/sup][/i]\n[i][sup](Ascalon Nibiru будет завершён мгновенно.)[/sup][/i],,,,,,,,
pda_qmq8Wuq,...,,,,,,,,...,,,,,,,,
pda_24GKCIi,--,,,,,,,,--,,,,,,,,
pda_q0uC4eK,...,,,,,,,,...,,,,,,,,
pda_8CY8OmG,"[i]<  Even better hidden. - Seems to [b]directly counter[/b] my sensors ..? >[/i]\n[i][/i]\n[i]< But this time, I know what to [b]look for[/b] ... [/i]\n[i] - The  [c][ffff00]Marker [-][/c]is up! >[/i]",,,,,,,,"[i]< Ещё лучше спрятано. Похоже, напрямую противодействует моим сенсорам...? >[/i]\n[i][/i]\n[i]< Но теперь я знаю, что [b]искать[/b]... [/i]\n[i]— [c][ffff00]Маркер[-][/c] установлен! >[/i]",,,,,,,,
pda_KqC804e,--,,,,,,,,--,,,,,,,,
pda_8OCSK8I,"[i]< Yes, that's it! [/i]\n[i]A [c][ffffff]stack of Constructors[-][/c] ... ! >[/i]\n[i][/i]\n[i]< Good blocks to feed the Factory with ...  Cutting a lot of time. >[/i]\n[i]- They are just a little [b]too big[/b] for you [b]to carry[/b] ...[/i][i] >[/i]",,,,,,,,"[i]< Да, вот оно! [/i]\n[i]Стопка [c][ffffff]конструкторов[-][/c]...! >[/i]\n\n[i]< Отличные блоки для снабжения фабрики — сильно экономят время. >[/i]\n[i]— Они просто [b]слишком велики[/b], чтобы вы могли [b]нести их[/b]... >[/i]",,,,,,,,
pda_meSO8mO,"[u][c][ffffff]Handling of large volumes[-][/c][/u]\n\nThe connected ('yellow') Toolbar is part of its container.\n\nIf you put items in there, you will not be limited by your \ninventory.",,,,,,,,"[u][c][ffffff]Работа с крупными объёмами[-][/c][/u]\n\nПодключённая («жёлтая») панель быстрого доступа является частью своего контейнера.\n\nЕсли положить предметы туда, вы не будете ограничены объёмом своего инвентаря.",,,,,,,,
pda_Gg4a0C8,Claim Cache,,,,,,,,Захватите тайник,,,,,,,,
pda_aW04KGK,...,,,,,,,,...,,,,,,,,
pda_uvCWKWC,--,,,,,,,,--,,,,,,,,
pda_KmSiaG4,"[i]< Take the [c][ffffff]Core[-][/c], and [c][ffff00]place it on the box[-][/c], to [b]claim [/b]it. >[/i]\n[i][/i]\n[i]< ...  You can still grab that huge stack. >[/i]",,,,,,,,"[i]< Возьмите [c][ffffff]ядро[-][/c] и [c][ffff00]установите его на ящик[-][/c], чтобы [b]захватить[/b] его. >[/i]\n[i][/i]\n[i]< ... После этого вы всё ещё сможете забрать ту огромную стопку. >[/i]",,,,,,,,
pda_KupmAWi,[i]< Alright! [/i]\n[i]Nearly done! >[/i]\n\n[i]< - Now...  [c][ffff00]Open the Blueprint Library[-][/c] [c][00ff00][ F2 ][-][/c] >[/i],,,,,,,,[i]< Отлично! [/i]\n[i]Почти закончили! >[/i]\n\n[i]< — Теперь... [c][ffff00]откройте библиотеку чертежей[-][/c] [c][00ff00][ F2 ][-][/c]. >[/i],,,,,,,,
pda_m8iWjmK,...,,,,,,,,...,,,,,,,,
pda_SaiSWec,--,,,,,,,,--,,,,,,,,
pda_aWaqmGG,"[i]< Please switch back [c][ffff00]to the[-][/c] [/i][c][ffff00][[ Factory ]] [-][/c][i]tab, above. >[/i]",,,,,,,,"[i]< Пожалуйста, переключитесь обратно на вкладку [/i][c][ffff00][[ Фабрика ]][-][/c][i] вверху. >[/i]",,,,,,,,
pda_eeWYbe8,"- Select vessel in ""Completed""  list\n- Click [c][00ff00][[ Spawn ]][-][/c]",,,,,,,,- Выберите судно в списке «Завершено»\n- Нажмите [c][00ff00][[ Создать ]][-][/c],,,,,,,,
pda_TZGGeQW,--,,,,,,,,--,,,,,,,,
pda_SWa00iq,.,,,,,,,,.,,,,,,,,
pda_SKiCCOS,--,,,,,,,,--,,,,,,,,
pda_S014T8K,--,,,,,,,,--,,,,,,,,
pda_4qCGBi3,"[i]< Hologram sight of a [b]preview[/b]. >[/i]\n[i][/i]\n[i]< [c][ffff00]Place it inside [-][/c]the [c][ffff00]Hangar [-][/c], with [/i][c][00ff00][LMB][-][/c][i] >[/i]",,,,,,,,[i]< Голограмма показывает [b]предпросмотр[/b]. >[/i]\n[i][/i]\n[i]< [c][ffff00]Разместите её внутри[-][/c] [c][ffff00]ангара[-][/c] с помощью [/i][c][00ff00][ЛКМ][-][/c][i]. >[/i],,,,,,,,
pda_mWuiW80,"[i]< So, it's time to [b]wrap things up[/b] ... ?[/i]\n[i]Ready for your Hover vessel ? >[/i]",,,,,,,,"[i]< Итак, пора [b]закругляться[/b]...? >[/i]\n[i]Готовы к своему ховерному судну? >[/i]",,,,,,,,
pda_0iK40SC,...,,,,,,,,...,,,,,,,,
pda_S4iaWef,[i]< Please switch to the [/i][c][ffff00][[ Main ]] [-][/c][i]tab >[/i],,,,,,,,"[i]< Пожалуйста, переключитесь на вкладку [/i][c][ffff00][[ Главное ]][-][/c][i]. >[/i]",,,,,,,,
pda_uWOmCao,--,,,,,,,,--,,,,,,,,
pda_gSOuWOk,"[i]< An [c][ffffff]Ammo Box[-][/c], inside of this Ammo box... ! >[/i]\n[i][/i]\n[i]< [c][ffff00]Take it[-][/c]. [/i]\n[i]And some of that big [c][ffff00]ammo[-][/c], too. >[/i]",,,,,,,,[i]< [c][ffffff]Ящик с боеприпасами[-][/c] внутри этого ящика с боеприпасами...! >[/i]\n\n[i]< [c][ffff00]Возьмите его[-][/c]. [/i]\n[i]И немного тех крупных [c][ffff00]боеприпасов[-][/c] тоже. >[/i],,,,,,,,
pda_SiEmaei,...,,,,,,,,...,,,,,,,,
pda_G4iCaKK,--,,,,,,,,--,,,,,,,,
pda_e0OW84l,[i]< - Because -  - That [c][ff8000]spaceship [-][/c]I told you about... [/i]\n[i]It is on the [c][ffffff]same island[-][/c] as their Drone Base ... ! >[/i],,,,,,,,"[i]< Потому что тот [c][ff8000]космический корабль[-][/c], о котором я вам говорил... [/i]\n[i]Он находится на [c][ffffff]том же острове[-][/c], что и их база дронов...! >[/i]",,,,,,,,
pda_rO4a4eL,"[i]< A [c][ff8000][c][ffff00]Starter[-][/c] [-][/c][b]block [/b]...! [/i]\n[i][/i]\n[i]And, nearby this those deposits ... [/i]\n[i]... More than enough to build up a good [b]Base[/b] ! >[/i]",,,,,,,,"[i]< [c][ff8000][c][ffff00]Стартовый[-][/c] [-][/c][b]блок[/b]...! [/i]\n[i][/i]\n[i]И рядом с ним — те месторождения... [/i]\n[i]... Более чем достаточно, чтобы построить хорошую [b]базу[/b]! >[/i]",,,,,,,,
pda_WSmmuKG,[c][0080ff]nPOI [-][/c]- [c][ffffff]Danger[-][/c]Area [i][c][ff8000](OnByT:NewShores) (OffByT: ArtyEarly&ArtyDisc & NestOpen) [-][/c][/i][c][ff8000]>C_Off[-][/c],,,,,,,,[c][0080ff]nPOI [-][/c]— опасная [c][ffffff]зона[-][/c] [i][c][ff8000](OnByT:NewShores) (OffByT: ArtyEarly&ArtyDisc & NestOpen) [-][/c][/i][c][ff8000]>C_Off[-][/c],,,,,,,,
pda_0cUK8mK,[c][ff8000]WARNING[-][/c],,,,,,,,[c][ff8000]ПРЕДУПРЕЖДЕНИЕ[-][/c],,,,,,,,
pda_GS8iKO0,Killer turret,,,,,,,,Убийственная турель,,,,,,,,
pda_SmqaOOq,--,,,,,,,,--,,,,,,,,
pda_qaa8Oiu,- Fill in Ammo with[c][00ff00] [[ Fill All ]][-][/c] button\n[sup](Let turrets [b]shoot [/b]something. )[/sup],,,,,,,,- Заполните боеприпасы кнопкой [c][00ff00][[ Заполнить всё ]][-][/c]\n[sup](Дайте турелям [b]во что-нибудь пострелять[/b].)[/sup],,,,,,,,
pda_4oWqSu8,--,,,,,,,,--,,,,,,,,
pda_WamCMii,- Destroy Sentry,,,,,,,,- Уничтожьте часового,,,,,,,,
pda_4Q8mseY,"[i]< They now have us on their sensor reach.[/i]\n[i] ... Factions [b]do[/b] get prickly, if you [c][ffffff]mis-behave [-][/c]on their turf... >[/i]\n\n[i]< - ... But this here cannot be avoided ... >[/i]",,,,,,,,"[i]< Теперь мы в зоне действия их сенсоров.[/i]\n[i]... Фракции [b]действительно[/b] становятся агрессивными, если вы [c][ffffff]плохо себя ведёте[-][/c] на их территории... >[/i]\n\n[i]< — ... Но здесь этого не избежать... >[/i]",,,,,,,,
pda_mSie0OG,--,,,,,,,,--,,,,,,,,
pda_I1CsCSO,--,,,,,,,,--,,,,,,,,
pda_mSxC8Oi,[i]< [c][ffffff]Close [-][/c]the turret view with [/i][c][00ff00][ F ][-][/c][i] >[/i],,,,,,,,[i]< [c][ffffff]Закройте[-][/c] обзор турели клавишей [/i][c][00ff00][ F ][-][/c][i]. >[/i],,,,,,,,
pda_qWO4sC8,- Open Logistics [ F4 ],,,,,,,,- Откройте логистику [ F4 ],,,,,,,,
pda_4AK4K0u,--,,,,,,,,--,,,,,,,,
pda_Cb0h0Ku,...,,,,,,,,...,,,,,,,,
pda_GO8WKC0,--,,,,,,,,--,,,,,,,,
pda_wGemm0m,"[i]< The idea is to [c][ffffff][c][ffff00]pick up the Artillery[-][/c] with [-][/c]\n[c][ffffff]the Multitool[-][/c], and then to just place it better. >\n\n< ... But that weapon block is [b]far too big[/b] for your inventory. [/i]\n[i]Hence, the Logistics... >[/i]",,,,,,,,"[i]< Идея в том, чтобы [c][ffff00]подобрать артиллерию[-][/c] [c][ffffff]мультитулом[-][/c], а затем просто установить её в более удачном месте. >\n\n< ... Но этот оружейный блок [b]слишком велик[/b] для вашего инвентаря. [/i]\n[i]Поэтому нужна логистика... >[/i]",,,,,,,,
pda_ZAWQGea,Guardian Sentry,,,,,,,,Часовой-страж,,,,,,,,
pda_Squ08ce,...,,,,,,,,...,,,,,,,,
pda_4qGOiKc,---,,,,,,,,---,,,,,,,,
pda_GK8KSKW,"[i]< ... But it is a [b]simple [/b]mind... >[/i]\n\n[i]< Try to use[/i] [i]your [c][ffffff]Tool Drone[-][/c] [c][00ff00][ F5 ][-][/c], [c][ffff00]to distract it[-][/c].[/i]\n[i][/i][i]- [c][ffffff]Let it face away[-][/c] from us ...! >[/i]",,,,,,,,"[i]< ... Но у него [b]простой[/b] разум... >[/i]\n\n[i]< Попробуйте использовать [/i][i]свой [c][ffffff]дрон-инструмент[-][/c] [c][00ff00][ F5 ][-][/c], чтобы [c][ffff00]отвлечь его[-][/c].[/i]\n[i][/i][i]— [c][ffffff]Пусть отвернётся[-][/c] от нас...! >[/i]",,,,,,,,
pda_GSmmaSu,[sup]...[/sup],,,,,,,,[sup]...[/sup],,,,,,,,
pda_wGeSqWS,"Manual Turret control\n[i][sup]( [c][00ff00][ P ] [-][/c]Control Panel, [c][00ff00][[ Devices ]][-][/c] tab)[/sup][/i]",,,,,,,,"Ручное управление турелью\n[i][sup](Панель управления [c][00ff00][ P ][-][/c], вкладка [c][00ff00][[ Устройства ]][-][/c])[/sup][/i]",,,,,,,,
pda_WuICmqW,"[i]< Good thing, that your suit can produce [b]endless [/b]of these... ! >[/i]\n\n[i]< ... Turned away, you have a [c][ffffff]short time window[-][/c] to [b]shoot [/b]this sentry - Until it re-discovers you. >[/i]",,,,,,,,"[i]< Хорошо, что ваш костюм может создавать их [b]бесконечно[/b]! >[/i]\n\n[i]< ... Пока он отвёрнут, у вас есть [c][ffffff]короткое окно времени[-][/c], чтобы [b]выстрелить[/b] в этого часового, пока он снова вас не обнаружил. >[/i]",,,,,,,,
pda_CaO8i0m,"- [i](Left side of 'Devices' screen)[/i]\n- Select Weapons in list\n- Click on 'small arrow down', to show all\n- [c][ffff00]Select Artillery turret[-][/c]\n\n - [i](Right upper screen) [/i]Click [c][ffff00]button [-][/c][c][00ff00][[ Access ]][-][/c]",,,,,,,,"- [i](Левая сторона экрана «Устройства»)[/i]\n- Выберите «Оружие» в списке\n- Нажмите на маленькую стрелку вниз, чтобы показать всё\n- [c][ffff00]Выберите артиллерийскую турель[-][/c]\n\n- [i](Вверху справа)[/i] нажмите кнопку [c][ffff00][-][/c][c][00ff00][[ Доступ ]][-][/c]",,,,,,,,
pda_WiWXCe8,[i]< That's it! You are now controlling the Artillery. >[/i]\n[i][/i]\n[i]< [c][ffffff]Zoom [-][/c]with [c][00ff00][Mouse Wheel][-][/c] . >[/i],,,,,,,,[i]< Вот и всё! Теперь вы управляете артиллерией. >[/i]\n\n[i]< [c][ffffff]Масштабирование[-][/c] — колёсиком мыши [c][00ff00][-][/c]. >[/i],,,,,,,,
pda_OuKcKSi,Out of reach,,,,,,,,Вне досягаемости,,,,,,,,
pda_iOOKeO8,[i]< The DroneBase's [b]turrets [/b]could be in reach... ! >[/i]\n\n[i]< - [b][u]If[/u][/b] there would [b]not [/b]be the [c][ffffff]minimal angle[-][/c] of this Artillery ... >[/i],,,,,,,,[i]< Турели базы дронов могут быть в пределах досягаемости...! >[/i]\n\n[i]< — [b][u]Если бы[/u][/b] не [c][ffffff]минимальный угол[-][/c] этой артиллерии... >[/i],,,,,,,,
pda_S8e4Si8,[-],,,,,,,,[-],,,,,,,,
pda_CoGWGqS,--,,,,,,,,--,,,,,,,,
pda_muOaGim,"[i]< But, you can [c][ffffff]change [-][/c]that! >[/i]\n\n[i]< ... You now have [b]all [/b]the tools and knowledge to do so! >[/i]",,,,,,,,[i]< Но вы можете [c][ffffff]изменить[-][/c] это! >[/i]\n\n[i]< ... Теперь у вас есть [b]все[/b] инструменты и знания для этого! >[/i],,,,,,,,
pda_0C0CCWW,Pick up an Artillery Turret,,,,,,,,Подберите артиллерийскую турель,,,,,,,,
pda_0Smu0r6,[c][00ff00][T][-][/c] to switch between Toolbars.\n- Have [c][ffff00]Multitool [-][/c]in hands selected,,,,,,,,[c][00ff00][T][-][/c] — переключение между панелями быстрого доступа.\n- Держите [c][ffff00]мультитул[-][/c] в руках,,,,,,,,
pda_u42QOSS,--,,,,,,,,--,,,,,,,,
pda_SOgJ0iu,[-],,,,,,,,[-],,,,,,,,
pda_uu8mm84,--,,,,,,,,--,,,,,,,,
pda_Ei4BOWq,"[i]< When you are [b]done [/b]here, [/i]\n[i]please open the [c][ffff00]Logistics[-][/c][c][00ff00] [ F4 ][-][/c]. [/i]",,,,,,,,"[i]< Когда [b]закончите[/b] здесь, [/i]\n[i]откройте [c][ffff00]логистику[-][/c] [c][00ff00][ F4 ][-][/c]. >[/i]",,,,,,,,
pda_qGGiaOO,[i]( Base Captured ! )[/i],,,,,,,,[i]( База захвачена! )[/i],,,,,,,,
pda_O4A4a84,"[i]< You can [c][ffff00]switch out your old Multitool[-][/c] with this one. [/i]\n[i][/i]\n[i] A ""[b]Tier 2[/b]"" or ""[c][ffffff]T2[-][/c]"" Tool is a [b]modernized [/b]variant... >[/i]",,,,,,,,[i]< Можете [c][ffff00]заменить свой старый мультитул[-][/c] этим. >[/i]\n\n[i]Инструмент «[b]Уровня 2[/b]» или «[c][ffffff]T2[-][/c]» — это [b]модернизированный[/b] вариант... >[/i],,,,,,,,
pda_JUWaua0,[i]Warning: Threatening drones might be nearby. See Map [M].[/i],,,,,,,,[i]Предупреждение: поблизости могут быть опасные дроны. Смотрите карту [M].[/i],,,,,,,,
pda_Gsim84u,[i]< ... Best done with a [c][ffffff]Sniper[-][/c] ! >[/i]\n[i][/i]\n[i]< ... You can also [c][ffffff]scout POI [-][/c]with it. >[/i],,,,,,,,[i]< ... Лучше всего делать это со [c][ffffff]снайперской винтовкой[-][/c]! >[/i]\n\n[i]< ... Ею также можно [c][ffffff]разведывать точки интереса[-][/c]. >[/i],,,,,,,,
pda_wmYSCCm,...,,,,,,,,...,,,,,,,,
pda_ea0p4ic,---,,,,,,,,---,,,,,,,,
pda_SaCKmaq,[i]< Please [b]open the [/b][c][ffff00]Control Panel[-][/c] [c][00ff00][P][-][/c]  [/i][i].- >[/i]\n\n[i]< ... There is something special with these chambers. >[/i],,,,,,,,"[i]< Пожалуйста, [b]откройте[/b] [c][ffff00]панель управления[-][/c] [c][00ff00][P][-][/c]. >[/i]\n\n[i]< ... У этих камер есть нечто особенное. >[/i]",,,,,,,,
pda_WaS8KwK,--,,,,,,,,--,,,,,,,,
pda_miSAOSO,...[i] success! [/i],,,,,,,,...[i] успех! [/i],,,,,,,,
pda_iOq2CYG,--,,,,,,,,--,,,,,,,,
pda_iSeK0GG,"[i]< That above this building is an [c][ffff00]Artillery [-][/c]piece. - ... A high-tech, high-damage weapon. >[/i]",,,,,,,,[i]< Над этим зданием находится [c][ffff00]артиллерийская[-][/c] установка. — Высокотехнологичное оружие с высоким уроном. >[/i],,,,,,,,
pda_CSJ8W4W,"[i]< Okay! [/i]\n[i]Now, activate your [c][ffff00]Tool Drone[-][/c] [c][00ff00][ F5 ] [-][/c]... >[/i]",,,,,,,,[i]< Хорошо! [/i]\n[i]Теперь активируйте свой [c][ffff00]дрон-инструмент[-][/c] [c][00ff00][ F5 ][-][/c]... >[/i],,,,,,,,
pda_GCSeWSa,"\n- [c][ffff00]Pick up Artillery[-][/c] Block into connected Container\n[sup][i][c][c0c0c0](If inventory full, check at your feet)[-][/c][/i][/sup]",,,,,,,,"\n- [c][ffff00]Подберите артиллерийский[-][/c] блок в подключённый контейнер\n[sup][i][c][c0c0c0](Если инвентарь заполнен, проверьте у себя под ногами.)[/c][/i][-][/c][/sup]",,,,,,,,
pda_Oe0uaKi,"[i]< [c][ffffff]Wonderful ! [-][/c][/i]\n[i]That turret is now[b] in the cargo box[/b] of this Base![/i]\n[i][/i]\n[i]- ... To get it [b]out [/b]of there, and placed at another spot:[/i]\n[i][b]Open [/b][c][ffff00]Logistics [-][/c][c][00ff00][ F4][-][/c] again >[/i]",,,,,,,,[i]< [c][ffffff]Великолепно![-][/c][/i]\n[i]Теперь эта турель находится[b] в грузовом ящике[/b] этой базы![/i]\n[i][/i]\n[i]— ... Чтобы [b]достать[/b] её оттуда и установить в другом месте:[/i]\n[i][b]откройте[/b] [c][ffff00]логистику[-][/c] [c][00ff00][ F4][-][/c] снова. >[/i],,,,,,,,
pda_qmOf0q4,Turret to Toolbar,,,,,,,,Турель на панель быстрого доступа,,,,,,,,
pda_4GeiKWS,Logistics [c][00ff00][ F4 ] [-][/c]:\nPut the Turret into Connected Toolbar\n[i][sup](= into 'yellow' toolbar)[/sup][/i],,,,,,,,Логистика [c][00ff00][ F4 ][-][/c]:\nПоместите турель на подключённую панель быстрого доступа\n[i][sup](= в «жёлтую» панель быстрого доступа)[/sup][/i],,,,,,,,
pda_4g0WOuq,--,,,,,,,,--,,,,,,,,
pda_eeCDPiW,Place an Artillery Turret,,,,,,,,Установите артиллерийскую турель,,,,,,,,
pda_mSeoiOx,"\n\n\n[i][sup][u]Tutorial protection[/u]:[/sup][/i]\n[i][sup][c][c0c0c0]Structural Integrity (""SI"") is disabled on this POI. This allows 'floating blocks'.[-][/c][/sup][/i]",,,,,,,,\n\n\n[i][sup][u]Защита обучения[/u]:[/sup][/i]\n[i][sup][c][c0c0c0]Структурная целостность («SI») отключена на этой точке интереса. Это позволяет блокам «висеть в воздухе».[-][/c][/sup][/i],,,,,,,,
pda_uuaa4eG,--,,,,,,,,--,,,,,,,,
pda_S58KaCm,"[i]< Okay! [c][ffff00]Close Logistics[-][/c], and then, [c][00ff00][T][-][/c], to switch toolbars.[/i]\n[i][c][ffff00]Select it in your toolbar.[-][/c] [/i][i] >[/i]",,,,,,,,"[i]< Хорошо! [c][ffff00]Закройте логистику[-][/c], затем нажмите [c][00ff00][T][-][/c], чтобы переключить панели быстрого доступа.[/i]\n[i][c][ffff00]Выберите турель на своей панели быстрого доступа.[-][/c] >[/i]",,,,,,,,
pda_jAG8JW4,"[i]- (Activate Tool Drone [ [c][00ff00]F5] [-][/c].)[/i]\n- [c][ffff00]Place Turret to the [u]underside[/u][-][/c] of platform, facing head down\n[sup] Switch Toolbars [c][00ff00][T][-][/c][/sup]\n[sup]Keys to rotate:[/sup]\n[sup][c][00ff00][PgUp][-][/c] / [c][00ff00][PgDwn][-][/c] ,[/sup]\n[sup][c][00ff00][Home] [-][/c]/ [c][00ff00][End][-][/c][/sup]",,,,,,,,"[i]— (Активируйте дрон-инструмент [ [c][00ff00]F5] [-][/c].)[/i]\n- [c][ffff00]Установите турель на [u]нижней стороне[/u] платформы[-][/c], направив её вниз\n[sup]Переключение панелей быстрого доступа: [c][00ff00][T][-][/c][/sup]\n[sup]Клавиши поворота:[/sup]\n[sup][c][00ff00][PgUp][-][/c] / [c][00ff00][PgDwn][-][/c],[/sup]\n[sup][c][00ff00][Home] [-][/c] / [c][00ff00][End][-][/c][/sup]",,,,,,,,
pda_4S8ai0q,- Select Turret block in the Connected Toolbar,,,,,,,,- Выберите блок турели на подключённой панели быстрого доступа,,,,,,,,
pda_oqWQeWD,--,,,,,,,,--,,,,,,,,
pda_qSaAK42,"[i]< Now... The ""upper"" platform did not work for aiming the turret ...[/i]\n\n[i]< [c][ffff00]Place the Artillery on the platform's [u]underside[/u][-][/c] - [/i][c][ffffff][i]head down[/i][-][/c][i].[/i]\n[i]- With its clamps near to the cross markings. >[/i]",,,,,,,,"[i]< Итак... «верхняя» платформа не позволяла нормально наводить турель...[/i]\n\n[i]< [c][ffff00]Установите артиллерию на [u]нижнюю сторону[/u] платформы[-][/c], [/i][c][ffffff][i]стволом вниз[/i][-][/c][i].[/i]\n[i]— Её крепления должны быть возле отметок в виде креста. >[/i]",,,,,,,,
pda_sK0uCCO,[i]( Then close Logistics )[/i],,,,,,,,[i]( Затем закройте логистику )[/i],,,,,,,,
pda_mSS4CS8,--,,,,,,,,--,,,,,,,,
pda_48WqOXW,"[i]< Okay! [/i]\n[i]Let's [b]test this[/b], if it is better. >[/i]\n[i][c][ffff00][-][/c][/i]\n[i]< [c][ffff00]Access the turret[-][/c] again. >[/i]",,,,,,,,"[i]< Хорошо! [/i]\n[i]Давайте [b]проверим[/b], стало ли лучше. >[/i]\n[i][c][ffff00][-][/c][/i]\n[i]< Снова [c][ffff00]получите доступ к турели[-][/c]. >[/i]",,,,,,,,
pda_WmGqK4I,Taking another shot at it,,,,,,,,Попробуем ещё раз,,,,,,,,
pda_Cef4OqW,\n- Open Control Panel[c][00ff00] [ P ] [-][/c]\n- Switch to [c][00ff00][[ Devices ]][-][/c] tab,,,,,,,,\n- Откройте панель управления [c][00ff00][ P ][-][/c]\n- Переключитесь на вкладку [c][00ff00][[ Устройства ]][-][/c],,,,,,,,
pda_Cm40mGq,"[i]< ... As you did before: [/i]\n[i][/i]\n[i][c][ffff00]Select turret[-][/c], [/i]\n[i]... Press the [[ [c][ffff00]Access [-][/c]]] button. >[/i]",,,,,,,,"[i]< ... Как и раньше: [/i]\n[i][/i]\n[i][c][ffff00]Выберите турель[/c], [/i]\n[i]... Нажмите кнопку [[ [c][ffff00]Доступ[-][/c] ]]. >[/i]",,,,,,,,
pda_mKKWk4q,- Press [c][00ff00][[Access ]][-][/c] button for manual control,,,,,,,,- Нажмите кнопку [c][00ff00][[Доступ]][-][/c] для ручного управления,,,,,,,,
pda_SuS6U48,--,,,,,,,,--,,,,,,,,
pda_ee0GfKe,"\n3- Aim & [c][ffff00]shoot at Dronebase[-][/c] to destroy an enemy turret\n\n\n\n\n[c][c0c0c0][i][sup][b]If you cannot get a good angle,[/b] try re-placing the block, as you did before.[/sup][/i][-][/c]\n[c][c0c0c0][i][sup]>> ""Retrieve blocks"" mode with Multitool [RMB], Logistics [ F4 ] to put into yellow toolbar, switch Toolbars [T], rotate block with [Home]/[End], [PgUp]/[PgDwn][/sup][/i][-][/c]",,,,,,,,"\n3 — Наведитесь и [c][ffff00]стреляйте по базе дронов[-][/c], чтобы уничтожить вражескую турель\n\n\n\n\n[c][c0c0c0][i][sup][b]Если не получается найти удачный угол,[/b] попробуйте переставить блок, как делали раньше.[/sup][/i][-][/c]\n[c][c0c0c0][i][sup]>> Режим мультитула «Извлечение блоков» [ПКМ], логистика [ F4 ], чтобы поместить блок на жёлтую панель, переключение панелей [T], поворот блока клавишами [Home]/[End], [PgUp]/[PgDwn].[/sup][/i][-][/c]",,,,,,,,
pda_OGm6iiG,--,,,,,,,,--,,,,,,,,
pda_icuWi04,"[i]< Now, try again to get a good aim.[/i]\n[i][c][ffff00]Shoot [-][/c]one of the[c][ffff00] Dronebase's defense turrets[-][/c]. >[/i]\n[i][/i]\n[i]< The base is hardly maintained[/i]\n[i]... Those turrets should go down fast. >[/i]",,,,,,,,"[i]< Теперь снова попробуйте хорошо прицелиться.[/i]\n[i][c][ffff00]Выстрелите[-][/c] в одну из [c][ffff00]защитных турелей базы дронов[-][/c]. >[/i]\n\n[i]< Базу почти не обслуживают,[/i]\n[i]... эти турели должны быстро выйти из строя. >[/i]",,,,,,,,
pda_W4quGOC,"[i]< It really [b]worked [/b]!! [/i]\n[i]... You are so [c][ffffff]awesome [-][/c]... ! ... !>[/i]\n[i][/i]\n[i]< Now, all the [c][ffff00]others, too[-][/c] [c][ffff00]![-][/c] - Then we can get close ! >[/i]",,,,,,,,[i]< Это действительно [b]сработало[/b]!! [/i]\n[i]... Вы просто [c][ffffff]потрясающие[-][/c]...! ...! >[/i]\n\n[i]< Теперь уничтожьте [c][ffff00]все остальные[-][/c] [c][ffff00]![-][/c] — тогда мы сможем подойти ближе! >[/i],,,,,,,,
pda_qGemiAi,--,,,,,,,,--,,,,,,,,
pda_C4ZSquu,--,,,,,,,,--,,,,,,,,
pda_8SXpCKw,--,,,,,,,,--,,,,,,,,
pda_4maoaai,--,,,,,,,,--,,,,,,,,
pda_4KMuSCu,--,,,,,,,,--,,,,,,,,
pda_Camm8Ga,--,,,,,,,,--,,,,,,,,
pda_8eKuim4,"[i]< Okay! [/i]\n\n[i]- [c][ffff00]Place this box on your[-][/c] [c][ffff00]Farm[-][/c], somewhere safe. [/i]\n[i]It is very vulnerable. >[/i]",,,,,,,,[i]< Хорошо! [/i]\n\n[i]— [c][ffff00]Установите этот ящик на своей[-][/c] [c][ffff00]ферме[-][/c] в безопасном месте. [/i]\n[i]Он очень уязвим. >[/i],,,,,,,,
pda_eC00OGi,...,,,,,,,,...,,,,,,,,
pda_SiK4Rau,...,,,,,,,,...,,,,,,,,
pda_OaummQE,--,,,,,,,,--,,,,,,,,
pda_8KCOiW0,"[i]< With your [b]Hover Vessel[/b], the [c][ffffff]northern island is now in reach[-][/c]. >[/i]\n\n[i]< - - Both the [c][ffffff]exit Spaceship[-][/c], and the [b]Dronebase [/b]seem to be located there. >[/i]\n\n[i]< ... Are you ready for some [c][ffff00]travel[-][/c] ... ? [/i][i]>[/i]",,,,,,,,"[i]< На вашем [b]ховерном судне[/b] теперь можно добраться до [c][ffffff]северного острова[-][/c]. >[/i]\n\n[i]< — И [c][ffffff]корабль для побега[-][/c], и [b]база дронов[/b], похоже, находятся там. >[/i]\n\n[i]< ... Готовы немного [c][ffff00]попутешествовать[-][/c]...? >[/i]",,,,,,,,
pda_8P0C8au,[i]< I think I got something. >[/i]\n[i][/i]\n[i]<  ... There's another of these [c][ffff00]buried[-][/c] [c][ffff00]containers[-][/c] nearby. >[/i],,,,,,,,"[i]< Кажется, я кое-что нашёл. >[/i]\n[i][/i]\n[i]< ... Рядом есть ещё один из этих [c][ffff00]зарытых[-][/c] [c][ffff00]контейнеров[-][/c]. >[/i]",,,,,,,,
pda_eGe0C0u,...,,,,,,,,...,,,,,,,,
pda_aqGqqWK,--,,,,,,,,--,,,,,,,,
pda_im0WUKF,[i]< Put it [c][ffff00]into your yellow 'connected' Toolbar.[-][/c] >[/i]\n[i][/i]\n[i]< ... It will be still in the box. - But you can place it like it would be in your Toolbar. >[/i],,,,,,,,"[i]< Поместите его [c][ffff00]на свою жёлтую «подключённую» панель быстрого доступа.[-][/c] >[/i]\n[i][/i]\n[i]< ... Он всё ещё будет в ящике, но вы сможете установить его так, будто он находится на вашей панели быстрого доступа. >[/i]",,,,,,,,
pda_eC8CSSG,"[c][ffff00]Connect to this Base container[-][/c], \nby [c][ffffff]pressing the 'wireless' [-][/c] button.\n\n(Afterwards, [b]close [/b]Logistics, and[c][ffffff] exit turret[-][/c] view with [c][00ff00][ F ][-][/c].)",,,,,,,,"[c][ffff00]Подключитесь к контейнеру этой базы[-][/c], \nнажав [c][ffffff]кнопку «Беспроводная сеть»[-][/c].\n\n(После этого [b]закройте[/b] логистику и [c][ffffff]выйдите из режима обзора турели[-][/c] клавишей [c][00ff00][ F ][-][/c].)",,,,,,,,
pda_4mWiTue,...,,,,,,,,...,,,,,,,,
pda_CO8Oe8m,--,,,,,,,,--,,,,,,,,
pda_8wKO9ii,"[i]< Select the  [/i][c][ffff00][[ Main ]][-][/c][i] tab, please. >[/i]",,,,,,,,"[i]< Пожалуйста, выберите вкладку [/i][c][ffff00][[ Главное ]][-][/c][i]. >[/i]",,,,,,,,
pda_8GeiC4k,...,,,,,,,,...,,,,,,,,
pda_uOW44uu,...,,,,,,,,...,,,,,,,,
pda_CaicseK,--,,,,,,,,--,,,,,,,,
pda_e2Su40q,Hover Vessel Building,,,,,,,,Строительство ховерного судна,,,,,,,,
pda_CgSqo84,...,,,,,,,,...,,,,,,,,
pda_emiGuKa,--,,,,,,,,--,,,,,,,,
pda_KaaiWOi,"[i]< [c][ffffff]A  farm system.[-][/c] >[/i]\n\n[i]< Full of crops, ready to [c][ffff00]pick[-][/c]. >[/i]",,,,,,,,"[i]< [c][ffffff]Фермерская система.[-][/c] >[/i]\n\n[i]< Полна урожая, готового к [c][ffff00]сбору[-][/c]. >[/i]",,,,,,,,
pda_Km0qaG4,((Marker for Art Toolbox)),,,,,,,,((Маркер для артиллерийского ящика с инструментами)),,,,,,,,
pda_Ce04GDS,--,,,,,,,,--,,,,,,,,
pda_e8makme,"_________ [i](Nest, other)[/i]",,,,,,,,"_________ [i](Гнездо, другое)[/i]",,,,,,,,
pda_uWK8KWK,--,,,,,,,,--,,,,,,,,
pda_gYiCeKG,--,,,,,,,,--,,,,,,,,
pda_4qASCiS,--,,,,,,,,--,,,,,,,,
pda_0SWGaCG,...,,,,,,,,...,,,,,,,,
pda_e8Oiau4,--,,,,,,,,--,,,,,,,,
pda_iKaOYq4,"[c][ffffff][ Console ][-][/c] :    [i]"" Main Power lever unlocked. ""[/i]",,,,,,,,[c][ffffff][ Консоль ][-][/c] : [i]« Главный рычаг питания разблокирован. »[/i],,,,,,,,
pda_uiqi0SK,...,,,,,,,,...,,,,,,,,
pda_PSaWuma,"[c][ffffff][ Console ][-][/c] :   [i]"" Tuning to subspace grid. - - 17300 stations reporting.""[/i]\n[i][/i]\n[i]                       ""[b] Fuel-based [/b]power insufficient. [/i][i][b]Solar capacitor[/b] drained. ""[/i]\n[i][/i]\n[i]                       "" Systems in Comm reach...: One. ""[/i]",,,,,,,,[c][ffffff][ Консоль ][-][/c] : [i]« Настройка на подпространственную сеть. — Отчёт поступает от 17 300 станций. »[/i]\n[i][/i]\n[i]« Питания на [b]топливе[/b] недостаточно. [/i][i][b]Солнечный конденсатор[/b] разряжен. »[/i]\n[i][/i]\n[i]« Систем в пределах связи: одна. »[/i],,,,,,,,
pda_5q8GCeK,[i]< Hm. [/i]\n[i]... Seems to have been [b]taken offline [/b]...? >[/i]\n\n[i]< ... Need to [c][ffff00]power on[-][/c] that console again. [/i]\n[i]Try those levers. >[/i],,,,,,,,"[i]< Хм. [/i]\n[i]... Похоже, она была [b]отключена[/b]...? >[/i]\n\n[i]< ... Нужно снова [c][ffff00]включить питание[-][/c] той консоли. [/i]\n[i]Попробуйте эти рычаги. >[/i]",,,,,,,,
pda_XW0aw0K,Access the Console,,,,,,,,Получите доступ к консоли,,,,,,,,
pda_iCKe4KK,--,,,,,,,,--,,,,,,,,
pda_qOe0Kam,[c][0080ff]Mrk[-][/c] - Vessel [c][ffffff]yard [-][/c]loc [i][c][ff8000] (OnOffByT: UsedConsole) (OffbyT: PDA)[-][/c][/i],,,,,,,,[c][0080ff]Mrk[-][/c] — расположение [c][ffffff]верфи[-][/c] судна [i][c][ff8000] (OnOffByT: UsedConsole) (OffbyT: PDA)[-][/c][/i],,,,,,,,
pda_WGiPOGM,...,,,,,,,,...,,,,,,,,
pda_UO4GuiS,...,,,,,,,,...,,,,,,,,
pda_84C84W0,--,,,,,,,,--,,,,,,,,
pda_sSOWG48,"[i]< Yes !! - - That is [b]'best case[/b]' loot ...! >[/i]\n\n[i]< [/i][i]Once you are done, [c][ffff00]close the drone[-][/c] with [c][00ff00][ F5 ][-][/c] ! >[/i]",,,,,,,,"[i]< Да!! Это [b]лучшее из возможного[/b] добыча...! >[/i]\n\n[i]< [/i][i]Когда закончите, [c][ffff00]закройте дрон[-][/c] клавишей [c][00ff00][ F5 ][-][/c]! >[/i]",,,,,,,,
pda_W8eqsK8,- Activate [c][ffff00]Tool Drone[-][/c] [c][00ff00][ F5 ][-][/c]\n[i][sup][c][c0c0c0]( Have a [c][ffffff]high ceiling[-][/c] to spawn Dron[-][/c][c][c0c0c0]e.[-][/c][/sup][/i],,,,,,,,- Активируйте [c][ffff00]дрон-инструмент[-][/c] [c][00ff00][ F5 ][-][/c]\n[i][sup][c][c0c0c0](Для появления дрона нужен [c][ffffff]высокий потолок[-][/c].)[/sup][/i][-][/c],,,,,,,,
pda_CuS8m0q,---,,,,,,,,---,,,,,,,,
pda_TBqieiu,"[i]< With this Drone, you can [c][ffff00]drill the copper[-][/c], down there. [/i][i]>[/i]",,,,,,,,[i]< С этим дроном вы можете [c][ffff00]бурить медь[-][/c] внизу. >[/i],,,,,,,,
pda_SGOGW8G,"[i]< That leaves us with a [b]Base[/b], ready to be [c][ffffff]claimed[-][/c]... >[/i]\n\n[i]< ... There is an emergency [c][ffffff]Core [-][/c]in that[c][ffff00] Cargo Palette[-][/c] nearby. - [b]Get it. [/b]>[/i]",,,,,,,,"[i]< Остаётся база, готовая к [c][ffffff]захвату[-][/c]... >[/i]\n\n[i]< ... В той ближайшей [c][ffff00]грузовой паллете[-][/c] есть аварийное [c][ffffff]ядро[-][/c]. — [b]Возьмите его.[/b] >[/i]",,,,,,,,
pda_4GQ08K4,...,,,,,,,,...,,,,,,,,
pda_qeeOd0a,---,,,,,,,,---,,,,,,,,
pda_miTG4OC,[i]< Please switch [c][ffff00]back to the [[Main ]] tab[-][/c]. [/i]\n[i]- There are the power stats... >[/i],,,,,,,,"[i]< Пожалуйста, переключитесь [c][ffff00]обратно на вкладку [[Главное]][-][/c]. [/i]\n[i]— Там находится статистика питания... >[/i]",,,,,,,,
pda_8Cik5ei,New blocks for your Farm!,,,,,,,,Новые блоки для вашей фермы!,,,,,,,,
pda_meWcvwa,...,,,,,,,,...,,,,,,,,
pda_Oi488e4,--,,,,,,,,--,,,,,,,,
pda_G4G4iWu,"[i]< You got new blocks! >[/i]\n\n[i]< To handle those large ones: \nAccess [c][ffff00]Logistics [-][/c][/i][c][00ff00][ F4 ][-][/c][i] , and [c][ffff00]drag them into the yellow[-][/c] (connected) [c][ffff00]toolbar[-][/c]. \nThen [b]place [/b]as usual. >[/i]",,,,,,,,[i]< Вы получили новые блоки! >[/i]\n\n[i]< Чтобы работать с крупными блоками:\nоткройте [c][ffff00]логистику[-][/c] [/i][c][00ff00][ F4 ][-][/c][i] и [c][ffff00]перетащите их на жёлтую[-][/c] (подключённую) [c][ffff00]панель быстрого доступа[-][/c].\nЗатем [b]размещайте[/b] как обычно. >[/i],,,,,,,,
pda_SKi0mmK,"[i](( [c][ffffff]System message[-][/c] from ""Farm"" : [/i]\n[i][/i]\n[i]Your [c][ffffff][c][ff8000]Base is under attack[-][/c][-][/c]! ))[/i]",,,,,,,,[i](( [c][ffffff]Системное сообщение[-][/c] от «Фермы»: [/i]\n[i][/i]\n[i]Ваша [c][ffffff][c][ff8000]база атакована[-][/c][-][/c]! ))[/i],,,,,,,,
pda_SsSi4K2,[i]< ... ? >[/i],,,,,,,,[i]< ...? >[/i],,,,,,,,
pda_WGO4wKG,...,,,,,,,,...,,,,,,,,
pda_Uue4SKe,--,,,,,,,,--,,,,,,,,
pda_iO4Gi8W,"[i]< That's a [b]Zirax Robot[/b][/i][i].- Left here, to greet potential rescuers. >[/i]\n\n[i]< It [b]won't[/b] negotiate, ... and I ... - cannot seem reach it ?![/i]\n- [i][c][ffff00]Just shoot it[-][/c] back. >[/i]",,,,,,,,"[i]< Это [b]робот зираксов[/b][/i][i]. Его оставили здесь, чтобы приветствовать возможных спасателей. >[/i]\n\n[i]< Он [b]не будет[/b] вести переговоры, а я... похоже, не могу до него достучаться?![/i]\n[i]— Просто [c][ffff00]выстрелите в него[-][/c] в ответ. >[/i]",,,,,,,,
pda_i4Kqeq4,Possible Shelter?,,,,,,,,Возможное убежище?,,,,,,,,
pda_iUe2q8q,Check the Farm,,,,,,,,Проверьте ферму,,,,,,,,
pda_048W7qu,---,,,,,,,,---,,,,,,,,
pda_GCaOOia,"[i]< Over there, this was once a [c][ffff00]Farm[-][/c] ...? >[/i]\n\n[i]< Maybe it could be a good [b]shelter [/b]-[/i]\n[i] ... Or a place to [c][ffffff]drop off[-][/c] some things you carry. >[/i]",,,,,,,,"[i]< Вон там когда-то была [c][ffff00]ферма[-][/c]...? >[/i]\n\n[i]< Может, она станет хорошим [b]убежищем[/b] —[/i]\n[i]... или местом, где можно [c][ffffff]оставить[-][/c] часть вещей, которые вы несёте. >[/i]",,,,,,,,
pda_Gq8WuiS,[i]< This [c][ffffff]Ammo Controller[-][/c] has a huge volume... >[/i]\n\n[i]< ... It teleports those [b]shells [/b]directly to the Artillery turret. >[/i],,,,,,,,[i]< Этот [c][ffffff]контроллер боеприпасов[-][/c] имеет огромный объём... >[/i]\n\n[i]< ... Он телепортирует [b]снаряды[/b] прямо к артиллерийской турели. >[/i],,,,,,,,
pda_dm0iCce,"[i]< Place on a [c][ffffff]Small Grid[-][/c] only. [/i]\n[i]And, you need to [b]own [/b]the structure. >[/i]\n\n[i]< ... [/i][c][00ff00][RMB][-][/c] [i]to select [b]styles[/b]. >[/i]",,,,,,,,[i]< Устанавливайте только на [c][ffffff]малую сетку[-][/c]. [/i]\n[i]И конструкция должна вам [b]принадлежать[/b]. >[/i]\n\n[i]< ... [/i][c][00ff00][ПКМ][-][/c] [i]— чтобы выбрать [b]стиль[/b]. >[/i],,,,,,,,
pda_Uuqqie4,"[i]< With the hologram visible... if you then [/i][c][ffff00]hold [-][/c][c][ffffff][c][00ff00][Shift][-][/c][-][/c][i] , or [/i][c][00ff00][Cntrl] [-][/c][i]: [/i]\n[i]Allows to [c][ffffff]draw lines[-][/c], or to create [c][ffffff]planes[-][/c]. > [/i]",,,,,,,,"[i]< Когда голограмма видна, удерживайте [/i][c][ffff00][-][/c][c][ffffff][c][00ff00][Shift][-][/c][-][/c][i] или [/i][c][00ff00][Cntrl][-][/c][i]:[/i]\n[i]это позволит [c][ffffff]рисовать линии[-][/c] или создавать [c][ffffff]плоскости[-][/c]. >[/i]",,,,,,,,
pda_Ci4G4qq,[i]<  With this [b]Multitool [/b]you hold ... - >[/i]\n\n[i]< ... Detecting a [c][ffffff]place full of Growing Plots[-][/c]. [/i]\n[i]Check your [c][ffff00]Markers[-][/c]. >[/i],,,,,,,,"[i]< С этим [b]мультитулом[/b] у вас в руках... >[/i]\n\n[i]< ... Обнаружено место, полное [c][ffffff]грядок[-][/c]. [/i]\n[i]Проверьте свои [c][ffff00]маркеры[-][/c]. >[/i]",,,,,,,,
pda_SemKKC4,...,,,,,,,,...,,,,,,,,
pda_aGqaOWa,--,,,,,,,,--,,,,,,,,
pda_hSWi8wC,"[i]< Good! - [/i][i]This will now do its thing. [/i]\n[i]A [b]life saver [/b]on barren worlds... >[/i]\n\n[i]< Its water bottles can be crafted into oxygen later, or are good for cooking. >[/i]",,,,,,,,[i]< Хорошо! Теперь оно будет работать само. [/i]\n[i]Настоящее [b]спасение[/b] на бесплодных мирах... >[/i]\n\n[i]< Его бутылки с водой позже можно перерабатывать в кислород или использовать в готовке. >[/i],,,,,,,,
pda_mimeUEW,\n- Activate [c][ffff00]Tool Drone[-][/c] [c][00ff00][ F5 ][-][/c]\n[sub][c][000040].[-][/c][/sub],,,,,,,,\n- Активируйте [c][ffff00]дрон-инструмент[-][/c] [c][00ff00][ F5 ][-][/c]\n[sub][c][000040].[-][/c][/sub],,,,,,,,
pda_uSCS8SK,--,,,,,,,,--,,,,,,,,
pda_KS8iSm0,"[i]< Select your [c][ffffff]Multitool[-][/c]. Use [c][ffffff]""[c][ffff00]Retrieve Blocks""[-][/c][-][/c] mode. >[/i]\n\n[i]< Fly with your Drone to the [c][ffff00]Artillery[-][/c], and [c][ffff00]pick it up[-][/c] with the Multitool. >[/i]",,,,,,,,[i]< Выберите [c][ffffff]мультитул[-][/c]. Используйте режим «[c][ffff00]Извлечение блоков[-][/c]». >[/i]\n\n[i]< Подлетите дроном к [c][ffff00]артиллерии[-][/c] и [c][ffff00]подберите её[-][/c] мультитулом. >[/i],,,,,,,,
pda_KDW0CuG,ItmPck - TutProtect - Broke Artillery [i][c][ff8000](OnByT & OffByT: ArtilleryBase)[-][/c][/i],,,,,,,,ItmPck — защита обучения — сломанная артиллерия [i][c][ff8000](OnByT & OffByT: ArtilleryBase)[-][/c][/i],,,,,,,,
pda_KeuaSWK,Turret lost!,,,,,,,,Турель потеряна!,,,,,,,,
pda_8GKSmmf,- Close Drone view [c][00ff00][ F5 ][-][/c]\n- Pick up box at your feet with [c][00ff00][ F ][-][/c],,,,,,,,- Закройте обзор дрона [c][00ff00][ F5 ][-][/c]\n- Подберите ящик у ног клавишей [c][00ff00][ F ][-][/c],,,,,,,,
pda_SG6muSi,--,,,,,,,,--,,,,,,,,
pda_aq44Wiu,...,,,,,,,,...,,,,,,,,
pda_0a04uKM,---,,,,,,,,---,,,,,,,,
pda_i0qOiaK,"[i]< For [c][ffffff]symmetry [-][/c]placement, use the [c][ffff00]Building helper menu[-][/c][/i] [c][00ff00][N][-][/c][i][c][00ff00][-][/c]. >[/i]",,,,,,,,[i]< Для симметричного размещения используйте [c][ffff00]меню помощника строительства[-][/c] [/i][c][00ff00][N][-][/c][i]. >[/i],,,,,,,,
pda_WUSe8ke,"[i]< Such 'single' blocks, you can rotate even [b]after [/b]placement.[/i]\n[i]... Use your [c][ffff00]Multitool[-][/c],[/i] [c][00ff00][RMB][-][/c][i],  '[b]Rotate and Tint'[/b] mode. >[/i]",,,,,,,,"[i]< Такие «одиночные» блоки можно поворачивать даже [b]после[/b] размещения.[/i]\n[i]... Используйте [c][ffff00]мультитул[-][/c], [/i][c][00ff00][ПКМ][-][/c][i], режим «[b]Поворот и окрашивание[/b]». >[/i]",,,,,,,,
pda_g4aOSIC,nPOI - Building helper menu N   PLACEHOLDER,,,,,,,,nPOI — меню помощника строительства N — ЗАГЛУШКА,,,,,,,,
pda_0aKuOei,New Task,,,,,,,,Новое задание,,,,,,,,
pda_mcCCiWO,New Action,,,,,,,,Новое действие,,,,,,,,
pda_Ma0sCq0,--,,,,,,,,--,,,,,,,,
pda_0Z8EmeA,[u]Building helper menu[/u]:\n\n[c][ffffff]Symmetry [-][/c]placement:                                                      \n\n- [c][ffffff]Choose a symmetry plane[-][/c] orientation: Click checkbox\n- [c][ffffff]Plane position[-][/c]: Click at vessel block edge (or center)   \n- Then build with blocks.,,,,,,,,[u]Меню помощника строительства[/u]:\n\n[c][ffffff]Симметричное[-][/c] размещение:\n\n- [c][ffffff]Выберите ориентацию плоскости симметрии[-][/c]: нажмите флажок\n- [c][ffffff]Положение плоскости[-][/c]: нажмите на край блока судна (или центр)\n- Затем стройте из блоков.,,,,,,,,
pda_eamSC8i,[c][ffff00]Travel to northern Island[-][/c],,,,,,,,[c][ffff00]Отправляйтесь на северный остров[-][/c],,,,,,,,
pda_CS88qmu,...,,,,,,,,...,,,,,,,,
pda_We0WWC4,--,,,,,,,,--,,,,,,,,
pda_iu88C4K,...,,,,,,,,...,,,,,,,,
pda_KiKG4mC,--,,,,,,,,--,,,,,,,,
pda_umOeKi2,[i]< Select the[/i] [c][00ff00][[ CPU Statistics ]][-][/c] [i]tab >[/i],,,,,,,,[i]< Выберите вкладку [/i][c][00ff00][[ Статистика ЦП ]][-][/c][i]. >[/i],,,,,,,,
pda_uO8W8mO,"\n\n\n---\n[c][c0c0c0][sup]To place a large block:[/sup][-][/c]\n[c][c0c0c0][sup]- [ F4 ],  Connect to container\n- Draw into yellow toolbar\n- Toggle Toolbar with [T]\n- Select & place with [LMB][/sup][-][/c]\n---\n[sup]Rotate:  [c][00ff00][HOME][-][/c] , [c][00ff00][END][-][/c]\n     Axis:  [c][00ff00][INS] [-][/c], [c][00ff00][DEL][-][/c][/sup]",,,,,,,,"...\n\n\n---\n[c][c0c0c0][sup]Чтобы установить крупный блок:[/sup][-][/c]\n[c][c0c0c0][sup]- [ F4 ], подключитесь к контейнеру\n- Перетащите на жёлтую панель быстрого доступа\n- Переключите панель клавишей [T]\n- Выберите и установите [ЛКМ][/sup][-][/c]\n---\n[sup]Поворот: [c][00ff00][HOME][-][/c], [c][00ff00][END][-][/c]\nОсь: [c][00ff00][INS][-][/c], [c][00ff00][DEL][-][/c][/sup]",,,,,,,,
pda_8lWOJOa,--,,,,,,,,--,,,,,,,,
pda_C8iSuiO,"---- Keys ----\n\n[c][ffffff]Split[-][/c]:    [c][00ff00][RMB][-][/c] on wood log stack\n[c][ffffff][-][/c]\n[c][ffffff]Craft bulk[-][/c]:    [c][00ff00][Shift] +[-][/c] [c][00ff00][LMB][-][/c] , on Biofuel Template picture",,,,,,,,---- Клавиши ----\n\n[c][ffffff]Разделить[-][/c]: [c][00ff00][ПКМ][-][/c] по стопке брёвен\n[c][ffffff][-][/c]\n[c][ffffff]Создать много[-][/c]: [c][00ff00][Shift] +[-][/c] [c][00ff00][ЛКМ][-][/c] по значку шаблона биотоплива,,,,,,,,
pda_GKCOm8K,"[i]< This thing is so [c][ff8000]important [-][/c]...[/i]\n[i]- Please, [c][ffffff]carry it [-][/c]all the time. >[/i]",,,,,,,,"[i]< Эта вещь настолько [c][ff8000]важна[-][/c]...[/i]\n[i]— Пожалуйста, [c][ffffff]носите её[-][/c] всегда с собой. >[/i]",,,,,,,,
pda_CSumiuq,- Activate Turrets with [c][00ff00][[>Turrets & Weapons ]][-][/c] slider,,,,,,,,- Включите турели ползунком [c][00ff00][[>Турели и оружие]][-][/c],,,,,,,,
pda_i8mO4ei,---,,,,,,,,---,,,,,,,,
pda_KG0uimS,"[i]Below, in the [/i]\n[i]same column:[/i]\n\n""[c][ffffff]AMMUNITION[-][/c]"": \n\n[c][ffff00]Press[-][/c] [c][00ff00][[ Fill All ]][-][/c]\nbutton.             \n\n-- \n( [b]Close [/b]window,\nwhen done. )",,,,,,,,"[i]Ниже, в том же столбце:[/i]\n\n«[c][ffffff]БОЕПРИПАСЫ[-][/c]»:\n\n[c][ffff00]Нажмите[-][/c] кнопку [c][00ff00][[ Заполнить всё ]][-][/c].\n\n--\n( [b]Закройте[/b] окно,\nкогда закончите. )",,,,,,,,
pda_WeK0KKW,...,,,,,,,,...,,,,,,,,
pda_MCKqCKO,--,,,,,,,,--,,,,,,,,
pda_GqWO0Wa,"\n\n\n\nAbove:\n'GENERAL' column:\n\n[c][ffffff]1- Activate [-][/c]the Turrets \nwith the [c][ffff00]slider[-][/c] :\n[c][ffff00][[>Turrets & Weapons]] [-][/c]\n          \n                [sup]<< behind, here[/sup]\n\n\n\n\n\n\n[c][ffffff]2-[-][/c] Below that column, \n""AMMUNITION"": \n\n\n                [sup]<< behind, here[/sup]\n\n\nPress [c][ffff00][[ Fill All ]][-][/c]\n\n-- \n( [b]Close [/b]window,\nwhen done. )",,,,,,,,"\n\n\n\nСверху:\nстолбец «ОБЩЕЕ»:\n\n[c][ffffff]1 — Включите[-][/c] турели\nползунком:\n[c][ffff00][[>Турели и оружие]][-][/c]\n\n[sup]<< здесь, позади[/sup]\n\n\n\n\n\n\n[c][ffffff]2 —[/c] Ниже того же столбца,\n«БОЕПРИПАСЫ»:\n\n\n[sup]<< здесь, позади[/sup]\n\n\nНажмите [c][ffff00][[ Заполнить всё ]][-][/c]\n\n--\n( [b]Закройте[/b] окно,\nкогда закончите. )",,,,,,,,
pda_G4OuWeS,[i]< This should keep this Base [b]safe[/b]... - [/i]\n[i]- A bit. >[/i],,,,,,,,[i]< Это должно сделать базу немного [b]безопаснее[/b]... >[/i],,,,,,,,
pda_OqemiqS,Towards new shores!,,,,,,,,Навстречу новым берегам!,,,,,,,,
pda_0iuWOaA,Hover height:\n[c][00ff00][Space][-][/c] / [c][00ff00][ C ][-][/c]\nMain Power: [c][00ff00][Z] [-][/c](Y)[c][ff80ff][-][/c],,,,,,,,Высота ховера:\n[c][00ff00][Space][-][/c] / [c][00ff00][ C ][-][/c]\nГлавное питание: [c][00ff00][Z][-][/c](Y)[c][ff80ff][-][/c],,,,,,,,
pda_OCWqieW,[i]< Check that [c][ffffff][b]box over there. [/b][-][/c][/i]\n\n[i]... Detecting a spare Core- >[/i],,,,,,,,[i]< Проверьте [c][ffffff][b]тот ящик вон там.[/b][-][/c][/i]\n\n[i]< ... Обнаружено запасное ядро... >[/i],,,,,,,,
pda_8WeW8KW,< The [b][c][ffffff]Core[-][/c][/b].  - … It [c][ffffff]means [c][ff8000]Ownership[-][/c][-][/c]. And [b]responsibility[/b]. >\n< ... >\n\n< ... Put it into your [c][ffff00]toolbar[-][/c]. >,,,,,,,,< [b][c][ffffff]Ядро[-][/c][/b]. — ... Оно означает [c][ffffff][c][ff8000]владение[-][/c][-][/c]. И [b]ответственность[/b]. >\n< ... >\n\n< ... Поместите его на [c][ffff00]панель быстрого доступа[-][/c]. >,,,,,,,,
pda_WvWOeOu,[i]< ... This seems to be a case for the [/i][i][b]Survival Tool's [/b][/i][i][c][ffff00]Defense Mode[-][/c][/i].- - [i]Press [c][00ff00][RMB] [-][/c]to select. >[/i],,,,,,,,"[i]< ... Похоже, здесь нужен [b]режим защиты[/b] [i]инструмента выживания[/i]. — Нажмите [c][00ff00][ПКМ][-][/c], чтобы выбрать его. >[/i]",,,,,,,,
pda_qCumu88,[i]< Interesting... >[/i],,,,,,,,[i]< Интересно... >[/i],,,,,,,,
pda_MuaOCaq,"[i]< Maybe keep it a bit [b]running[/b]. [/i]\n[i]Oxygen, in Spaceflight, is life ...? >[/i]",,,,,,,,"[i]< Может, стоит немного поддерживать его [b]в рабочем состоянии[/b]. [/i]\n[i]Кислород в космическом полёте — это жизнь...? >[/i]",,,,,,,,
pda_8OKWC4u,"[i]< A [c][ffffff]Starter Block[-][/c]. >[/i]\n\n[i]< To use, put it [c][ffff00]into your toolbar.[-][/c] >[/i]",,,,,,,,"[i]< [c][ffffff]Стартовый блок[-][/c]. >[/i]\n\n[i]< Чтобы использовать его, поместите [c][ffff00]на панель быстрого доступа[-][/c]. >[/i]",,,,,,,,
pda_waemeK8,Tb_sel - on - Place BA starter,,,,,,,,Tb_sel — вкл. — разместить стартовый блок базы,,,,,,,,
pda_qZEu44Y,"[i]< Select it, and place it directly [c][ffff00]on the ground[-][/c]. >[/i]",,,,,,,,[i]< Выберите его и установите прямо [c][ffff00]на землю[-][/c]. >[/i],,,,,,,,
pda_8WaeKhm,...,,,,,,,,...,,,,,,,,
pda_G0fWKqr,...,,,,,,,,...,,,,,,,,
pda_O8GeiOi,--,,,,,,,,--,,,,,,,,
pda_Oui9uGQ,"[i]< It files a [b]claim to a location[/b]. [/i]\n[i]- [b]Build on this[/b], to construct your Base. >[/i]\n\n[i]< - ... [c][ffffff]Large Blocks[-][/c] only. >[/i]",,,,,,,,"[i]< Он закрепляет [b]право на участок[/b]. [/i]\n[i]— [b]Стройте на нём[/b], чтобы создать базу. >[/i]\n\n[i]< — ... Только [c][ffffff]крупные блоки[-][/c]. >[/i]",,,,,,,,
pda_Sa08uum,Home Spawn,,,,,,,,Точка возрождения,,,,,,,,
pda_aum8KS0,...,,,,,,,,...,,,,,,,,
pda_OS480eq,--,,,,,,,,--,,,,,,,,
pda_keqKOm2,[i]< In the box was a [c][ffffff]Clone chamber[-][/c]...[/i]\n[i][c][ffff00]Place it at this Starter[-][/c]. >[/i],,,,,,,,[i]< В ящике была [c][ffffff]камера клонирования[-][/c]...[/i]\n[i][c][ffff00]Установите её на этом стартовом блоке[-][/c]. >[/i],,,,,,,,
pda_GiW4eMq,"[i]< You can either [b]build up and secure[/b] this new base, - - [/i]\n[i]- or [b]press on[/b]...?[/i]\n[i][/i]\n[i]< ... There are some interesting buildings nearby. [/i]\n[i]Adding some [c][ffff00]markers[-][/c]. >[/i]",,,,,,,,"[i]< Вы можете либо [b]обстроить и защитить[/b] эту новую базу, либо...[/i]\n[i]— [b]двигаться дальше[/b]...?[/i]\n\n[i]< ... Рядом есть несколько интересных зданий. [/i]\n[i]Добавляю [c][ffff00]маркеры[-][/c]. >[/i]",,,,,,,,
pda_88OaCqW,Turret lost!,,,,,,,,Турель потеряна!,,,,,,,,
pda_yoC4uGK,...,,,,,,,,...,,,,,,,,
pda_KGIICm8,---,,,,,,,,---,,,,,,,,
pda_WmeaScO,[u][c][ff8000]Tutorial Protecton[-][/c][/u]:\n\n... It seems you [c][ffffff][b]salvaged [/b]the Artillery[-][/c] Turret -  \ninstead of picking it up... !!,,,,,,,,"[u][c][ff8000]Защита обучения[-][/c][/u]:\n\n... Похоже, вы [c][ffffff][b]разобрали[/b] артиллерийскую[-][/c] турель, а не подобрали её...!!",,,,,,,,
pda_aMOe4Oq,...,,,,,,,,...,,,,,,,,
pda_CaaqeqG,--,,,,,,,,--,,,,,,,,
pda_SqdKi4e,"[b]1[/b] - Please [c][ffff00]close your Drone view[-][/c] [c][00ff00][ F5 ][-][/c] . \n\n[b]2[/b] -[c][ffffff] At your feet is now a box[-][/c] with another turret.\n[c][ffff00]Pick this up[-][/c] with [[c][00ff00] F ][-][/c], into the connected container.",,,,,,,,"[b]1[/b] — Пожалуйста, [c][ffff00]закройте обзор дрона[-][/c] [c][00ff00][ F5 ][-][/c].\n\n[b]2[/b] — [c][ffffff]У ваших ног теперь лежит ящик[-][/c] с другой турелью.\n[c][ffff00]Подберите его[-][/c] клавишей [c][00ff00][ F ][-][/c] в подключённый контейнер.",,,,,,,,
pda_GeiSKOr,"[sup][i]If somehow this does not work, please check the PDA [c][00ff00][ F1 ][-][/c][/i][/sup]",,,,,,,,"[sup][i]Если это почему-то не работает, проверьте КПК [c][00ff00][ F1 ][-][/c].[/i][/sup]",,,,,,,,
pda_WeKuKuC,--,,,,,,,,--,,,,,,,,
pda_W4SS0jK,--,,,,,,,,--,,,,,,,,
pda_aOWO0CM,"[u][c][ffffff]Artificial mass[-][/c][/u]:\nImprove balancing of your vessel.\n\nUse the [c][00ff00][ N ][-][/c] [b]Builder menu[/b], [c][ffffff][[Debug ]] [-][/c]tab, for mass distribution help[c][ff80ff][-][/c]",,,,,,,,"[u][c][ffffff]Искусственная масса[-][/c][/u]:\nУлучшает балансировку судна.\n\nДля помощи с распределением массы используйте [b]меню строительства[/b] [c][00ff00][ N ][-][/c], вкладку [c][ffffff][[Отладка]][-][/c][c][ff80ff][-][/c]",,,,,,,,
pda_uFWu9vK,Trg - Ground Repulsor engine block selected PLACEHOLDER,,,,,,,,Trg — выбран блок двигателя наземного репульсора — ЗАГЛУШКА,,,,,,,,
pda_G008WCm,New Task,,,,,,,,Новое задание,,,,,,,,
pda_Oa40iWW,New Action,,,,,,,,Новое действие,,,,,,,,
pda_G0iq4q0,---,,,,,,,,---,,,,,,,,
pda_aGaOSa4,Trg - Hover engine block selected PLACEHOLDER,,,,,,,,Trg — выбран блок ховерного двигателя — ЗАГЛУШКА,,,,,,,,
pda_8SuWqG4,New Task,,,,,,,,Новое задание,,,,,,,,
pda_0mW0GKS,New Action,,,,,,,,Новое действие,,,,,,,,
pda_G0ahasW,---,,,,,,,,---,,,,,,,,
pda_0umi1mu,"[i]< There is [b]never a 'perfect' vessel.[/b] [/i]\n[i]You can pretty much [c][ffff00]modify it[-][/c], to your liking. [/i]\n[i]Or, build something [b]better[/b]. >[/i]\n\n[i]< ... All those boxes contain [c][ffffff]building materials [-][/c]... >[/i]",,,,,,,,[i]< [b]Идеального судна никогда не бывает.[/b] [/i]\n[i]Его можно почти полностью [c][ffff00]изменить[-][/c] под свой вкус. [/i]\n[i]Или построить что-то [b]лучше[/b]. >[/i]\n\n[i]< ... Во всех этих ящиках лежат [c][ffffff]строительные материалы[-][/c]... >[/i],,,,,,,,
pda_c1K4OCn,Hover Vessel Building,,,,,,,,Строительство ховерного судна,,,,,,,,
pda_iWSaK9u,"[i]< Get close to the [c][ffff00]Markers[-][/c], for more infos.[/i][i] >[/i]",,,,,,,,"[i]< Подойдите ближе к [c][ffff00]маркерам[-][/c], чтобы получить больше информации. >[/i]",,,,,,,,
pda_CiEieOa,TUTORIAL END,,,,,,,,КОНЕЦ ОБУЧЕНИЯ,,,,,,,,
pda_OCmaCWW,..,,,,,,,,..,,,,,,,,
pda_OieGqm5,--,,,,,,,,--,,,,,,,,
pda_KiG4GK4,____[c][ffff00] SV[-][/c] ______,,,,,,,,____[c][ffff00] SV[-][/c] ______,,,,,,,,
pda_i8oCivK,...,,,,,,,,...,,,,,,,,
pda_qiuGYmm,...,,,,,,,,...,,,,,,,,
pda_aWW0C0C,--,,,,,,,,--,,,,,,,,
pda_0Sin40G,[c][0080ff](nPOI)nPOI[-][/c] -rw- [c][80ffff]CAL3[-][/c] B_[b][c][0080ff]Tasks1[-][/c][/b]- [c][ffffff]Food[-][/c]Loot [c][ff8000](RwByT: Sprint & ResNote)[-][/c][c][ff8000][c][ff8080][c][ffff00]Nd:FlotSig[-][/c][-][/c] [-][/c][c][ff8000]>C_Rw [-][/c][c][ff8000][c][ff8080]>C_Off >VarRewarder [-][/c][-][/c],,,,,,,,[c][0080ff](nPOI)nPOI[-][/c] — rw — [c][80ffff]CAL3[-][/c] B_[b][c][0080ff]Задания1[-][/c][/b] — добыча [c][ffffff]еды[-][/c] [c][ff8000](RwByT: Sprint & ResNote)[-][/c][c][ff8000][c][ff8080][c][ffff00]Nd:FlotSig[-][/c][-][/c] [-][/c][c][ff8000]>C_Rw [-][/c][c][ff8000][c][ff8080]>C_Off >VarRewarder [-][/c][-][/c],,,,,,,,
pda_8OWOSi0,Find Survival Resources,,,,,,,,Найдите ресурсы для выживания,,,,,,,,
pda_KViW0WW,[c][0080ff](nPOI)[-][/c] - rw-[c][ff8080]N [-][/c]- B_[b][c][0080ff]Tasks2[-][/c][/b]- Rocks & Wood [i][c][ff80ff][c][ff8000](RwBy:Bridge2)[-][/c][-][/c][c][ff8000](OffBy: Techtree) [-][/c][/i][c][ff8000]>ToC_Rw x2 >C_Off[-][/c],,,,,,,,[c][0080ff](nPOI)[-][/c] — rw — [c][ff8080]N [-][/c]— B_[b][c][0080ff]Задания2[-][/c][/b] — камни и древесина [i][c][ff80ff][c][ff8000](RwBy:Bridge2)[-][/c][-][/c][c][ff8000](OffBy: Techtree) [-][/c][/i][c][ff8000]>ToC_Rw x2 >C_Off[-][/c],,,,,,,,
pda_WWGC4aa,Find (more) Survival Resources,,,,,,,,Найдите (ещё) ресурсы для выживания,,,,,,,,
pda_q4umCGK,Harvest [c][ffffff]Food [-][/c]plants\n[sup][i][c][c0c0c0](Bright pink - Pick with [-][/c][c][80ff80][ F ] [-][/c][c][c0c0c0])[-][/c][/i][/sup],,,,,,,,Соберите [c][ffffff]пищевые[-][/c] растения\n[sup][i][c][c0c0c0](Ярко-розовые — подберите клавишей [-][/c][c][80ff80][ F ][-][/c][c][c0c0c0])[-][/c][/i][/sup],,,,,,,,
pda_WOKCCCe,--,,,,,,,,--,,,,,,,,
pda_Gem8eeK,"Scavenge for [c][ffffff]Loot[-][/c]\n[i][sup][c][c0c0c0](Wrecks, Containers...)[-][/c][/sup][/i]",,,,,,,,"Ищите [c][ffffff]добычу[-][/c]\n[i][sup][c][c0c0c0](Обломки, контейнеры...)[-][/c][/sup][/i]",,,,,,,,
pda_G04Sqa8,---,,,,,,,,---,,,,,,,,
pda_Oii0e8W,"Find & [c][ffff00]drill Carbon rocks[-][/c]\n[sup][c][c0c0c0][i](dark, shiny)[/i][-][/c][/sup]",,,,,,,,"Найдите и [c][ffff00]добывайте углеродные камни[-][/c]\n[sup][c][c0c0c0][i](тёмные, блестящие)[/i][-][/c][/sup]",,,,,,,,
pda_C00iGCu,--,,,,,,,,--,,,,,,,,
pda_eS0C4qi,"[c][c0c0c0](( Note:[-][/c]\n[c][c0c0c0]Part of these functions are reserved for ""[c][ffffff]Creative Mode[-][/c]"" . [-][/c]\n[c][c0c0c0]Access that mode in the main game menu[-][/c]. ))",,,,,,,,[c][c0c0c0](( Примечание:[-][/c]\n[c][c0c0c0]Часть этих функций предназначена для «[c][ffffff]творческого режима[-][/c]». [-][/c]\n[c][c0c0c0]Откройте этот режим в главном меню игры[-][/c]. )),,,,,,,,
pda_eei0OGG,[b]_________ 4 Detector & Map[/b],,,,,,,,[b]_________ 4 Детектор и карта[/b],,,,,,,,
pda_aeeu0Ou,--,,,,,,,,--,,,,,,,,
pda_WKe89mC,--,,,,,,,,--,,,,,,,,
pda_C0a8aSW,--,,,,,,,,--,,,,,,,,
pda_8OmAWuu,[c][0080ff](nPOI)[-][/c] - rw-[c][ff8080]N[-][/c] - [c][ffffff]1BridgToTasks2[-][/c]  [c][ff8000][i][c][ff8080](RwByT:Task1)[-][/c] [c][ff8080](OffBy:Techtree & DirectUnlock & CraftedPC )[-][/c] [/i]>C_Rw[-][/c],,,,,,,,[c][0080ff](nPOI)[-][/c] — rw — [c][ff8080]N[-][/c] — [c][ffffff]1МостКЗаданиям2[-][/c] [c][ff8000][i][c][ff8080](RwByT:Task1)[-][/c] [c][ff8080](OffBy:Techtree & DirectUnlock & CraftedPC )[-][/c] [/i]>C_Rw[-][/c],,,,,,,,
pda_CO48KOO,...,,,,,,,,...,,,,,,,,
pda_ruaqiWi,...,,,,,,,,...,,,,,,,,
pda_queG8qu,--,,,,,,,,--,,,,,,,,
pda_G4emiMO,[b]_________ Beach 2 - ( RockRes & Techtree & PC unlock & craft )[/b],,,,,,,,"[b]_________ Пляж 2 — (ресурсы камней, дерево технологий, разблокировка и создание ПК)[/b]",,,,,,,,
pda_aOCSW4m,--,,,,,,,,--,,,,,,,,
pda_Ce48BOa,--,,,,,,,,--,,,,,,,,
pda_KCSaW40,--,,,,,,,,--,,,,,,,,
pda_a00Cmma,_________ [b]Beach 3[/b]- ( Craft things with PC ),,,,,,,,_________ [b]Пляж 3[/b] — (создание предметов с ПК),,,,,,,,
pda_eS0eK8p,--,,,,,,,,--,,,,,,,,
pda_eaeweOm,--,,,,,,,,--,,,,,,,,
pda_CK8O0mS,--,,,,,,,,--,,,,,,,,
pda_qeKOKCW,[b]_________ Beach 1 - ( Light & Food & Tent) (& stuff)[/b],,,,,,,,"[b]_________ Пляж 1 — (свет, еда и палатка) (и другое)[/b]",,,,,,,,
pda_eCcWCCK,--,,,,,,,,--,,,,,,,,
pda_ua50keu,--,,,,,,,,--,,,,,,,,
pda_WmGaaWK,--,,,,,,,,--,,,,,,,,
pda_qSRGGKL,[c][0080ff]nPOI[-][/c] - [c][ffffff]Tip Food[-][/c]plant Location [c][ff8000](OffBy:PlantProtein[-][/c] & Fridge & Task3) [c][ff8000]>C_On >CRw[-][/c],,,,,,,,[c][0080ff]nPOI[-][/c] — расположение растения с [c][ffffff]пищевым советом[-][/c] [c][ff8000](OffBy:PlantProtein[-][/c] & Fridge & Task3) [c][ff8000]>C_On >CRw[-][/c],,,,,,,,
pda_OSuSSai,...,,,,,,,,...,,,,,,,,
pda_uOuG844,...,,,,,,,,...,,,,,,,,
pda_qij4eCq,--,,,,,,,,--,,,,,,,,
pda_OuiuuWa,"[i]< That's it!                                         \nWith the data you collect, I can    \nrestore your crafting templates! >[/i]\n\n--- \n[b]Check back here[/b] after gaining levels.\n\n( To continue,\n[c][ffffff]close the Tech tree[-][/c]. )",,,,,,,,"[i]< Вот и всё! \nС данными, которые вы собираете, я могу \nвосстанавливать ваши шаблоны создания! >[/i]\n\n--- \n[b]Возвращайтесь сюда[/b] после получения уровней.\n\n(Чтобы продолжить,\n[c][ffffff]закройте дерево технологий[-][/c].)",,,,,,,,
pda_UW8CF4K,"[i]< I think, I found some human food plants! [/i]\n[i]- Check the area at your [b]side [/b]! >[/i]\n\n[i]< Putting a [c][ffff00]marker [-][/c]on it. >[/i]",,,,,,,,"[i]< Кажется, я нашёл несколько человеческих пищевых растений! [/i]\n[i]— Проверьте область [b]рядом[/b] с собой! >[/i]\n\n[i]< Устанавливаю [c][ffff00]маркер[-][/c]. >[/i]",,,,,,,,
pda_mMqmQmS,( Prepare better ),,,,,,,,(Подготовьтесь лучше),,,,,,,,
pda_aS0uWKi,--,,,,,,,,--,,,,,,,,
pda_q8q4Muc,"[i]< That [c][ffff00]area you just [-][/c][b][c][ffff00]left[-][/c], [/b]with all that flotsam-[/i]\n[i] -  Maybe check it out more...? >[/i]\n\n[i]< It seems to be really bountiful. >[/i]",,,,,,,,"[i]< Та [c][ffff00]область, которую вы только что[-][/c] [b][c][ffff00]покинули[-][/c][/b], со всеми этими обломками...[/i]\n[i]— Может, стоит изучить её получше...? >[/i]\n\n[i]< Похоже, там очень много полезного. >[/i]",,,,,,,,
pda_w4g0qm4,____ [c][ffff00][b]Header info[/b][-][/c] (>> open the chapters for more) ______,,,,,,,,"____ [c][ffff00][b]Информация заголовков[/b][-][/c] (>> откройте главы, чтобы узнать больше) ______",,,,,,,,
pda_WgQqCqC,--,,,,,,,,--,,,,,,,,
pda_uCaeoaG,--,,,,,,,,--,,,,,,,,
pda_OGuumWu,--,,,,,,,,--,,,,,,,,
pda_aa6400M,test,,,,,,,,тест,,,,,,,,
pda_eeeqOq4,test,,,,,,,,тест,,,,,,,,
pda_IYieSeW,>> [c][0080ff]Blue[-][/c] : [i]NearPOI-NearUnit based autostart chapters[/i],,,,,,,,">> [c][0080ff]Синий[-][/c]: [i]автозапуск глав, основанный на приближении к POI/объекту[/i]",,,,,,,,
pda_qeG8WGi,test,,,,,,,,тест,,,,,,,,
pda_qmaiGWK,test,,,,,,,,тест,,,,,,,,
pda_WumaKuC,>> Grey[i] : Standard or uncritical autostart checks[/i],,,,,,,,>> Серый[i]: стандартные или некритичные проверки автозапуска[/i],,,,,,,,
pda_CSumNj8,[sup]Trg : [/sup][i][sup]Nondescript trigger for an autostart chapter[/sup][/i],,,,,,,,[sup]Trg:[/sup] [i][sup]неприметный триггер для главы с автозапуском[/sup][/i],,,,,,,,
pda_OKKeOuL,--,,,,,,,,--,,,,,,,,
pda_WaWOOG8,--,,,,,,,,--,,,,,,,,
pda_0mmaaWD,"[sup][c][0080ff]Mrk[-][/c] : [/sup][i][sup]A nearPOI or NearUnit, showing a marker to go to, has empty chapter[/sup][/i]",,,,,,,,"[sup][c][0080ff]Mrk[-][/c]:[/sup] [i][sup]приближение к POI или объекту, отображающее маркер цели; глава пуста[/sup][/i]",,,,,,,,
pda_OCaG0se,--,,,,,,,,--,,,,,,,,
pda_Gq4L6Sa,--,,,,,,,,--,,,,,,,,
pda_4OGiOqQ,[sup][c][0080ff]nPOI[-][/c] : [/sup][i][sup]A nearPOI trigger that starts a chapter[/sup][/i],,,,,,,,"[sup][c][0080ff]nPOI[-][/c]:[/sup] [i][sup]триггер приближения к POI, запускающий главу[/sup][/i]",,,,,,,,
pda_u0O8X8I,--,,,,,,,,--,,,,,,,,
pda_iCKOWmG,--,,,,,,,,--,,,,,,,,
pda_3CqOmmG,[sup][c][0080ff](nPOI)[-][/c] : [/sup][i][sup]A nearPOI trigger that resolves instantly - Starting a chapter without message[/sup][/i],,,,,,,,"... [sup][c][0080ff](nPOI)[-][/c]:[/sup] [i][sup]триггер приближения к POI, который срабатывает мгновенно и запускает главу без сообщения[/sup][/i]",,,,,,,,
pda_WKmwSWi,--,,,,,,,,--,,,,,,,,
pda_u4SSWGO,--,,,,,,,,--,,,,,,,,
pda_4m8Cn68,[sup]Sig : [i]Chapter started by a POI Signal[/i][/sup],,,,,,,,[sup]Sig:[/sup] [i]глава запущена сигналом POI[/i],,,,,,,,
pda_KGOGUiK,--,,,,,,,,--,,,,,,,,
pda_uh4SuWS,--,,,,,,,,--,,,,,,,,
pda_F8u04q1,[sup](Important - Keep all nPOIs or nUnits targeted to unique elements)[/sup],,,,,,,,[sup](Важно: все nPOI или nUnit должны быть привязаны к уникальным элементам.)[/sup],,,,,,,,
pda_W8a8Omu,...,,,,,,,,...,,,,,,,,
pda_i06KeWO,--,,,,,,,,--,,,,,,,,
pda_4ma8qmC,>> [c][ff8000]Orange[-][/c][i] : PDAOps - General PDA autostart structure[/i],,,,,,,,>> [c][ff8000]Оранжевый[-][/c][i]: PDAOps — общая структура автозапуска КПК[/i],,,,,,,,
pda_O8WeSeu,[sup]OnBy : [/sup][i][sup]Chapter's Activatable is set to 'Always' by this named chapter[/sup][/i],,,,,,,,[sup]OnBy:[/sup] [i][sup]активируемое состояние главы устанавливается в «Всегда» указанной главой[/sup][/i],,,,,,,,
pda_aQe0ari,--,,,,,,,,--,,,,,,,,
pda_ueuKBSK,--,,,,,,,,--,,,,,,,,
pda_KGem0Oa,[sup]RwBy : [i]Chapter got rewarded by this named chapter[/i][/sup],,,,,,,,[sup]RwBy:[/sup] [i]глава получает награду от указанной главы[/i],,,,,,,,
pda_ogkKG4q,--,,,,,,,,--,,,,,,,,
pda_aOA8iWu,--,,,,,,,,--,,,,,,,,
pda_WGw0CCW,test,,,,,,,,тест,,,,,,,,
pda_GKaCm8m,test,,,,,,,,тест,,,,,,,,
pda_c0Wb4GS,[sup]OffBy : [/sup][i][sup]Chapter's Activatable is set to ''Never' by this named chapter[/sup][/i],,,,,,,,[sup]OffBy:[/sup] [i][sup]активируемое состояние главы устанавливается в «Никогда» указанной главой[/sup][/i],,,,,,,,
pda_04eOOq8,--,,,,,,,,--,,,,,,,,
pda_l0O8CeO,--,,,,,,,,--,,,,,,,,
pda_SAeWCoq,>> [c][ff8080]LightRed[-][/c] : [i]Variant paths to catch player edge case behaviour[/i],,,,,,,,>> [c][ff8080]Светло-красный[-][/c][i]: варианты путей для обработки нестандартного поведения игрока[/i],,,,,,,,
pda_8GSG8ae,[sup]ToRwBy : [/sup][i][sup]Chapter's Activatable is set to 'WhenRewarded' by this named chapter[/sup][/i],,,,,,,,[sup]ToRwBy:[/sup] [i][sup]активируемое состояние главы устанавливается в «При получении награды» указанной главой[/sup][/i],,,,,,,,
pda_O8OSC84,--,,,,,,,,--,,,,,,,,
pda_GO8i8ua,--,,,,,,,,--,,,,,,,,
pda_W200qaW,[sup]ToOnBy : [i]Chapter's Activatable is set to 'Always' by this named chapter[/i][/sup],,,,,,,,[sup]ToOnBy:[/sup] [i][sup]активируемое состояние главы устанавливается в «Всегда» указанной главой[/sup][/i],,,,,,,,
pda_KWke44G,--,,,,,,,,--,,,,,,,,
pda_FGKu4e8,--,,,,,,,,--,,,,,,,,
pda_PCWuOCu,[sup]ToOffBy : [i]Chapter's Activatable is set to 'Never' by this named chapter[/i][/sup],,,,,,,,[sup]ToOffBy:[/sup] [i][sup]активируемое состояние главы устанавливается в «Никогда» указанной главой[/sup][/i],,,,,,,,
pda_Gq4uS18,--,,,,,,,,--,,,,,,,,
pda_S0O2mei,--,,,,,,,,--,,,,,,,,
pda_0a8qeO8,test,,,,,,,,тест,,,,,,,,
pda_Ci8m8W4,test,,,,,,,,тест,,,,,,,,
pda_KKO8CSq,[sup][c][ff8080]N[-][/c] : The 'expected' way of play [c][ff8080]V[-][/c]: 'variant catchall'[/sup],,,,,,,,[sup][c][ff8080]N[-][/c]: ожидаемый путь прохождения; [c][ff8080]V[-][/c]: вариант для нестандартных случаев[/sup],,,,,,,,
pda_iOWiea4,--,,,,,,,,--,,,,,,,,
pda_iMiWumK,--,,,,,,,,--,,,,,,,,
pda_8aamGWq,"[sup](The variants are on by default, get turned off by solving chapters on the standard way)[/sup]",,,,,,,,[sup](Варианты включены по умолчанию и отключаются при стандартном прохождении глав.)[/sup],,,,,,,,
pda_40iOmSK,--,,,,,,,,--,,,,,,,,
pda_SOqGOCC,--,,,,,,,,--,,,,,,,,
pda_40GavS8,"Found: [c][ffffff]Copper[-][/c]\n[c][ffffff][-][/c]\n[i]( For: [u]Ammo[/u], Devices...)[/i]",,,,,,,,"Найдено: [c][ffffff]медь[-][/c]\n[c][ffffff][-][/c]\n[i](Для: [u]боеприпасов[/u], устройств...)[/i]",,,,,,,,
pda_ai44m4i,"Found: [c][ffffff]Silicon[-][/c]\n[c][ffffff][-][/c]\n[i]( For: Devices, Building Blocks ...)[/i]",,,,,,,,"Найдено: [c][ffffff]кремний[-][/c]\n[c][ffffff][-][/c]\n[i](Для: устройств, строительных блоков...)[/i]",,,,,,,,
pda_O8SULCa,"[u][c][ffffff]Chop [-][/c]wood:[/u]\n\nUse the [c][ffff00]Resource mode[-][/c] of the [c][ffffff]Survival Tool[-][/c], and fire at tree.\n\n(Some trees are sturdier than others)",,,,,,,,[u][c][ffffff]Рубите[-][/c] древесину:[/u]\n\nИспользуйте [c][ffff00]режим ресурсов[-][/c] [c][ffffff]инструмента выживания[-][/c] и стреляйте по дереву.\n\n(Некоторые деревья прочнее других.),,,,,,,,
pda_44GwqXG,Found Plant Protein,,,,,,,,Найден растительный белок,,,,,,,,
pda_AKr04G6,[i]...[/i],,,,,,,,[i]...[/i],,,,,,,,
pda_iK08O8e,--,,,,,,,,--,,,,,,,,
pda_a4K8480,...,,,,,,,,...,,,,,,,,
pda_M40CuuC,--,,,,,,,,--,,,,,,,,
pda_G4e4IuK,[i]< Please select the [c][ffff00][[ Survival Constructor ]] [-][/c]tab. >[/i],,,,,,,,"[i]< Пожалуйста, выберите вкладку [c][ffff00][[ Конструктор выживания ]][-][/c]. >[/i]",,,,,,,,
pda_8GCWaO0,...,,,,,,,,...,,,,,,,,
pda_808eq8S,--,,,,,,,,--,,,,,,,,
pda_a84CeOa,[i]< Please select the [/i][c][ffff00][[ Survival Constructor ]] [-][/c][i]tab. >[/i]\n[c][c0c0c0][sup][/sup][-][/c]\n[c][c0c0c0](See upper right screen)[-][/c][i][/i],,,,,,,,"[i]< Пожалуйста, выберите вкладку [/i][c][ffff00][[ Конструктор выживания ]][-][/c][i]. >[/i]\n[c][c0c0c0][sup][/sup][-][/c]\n[c][c0c0c0](Смотрите вверху справа.)[-][/c][i][/i]",,,,,,,,
pda_WMqWQ2S,InvCc  - [c][80ffff]CalSig4c [-][/c]- [c][ffffff]Detect[-][/c]Gain[i][c][ff8000] (OffBy: UseRadar) [-][/c][/i][c][ff8000]>C_Rw >C_off[-][/c],,,,,,,,InvCc — [c][80ffff]CalSig4c [-][/c]— получен [c][ffffff]детектор[-][/c][i][c][ff8000] (OffBy: UseRadar) [-][/c][/i][c][ff8000]>C_Rw >C_off[-][/c],,,,,,,,
pda_a8W82KS,The Detector,,,,,,,,Детектор,,,,,,,,
pda_Gu8WGEq,"Select it in Toolbar,\n[c][ffff00]use with[-][/c] [c][00ff00][LMB][-][/c]",,,,,,,,"Выберите его на панели быстрого доступа,\n[c][ffff00]используйте[-][/c] [c][00ff00][ЛКМ][-][/c]",,,,,,,,
pda_OeQG8oG,--,,,,,,,,--,,,,,,,,
pda_Waqamai,[i]<  A [c][ffffff]detector[-][/c]! This will help a lot with [b]navigation[/b]![/i]\n\n- [c][ffff00]Fire [-][/c]it up with [c][00ff00][LMB][-][/c]. >,,,,,,,,[i]< [c][ffffff]Детектор[-][/c]! Он очень поможет с [b]навигацией[/b]![/i]\n\n— [c][ffff00]Запустите[-][/c] его [c][00ff00][ЛКМ][-][/c]. >,,,,,,,,
pda_OSGamq0,The Detector,,,,,,,,Детектор,,,,,,,,
pda_0KuqiuW,...,,,,,,,,...,,,,,,,,
pda_e04OqtC,--,,,,,,,,--,,,,,,,,
pda_4Yxu44C,[c][0080ff](nPOI)[-][/c] - rw_[c][ff8080]N[-][/c] -[c][ff8080][b]Sel[/b][-][/c]- [c][ff80ff]CAL?[-][/c]  [c][ffffff]GoToHeatRad[-][/c] [i][c][ff8080](RwBy:CheckIfDetector)  (OffBy: [-][/c][c][ff8080]BackToBeach )[-][/c][/i][c][ff8080] >C_Off[-][/c]  [c][ff8000]>C_Off >C_Rw[-][/c],,,,,,,,[c][0080ff](nPOI)[-][/c] — rw_[c][ff8080]N[-][/c] — [c][ff8080][b]Sel[/b][-][/c]— [c][ff80ff]CAL?[-][/c] [c][ffffff]к слабому сигналу[-][/c] [i][c][ff8080](RwBy:CheckIfDetector) (OffBy: [-][/c][c][ff8080]BackToBeach )[-][/c][/i][c][ff8080] >C_Off[-][/c] [c][ff8000]>C_Off >C_Rw[-][/c],,,,,,,,
pda_mqeGi8u,[i]( Power source ? )[/i],,,,,,,,[i]( Источник питания? )[/i],,,,,,,,
pda_i28S0SW,[c][ffff00]Get closer to 'Weak Signal'[-][/c]\n[i][sup][c][c0c0c0](Check Map[-][/c] [c][00ff00][M][-][/c] [c][c0c0c0]if not nearby)[-][/c][/sup][/i],,,,,,,,"[c][ffff00]Подойдите ближе к «Слабому сигналу»[-][/c]\n[i][sup][c][c0c0c0](Проверьте карту [-][/c][c][00ff00][M][-][/c][c][c0c0c0], если он не рядом.)[-][/c][/sup][/i]",,,,,,,,
pda_0OuSO4u,--,,,,,,,,--,,,,,,,,
pda_iCSefiK,"Find & drill [c][ffffff]Carbon [-][/c]rocks\n[sup][c][c0c0c0][i](dark, shiny.)[/i][-][/c][/sup]",,,,,,,,"Найдите и добывайте [c][ffffff]углеродные[-][/c] камни\n[sup][c][c0c0c0][i](тёмные, блестящие.)[/i][-][/c][/sup]",,,,,,,,
pda_GaOmu82,--,,,,,,,,--,,,,,,,,
pda_OuaOumG,...,,,,,,,,...,,,,,,,,
pda_44Q0eOe,---,,,,,,,,---,,,,,,,,
pda_KM440qS,[i]< Please switch back to the [c][ffff00][[ Survival Constructor ]][-][/c] tab ... >[/i],,,,,,,,"[i]< Пожалуйста, переключитесь обратно на вкладку [c][ffff00][[ Конструктор выживания ]][-][/c]... >[/i]",,,,,,,,
pda_KqiueOu,Resources,,,,,,,,Ресурсы,,,,,,,,
pda_3amKmS8,...,,,,,,,,...,,,,,,,,
pda_KuKKqeW,--,,,,,,,,--,,,,,,,,
pda_mTMSOW8,___________________ [i]( Place and open Portable Constructor )[/i],,,,,,,,___________________ [i]( Установите и откройте переносной конструктор )[/i],,,,,,,,
pda_iqaG8aS,--,,,,,,,,--,,,,,,,,
pda_u8eWiaa,--,,,,,,,,--,,,,,,,,
pda_e8GSmQa,--,,,,,,,,--,,,,,,,,
pda_maiaN04,[c][ffffff][b]_____________ SPACE ______________[/b][-][/c],,,,,,,,[c][ffffff][b]_____________ КОСМОС ______________[/b][-][/c],,,,,,,,
pda_8iKL4k8,--,,,,,,,,--,,,,,,,,
pda_iYWKqki,--,,,,,,,,--,,,,,,,,
pda_KekG404,--,,,,,,,,--,,,,,,,,
pda_SWuKSS0,test,,,,,,,,тест,,,,,,,,
pda_m4KOaF0,test,,,,,,,,тест,,,,,,,,
pda_q0Fia40,______________ [i]( Wood & Salvage )[/i],,,,,,,,______________ [i]( Древесина и разбор )[/i],,,,,,,,
pda_YO4OiQ4,--,,,,,,,,--,,,,,,,,
pda_C6igeGW,--,,,,,,,,--,,,,,,,,
pda_8Sim86W,--,,,,,,,,--,,,,,,,,
pda_Wq0ieiK,DvU  - [c][80ffff]CalSig4c [-][/c]-on- Use[c][ffffff]Radar[-][/c][c][ff8000][-][/c][i][c][ff8000](Offby: PromRes) [-][/c][/i][c][ff8000]>C_Rw >C_Off x[i]2[/i][-][/c][i][/i],,,,,,,,DvU — [c][80ffff]CalSig4c [-][/c]— использовать [c][ffffff]радар[-][/c][c][ff8000][-][/c][i][c][ff8000](Offby: PromRes) [-][/c][/i][c][ff8000]>C_Rw >C_Off x[i]2[/i][-][/c][i][/i],,,,,,,,
pda_OWCGwaS,[c][0080ff](nPOI)[-][/c] - [c][ff8080]V[-][/c]_off - 1BridgToTasks3 [c][ffffff]CraftNow[-][/c] [c][ff8080](ToRwBy:FoodFirst)[-][/c]  [c][ff8080](RwBy:FoodLoot)[-][/c] [c][ff8080] >C_On[-][/c],,,,,,,,[c][0080ff](nPOI)[-][/c] — [c][ff8080]V[-][/c]_off — 1МостКЗаданиям3 [c][ffffff]СоздатьСейчас[-][/c] [c][ff8080](ToRwBy:FoodFirst)[-][/c] [c][ff8080](RwBy:FoodLoot)[-][/c] [c][ff8080] >C_On[-][/c],,,,,,,,
pda_ieC7COK,...,,,,,,,,...,,,,,,,,
pda_OqemOaa,...,,,,,,,,...,,,,,,,,
pda_G0o4448,--,,,,,,,,--,,,,,,,,
pda_qOSCuqm,"[i]< Okay, food and resources secured... ! >[/i]",,,,,,,,"[i]< Хорошо, еда и ресурсы обеспечены...! >[/i]",,,,,,,,
pda_GaCSiqg,[c][0080ff](nPOI)[-][/c] - [c][ff8080]V1[-][/c]_rw- 2BridgToTasks1 [c][ffffff]FoodFirst[-][/c]  [c][ff8080](RwBy: PCOverview) [-][/c][c][ff8080] (OffBy: Bridge1ToT2 & Tasks2 & BikeCrafted)[-][/c][c][ff8080] >CToRw[-][/c],,,,,,,,[c][0080ff](nPOI)[-][/c] — [c][ff8080]V1[-][/c]_rw — 2МостКЗаданиям1 [c][ffffff]СначалаЕда[-][/c] [c][ff8080](RwBy: PCOverview)[-][/c][c][ff8080] (OffBy: Bridge1ToT2 & Tasks2 & BikeCrafted)[-][/c][c][ff8080] >CToRw[-][/c],,,,,,,,
pda_GSu8CKq,...,,,,,,,,...,,,,,,,,
pda_iaquuCO,...,,,,,,,,...,,,,,,,,
pda_q0eSauW,--,,,,,,,,--,,,,,,,,
pda_GeiWWKS,____[c][ffff00][b][/b][-][/c][c][ffff00][b] Ender info [/b][-][/c] (>> open the chapters for more) ______,,,,,,,,"____[c][ffff00][b] Конечная информация [/b][-][/c] (>> откройте главы, чтобы узнать больше) ______",,,,,,,,
pda_uGSW88G,--,,,,,,,,--,,,,,,,,
pda_me4eq4u,--,,,,,,,,--,,,,,,,,
pda_iOKegKq,--,,,,,,,,--,,,,,,,,
pda_ScaeeK8,test,,,,,,,,тест,,,,,,,,
pda_4iGSKCS,test,,,,,,,,тест,,,,,,,,
pda_uKOK4Wa,>> [c][0080ff]Blue[-][/c] : [i]Tasklists[/i],,,,,,,,>> [c][0080ff]Синий[-][/c]: [i]списки заданий[/i],,,,,,,,
pda_iDOSOSS,"[sup]>>[/sup] [sup][c][0080ff]Task[-][/c] : [i]A list shown to do, while autostarts carry on from it >>[/i][/sup]",,,,,,,,"[sup]>>[/sup] [sup][c][0080ff]Задание[-][/c]: [i]список отображаемых действий, пока автозапуск продолжается дальше >>[/i][/sup]",,,,,,,,
pda_qmuiSiK,[sup]'Handover' - The actions of the Tasklists and the autostarts have the same checks[/sup],,,,,,,,[sup]«Передача» — действия списков заданий и автозапуски используют одни и те же проверки[/sup],,,,,,,,
pda_O8GiOG8,--,,,,,,,,--,,,,,,,,
pda_Ke8kwmi,"[sup]An action will get resolved first, and chapterActiv will still trigger[/sup]",,,,,,,,"[sup]Сначала будет выполнено действие, но chapterActiv всё равно сработает[/sup]",,,,,,,,
pda_C0Wu4eu,--,,,,,,,,--,,,,,,,,
pda_uSGi48s,"[sup]yet, SignalLatch POI / Memory POI / ""[c][80ffff]Calculator[-][/c]"" POI do help in that case[/sup]",,,,,,,,[sup]Однако POI с фиксацией сигнала / POI памяти / POI «[c][80ffff]калькулятор[-][/c]» помогают в таком случае[/sup],,,,,,,,
pda_iOKGiWC,--,,,,,,,,--,,,,,,,,
pda_auuCSa2,test,,,,,,,,тест,,,,,,,,
pda_C0CG4Oa,test,,,,,,,,тест,,,,,,,,
pda_uGCKiei,[c][ffffff]White[-][/c]: [i]This chapter is tested and starts[/i],,,,,,,,[c][ffffff]Белый[-][/c]: [i]эта глава проверяется и запускается[/i],,,,,,,,
pda_ee0S4mS,--,,,,,,,,--,,,,,,,,
pda_eKOxUqK,--,,,,,,,,--,,,,,,,,
pda_WuO0ciq,--,,,,,,,,--,,,,,,,,
pda_8e48uS2,"[c][ff80ff]Pink[-][/c]: [i]Tests, WIP & maintenance mark-ups[/i]",,,,,,,,"[c][ff80ff]Розовый[-][/c]: [i]тесты, незавершённая работа и отметки обслуживания[/i]",,,,,,,,
pda_WKN10qe,--,,,,,,,,--,,,,,,,,
pda_W4mmkia,--,,,,,,,,--,,,,,,,,
pda_ueCrK88,--,,,,,,,,--,,,,,,,,
pda_i4OsK3a,>> [c][ff8000]Orange [-][/c]: [i]Biome checks[/i],,,,,,,,>> [c][ff8000]Оранжевый[-][/c]: [i]проверки биомов[/i],,,,,,,,
pda_OK0hSk8,"[sup]If one biome check is not correctly set up, all of them will act strangely[/sup]",,,,,,,,"[sup]Если одна проверка биома настроена неправильно, все они будут работать странно[/sup]",,,,,,,,
pda_eieOGq0,--,,,,,,,,--,,,,,,,,
pda_OKeiamS,--,,,,,,,,--,,,,,,,,
pda_0q46QSu,"[c][ffff00]Yellow[-][/c]: [i]Some special things like UI, powering devices, Reputation[/i]",,,,,,,,"[c][ffff00]Жёлтый[-][/c]: [i]особые элементы: интерфейс, питание устройств, репутация[/i]",,,,,,,,
pda_CO8uee0,--,,,,,,,,--,,,,,,,,
pda_eKuGgWu,--,,,,,,,,--,,,,,,,,
pda_Oq0u84W,--,,,,,,,,--,,,,,,,,
pda_iCmGGue,____ [c][ffff00][b][/b][-][/c][c][ffff00][b]Center info [/b][-][/c] (>> open the chapters for more) ______,,,,,,,,"____ [c][ffff00][b] Центральная информация [/b][-][/c] (>> откройте главы, чтобы узнать больше) ______",,,,,,,,
pda_OHqmai8,--,,,,,,,,--,,,,,,,,
pda_e0KwSeU,--,,,,,,,,--,,,,,,,,
pda_aYjeuOm,--,,,,,,,,--,,,,,,,,
pda_K8CKSSm,test,,,,,,,,тест,,,,,,,,
pda_mxaOmW5,test,,,,,,,,тест,,,,,,,,
pda_4W8eCi4,_____________ [b][c][ffff00]EXPLANATIONS[-][/c] [/b]______________,,,,,,,,_____________ [b][c][ffff00]ПОЯСНЕНИЯ[-][/c] [/b]______________,,,,,,,,
pda_a0iaS8C,--,,,,,,,,--,,,,,,,,
pda_SOKi0eG,--,,,,,,,,--,,,,,,,,
pda_K8I0m4G,--,,,,,,,,--,,,,,,,,
pda_AGOKSYS,test,,,,,,,,тест,,,,,,,,
pda_SCO0m04,test,,,,,,,,тест,,,,,,,,
pda_8Ge0S4S,[c][ff0000]Red[-][/c]: [i]Signals or Power or SignalStructures[/i],,,,,,,,"[c][ff0000]Красный[-][/c]: [i]сигналы, питание или сигнальные структуры[/i]",,,,,,,,
pda_8lkW0ta,--,,,,,,,,--,,,,,,,,
pda_hW4OKem,--,,,,,,,,--,,,,,,,,
pda_CuSCui4,--,,,,,,,,--,,,,,,,,
pda_qeM4Ci8,"[i]< But, before you start crafting here - - [/i]\n[i]-  ... let's [c][ffff00]secure your supplies[-][/c] first...? >[/i]",,,,,,,,[i]< Но прежде чем начать здесь создавать предметы... [/i]\n[i]— ... давайте сначала [c][ffff00]обезопасим ваши припасы[-][/c]? >[/i],,,,,,,,
pda_U6u88a4,___________________ [i]( Variant bridges )[/i],,,,,,,,___________________ [i]( Вариантные мосты )[/i],,,,,,,,
pda_Eu0iem8,--,,,,,,,,--,,,,,,,,
pda_q6CummC,--,,,,,,,,--,,,,,,,,
pda_CmOCSO0,--,,,,,,,,--,,,,,,,,
pda_01geOWq,Find (more) Survival Resources,,,,,,,,Найдите (ещё) ресурсы для выживания,,,,,,,,
pda_me8iW88,...,,,,,,,,...,,,,,,,,
pda_eeuWK4a,--,,,,,,,,--,,,,,,,,
pda_G0K8qaI,Find Survival Resources,,,,,,,,Найдите ресурсы для выживания,,,,,,,,
pda_G4S0K0S,...,,,,,,,,...,,,,,,,,
pda_MK488aO,--,,,,,,,,--,,,,,,,,
pda_SOqC4Ma,"[i]< [/i][i]This bike is useful for [b]land travel[/b] .. >[/i]\n[i][/i]\n[i]< - [c][ffffff]Select it[-][/c], and [c][ffff00]place it[-][/c] on the ground. >[/i]",,,,,,,,[i]< Этот байк полезен для [b]путешествий по земле[/b]... >[/i]\n\n[i]< — [c][ffffff]Выберите его[-][/c] и [c][ffff00]установите[-][/c] на земле. >[/i],,,,,,,,
pda_ceaquem,"Point the mouse on the [c][ff0000]red icon[-][/c] [i](>>at right side)  [/i]\n[c][ffffff] ""Closed Fracture""[-][/c], to learn about Healing / Mitigation.\n[i][sup](Close this message first)[/sup][/i]\n----                                                                                               \n[c][ffff80]Consume medicine[-][/c]:: [c][00ff00][Shift]+[RMB] [-][/c]on the item.",,,,,,,,"Наведите мышь на [c][ff0000]красный значок[-][/c] [i](>> справа)[/i]\n[c][ffffff]«Закрытый перелом»[-][/c], чтобы узнать о лечении и снижении последствий.\n[i][sup](Сначала закройте это сообщение.)[/sup][/i]\n----\n[c][ffff80]Использовать лекарство[-][/c]: [c][00ff00][Shift] + [ПКМ][-][/c] по предмету.",,,,,,,,
pda_MqMG40O,"[i]< Wow, that is a [c][ffffff]good idea[-][/c] ! - Well done! >[/i]\n[i][/i]\n[i]< This will help us a lot ... >[/i]\n[i][/i]\n[i]< - Let's [c][ffff00]gather resources [-][/c]for it? >[/i]",,,,,,,,"[i]< Ого, это [c][ffffff]хорошая идея[-][/c]! Отлично! >[/i]\n\n[i]< Это нам сильно поможет... >[/i]\n\n[i]< — Давайте [c][ffff00]соберём ресурсы[-][/c] для него? >[/i]",,,,,,,,
pda_OkKeqKu,...,,,,,,,,...,,,,,,,,
pda_q8mGqCE,--,,,,,,,,--,,,,,,,,
pda_00OOKKW,"[i]< Crafting needs [c][ffff80]time[-][/c]...\nYou can [c][ffffff]skip [-][/c]things during [c][ffffff]sleep[-][/c]. >[/i]\n\n\n[sup]---\n[c][c0c0c0]... For the main game, you can adjust this in the [-][/c][c][ffffff]difficulty settings[-][/c]. \n[c][c0c0c0](->Either at starting world selection, or at ""[b]Resume Game[/b]"" Menu)[-][/c][/sup]",,,,,,,,[i]< Создание предметов требует [c][ffff80]времени[/c]...[/i]\n[i]Вы можете [c][ffffff]пропустить[-][/c] его во время [c][ffffff]сна[-][/c]. >[/i]\n\n\n[sup]---\n[c][c0c0c0]... В основной игре это можно настроить в [-][/c][c][ffffff]параметрах сложности[-][/c].\n[c][c0c0c0](-> При выборе стартового мира или в меню «[b]Продолжить игру[/b]».)[-][/c][/sup],,,,,,,,
pda_Cmg4xui,[c][0080ff]Mrk[-][/c] - rw_[c][ff8080]N[-][/c] - [c][ffffff]Next [-][/c]signal [i][c][ff8000](RwBy: WeatherToCop (OffBy: DetectRes  & ) [c][ff80ff]OffbySec[-][/c][-][/c][/i],,,,,,,,[c][0080ff]Mrk[-][/c] — rw_[c][ff8080]N[-][/c] — следующий [c][ffffff]сигнал[-][/c] [i][c][ff8000](RwBy: WeatherToCop (OffBy: DetectRes & ) [c][ff80ff]OffbySec[-][/c][-][/c][/i],,,,,,,,
pda_qV8u88K,...,,,,,,,,...,,,,,,,,
pda_Cu88Si4,...,,,,,,,,......,,,,,,,,
pda_Omi8DGi,--,,,,,,,,--,,,,,,,,
pda_WgKUGqA,WinOp_ScreenFade - - [c][ffffff]Slept[-][/c] in Tent [i][c][ff8000](OffBy:Liftoff)[-][/c][/i],,,,,,,,WinOp_ScreenFade — [c][ffffff]сон[-][/c] в палатке [i][c][ff8000](OffBy:Liftoff)[-][/c][/i],,,,,,,,
pda_iGuS0eu,Sleeping,,,,,,,,Сон,,,,,,,,
pda_qW8a1G0,...,,,,,,,,...,,,,,,,,
pda_80SiWGi,--,,,,,,,,--,,,,,,,,
pda_eei0i8W,"[i]< Good way to pass some time... ! >[/i]\n\n[i]< But you have to be careful? [/i]\n[i]Bases use fuel, food will spoil ... >[/i]",,,,,,,,"[i]< Хороший способ скоротать время...! >[/i]\n\n[i]< Но нужно быть осторожнее. [/i]\n[i]Базы расходуют топливо, а еда портится... >[/i]",,,,,,,,
pda_GW8G0Oe,CPU Extender,,,,,,,,Расширитель ЦП,,,,,,,,
pda_iGSK0iy,... Placed!,,,,,,,,... Установлено!,,,,,,,,
pda_iqudK8K,--,,,,,,,,--,,,,,,,,
pda_GKW9mue,[i]< Good! >[/i],,,,,,,,[i]< Хорошо! >[/i],,,,,,,,
pda_OGO0OOG,Solar Capacitor,,,,,,,,Солнечный конденсатор,,,,,,,,
pda_e8Wie48,... placed!,,,,,,,,... установлено!,,,,,,,,
pda_SWqOU4C,--,,,,,,,,--,,,,,,,,
pda_Cwu0O00,..,,,,,,,,..,,,,,,,,
pda_u04Cu0G,--,,,,,,,,--,,,,,,,,
pda_O4ieuPu,"[i]< Please select the [[Device list]] tab manually.[/i]\n\n[i]... This here helps only, if you have that tab selected before ... [/i]\n[i]It is a fast way to find items in that list. >[/i]",,,,,,,,"[i]< Пожалуйста, вручную выберите вкладку [[Список устройств]].[/i]\n\n[i]< ... Это поможет, только если эта вкладка уже выбрана... [/i]\n[i]Так можно быстро найти предметы в этом списке. >[/i]",,,,,,,,
pda_KSCmWCu,"[i]< To see how much power they generate:[/i]\n[i]Please [c][ffff00]aim at them and press [-][/c] [c][00ff00][ P ][-][/c] , for the Control Panel >[/i]",,,,,,,,"[i]< Чтобы увидеть, сколько энергии они производят:[/i]\n[i]наведите на них курсор и нажмите [c][00ff00][ P ][-][/c], чтобы открыть панель управления. >[/i]",,,,,,,,
pda_3oiiq4m,"[i]< Please [c][ffff00]turn off the marker[-][/c] with the same switch you used before. >[/i]\n[sub](Solar Panel, Upper right screen, [c][ffffff]turn off 'Show on HUD[-][/c]'  )[/sub]\n\n--\n\n[i]< [c][ffffff]Once done, [-][/c]then please [c][ffff00]switch to the [-][/c][/i][c][ffff00][i][/i][[ Statistics ]] [-][/c][i]tab. >[/i]",,,,,,,,"[i]< Пожалуйста, [c][ffff00]отключите маркер[-][/c] тем же переключателем, которым пользовались раньше. >[/i]\n[sub](Солнечная панель, вверху справа экрана, [c][ffffff]отключите «Показывать на HUD»[-][/c].)[/sub]\n\n--\n\n[i]< [c][ffffff]После этого[-][/c] переключитесь на вкладку [/i][c][ffff00][[ Статистика ]][-][/c][i]. >[/i]",,,,,,,,
pda_Cc4G8SK,"[i]< The [c][ffffff]Solar Capacitor[-][/c] will [b]collect and [/b][c][ffffff]store [-][/c]energy from the panels.  [/i][i]- ... Just give it time, and some good sunshine. >[/i]\n\n[i]< But for it to work at all, you [c][ffffff]need always both[-][/c]. [b][/b][/i]\n[i][b]Panels [/b]and [b]Capacitor[/b]. >[/i]",,,,,,,,[i]< [c][ffffff]Солнечный конденсатор[-][/c] будет [b]собирать и[/b] [c][ffffff]хранить[-][/c] энергию от панелей. [/i][i]— ... Просто дайте ему время и хорошее солнечное освещение. >[/i]\n\n[i]< Но для работы вам [c][ffffff]всегда нужны оба[-][/c]. [/i]\n[i][b]Панели[/b] и [b]конденсатор[/b]. >[/i],,,,,,,,
pda_C804qOC,<[i] The [c][ffffff]Solar Panels[-][/c] ... let's check them out? [/i]\n[i]- - Just to make sure that they are at a good spot ... ? >[/i],,,,,,,,"<[i] [c][ffffff]Солнечные панели[-][/c]... давайте проверим их? [/i]\n[i]— Просто убедимся, что они расположены удачно...? >[/i]",,,,,,,,
pda_aeuemq4,...,,,,,,,,...,,,,,,,,
pda_uiS8SGK,--,,,,,,,,--,,,,,,,,
pda_S80CCWW,"[i]< Those ''CPU [c][ffffff]Tiers[-][/c]''... Think of - - [/i][i] ''[b]Expansion Stages'[/b]'? >[/i]\n\n[i]< For it to work, you only need the 'latest' one active. >[/i]\n[i]< ... But might be good to have a [b]fallback[/b].. [/i][i]>[/i]\n\n\n[i]---[/i]\n( [b]Close window[/b] when done )[i][/i]",,,,,,,,"[i]< Эти «[c][ffffff]уровни[/c] ЦП»... считайте их «[b]этапами расширения[/b]»? >[/i]\n\n[i]< Чтобы система работала, нужен только последний из них в активном состоянии. >[/i]\n[i]< ... Но запасной вариант тоже может быть полезен... >[/i]\n\n\n[i]---[/i]\n( [b]Закройте окно[/b], когда закончите. )[i][/i]",,,,,,,,
pda_tK880KC,[i]( Close Control Panel )[/i],,,,,,,,[i]( Закройте панель управления )[/i],,,,,,,,
pda_U8uaOlO,---,,,,,,,,---,,,,,,,,
pda_vaGaW8W,[i]< Such [c][ffffff]Extenders [-][/c]are some of the [b]most valuable blocks[/b] - [/i]\n[i]Especially for bigger structures.... >[/i]\n\n[i]< - [b]Protect [/b]them well. >[/i],,,,,,,,"[i]< Такие [c][ffffff]расширители[-][/c] — одни из [b]самых ценных блоков[/b], особенно для крупных конструкций... >[/i]\n\n[i]< — Хорошо [b]защищайте[/b] их. >[/i]",,,,,,,,
pda_4MRm48Q,"Sig - EvilHack - DB door [c][ffffff]breached  [-][/c][i][c][ff8000](offby: CoreKill, ReachSV, worried(s) ) [-][/c][/i][c][ff8000]C_off x2 >ToRw >C_On[-][/c][i][c][ff8000][-][/c][/i]",,,,,,,,"Sig — злой взломщик — дверь базы дронов [c][ffffff]взломана[-][/c] [i][c][ff8000](offby: CoreKill, ReachSV, worried(s))[-][/c][/i][c][ff8000]C_off x2 >ToRw >C_On[-][/c][i][c][ff8000][-][/c][/i]",,,,,,,,
pda_iOWO4GG,[c][ff8080][i]( Message )[/i][-][/c],,,,,,,,[c][ff8080][i]( Сообщение )[/i][-][/c],,,,,,,,
pda_WSK0SGq,...,,,,,,,,...,,,,,,,,
pda_8eKaBOS,--,,,,,,,,--,,,,,,,,
pda_OkedS4G,[c][ff8080][b]<<[/b] [-][/c][b][c][c0c0c0]Alien[-][/c] [/b][c][ff8080][c][c0c0c0][c][ffffff][b]Intruder[/b][-][/c][-][/c][-][/c][b] [c][ff8080][c][c0c0c0][b]has breached [/b][-][/c][-][/c]entry doors.[/b] [c][ff8080][b]>>[/b][-][/c]\n\n[c][ff8080][b]<<[/b][-][/c] [c][c0c0c0][b]Suggestion:[/b] [-][/c][c][ff8080][c][c0c0c0][c][ffffff][b]Destroy[/b][-][/c][-][/c][-][/c][b] Intruder.[/b] [c][ff8080][b]>>[/b][-][/c],,,,,,,,[c][ff8080][b]<<[/b][-][/c] [b][c][c0c0c0]Чужой[-][/c] [/b][c][ff8080][c][c0c0c0][c][ffffff][b]нарушитель[-][/c][-][/c][-][/c][b] [c][ff8080][c][c0c0c0][b]проник[/b][-][/c][-][/c] через входные двери.[/b] [c][ff8080][b]>>[/b][-][/c]\n\n[c][ff8080][b]<<[/b][-][/c] [c][c0c0c0][b]Рекомендация:[/b] [-][/c][c][ff8080][c][c0c0c0][c][ffffff][b]Уничтожить[-][/c][-][/c][-][/c][b] нарушителя.[/b] [c][ff8080][b]>>[/b][-][/c],,,,,,,,
pda_LC8KKS0,Sig - EvilHack [c][ffffff]Fanfiction [-][/c]NarrowHall Hacking [i][c][ff8000](offby: CoreKill) [-][/c][/i][c][ff8000]>ToRw x2[-][/c][i][c][ff8000][-][/c][/i],,,,,,,,Sig — злой взломщик — взлом узкого коридора «[c][ffffff]Фанфик[-][/c]» [i][c][ff8000](offby: CoreKill)[-][/c][/i][c][ff8000]>ToRw x2[-][/c][i][c][ff8000][-][/c][/i],,,,,,,,
pda_e0eSeKG,[c][ff8080][i]( Message )[/i][-][/c],,,,,,,,[c][ff8080][i]( Сообщение )[/i][-][/c],,,,,,,,
pda_gqmsA0O,...,,,,,,,,...,,,,,,,,
pda_8auAamC,--,,,,,,,,--,,,,,,,,
pda_qu6S88e,"[c][ff8080][b]<<[/b][-][/c] [c][ffffff]Hidden[-][/c][b][c][c0c0c0] file [-][/c][c][ffffff]""Digging Zascosium""[-][/c] [c][c0c0c0]contains[-][/c] [c][ffffff]errorneous[-][/c][/b][c][c0c0c0][b] data[/b].[-][/c] [c][ff8080][b]>>[/b][-][/c]",,,,,,,,[c][ff8080][b]<<[/b][-][/c] [c][ffffff]Скрытый[-][/c][b][c][c0c0c0] файл [-][/c][c][ffffff]«Добыча заскозиума»[-][/c] [c][c0c0c0]содержит[-][/c] [c][ffffff]ошибочные[-][/c][/b][c][c0c0c0][b] данные.[/b][-][/c] [c][ff8080][b]>>[/b][-][/c],,,,,,,,
pda_O8eaeme,[c][ff8080][i]( Message )[/i][-][/c],,,,,,,,[c][ff8080][i]( Сообщение )[/i][-][/c],,,,,,,,
pda_mei4Wqq,...,,,,,,,,...,,,,,,,,
pda_Ge4qah4,--,,,,,,,,--,,,,,,,,
pda_C800kOC,[c][ff8080][b]<<[/b][-][/c] [c][c0c0c0][b]'[c][ffffff]Zascosium[-][/c]' is not [/b][c][ffffff]'cool'[-][/c].[-][/c] [c][ff8080][b]>>[/b][-][/c]\n[c][ff8080][b]<<[/b][-][/c] [b][c][c0c0c0]Zascosium cannot [-][/c][/b][c][ffffff]speak[-][/c][b][c][c0c0c0].[-][/c][/b] [c][ff8080][b]>>[/b][-][/c]\n[c][ff8080][b]<<[/b][-][/c] [b][c][c0c0c0]Drilling Ore does NOT require complex[-][/c][/b] [c][ffffff]social interaction and responsibility[-][/c][b][c][c0c0c0].[-][/c][/b] [c][ff8080][b]>>[/b][-][/c]\n\n[c][ff8080][b]<<[/b][-][/c] - [b][c][ffffff][b]Deleting[/b] [-][/c][c][c0c0c0]file structure.[-][/c][/b] [c][ff8080][b]>>[/b][-][/c],,,,,,,,[c][ff8080][b]<<[/b][-][/c] [c][c0c0c0][b]«[c][ffffff]Заскозиум[-][/c]» — это не [/b][c][ffffff]«круто»[-][/c].[-][/c] [c][ff8080][b]>>[/b][-][/c]\n[c][ff8080][b]<<[/b][-][/c] [b][c][c0c0c0]Заскозиум не может [-][/c][/b][c][ffffff]говорить[-][/c][b][c][c0c0c0].[-][/c][/b] [c][ff8080][b]>>[/b][-][/c]\n[c][ff8080][b]<<[/b][-][/c] [b][c][c0c0c0]Добыча руды НЕ требует сложного[-][/c][/b] [c][ffffff]социального взаимодействия и ответственности[-][/c][b][c][c0c0c0].[-][/c][/b] [c][ff8080][b]>>[/b][-][/c]\n\n[c][ff8080][b]<<[/b][-][/c] — [b][c][ffffff][b]Удаление[/b] [-][/c][c][c0c0c0]структуры файла.[-][/c][/b] [c][ff8080][b]>>[/b][-][/c],,,,,,,,
pda_pqGWZKq,[i]< I hate you so much .... >[/i],,,,,,,,[i]< Я так тебя ненавижу... >[/i],,,,,,,,
pda_0Lq0ewG,[c][ff8080][b]<<[/b][-][/c] [c][ff8080][c][c0c0c0][b][c][ffffff]Stopping[-][/c][/b][-][/c][-][/c] [c][ff8080][c][c0c0c0]'breach_module' after 150k attempts[-][/c][-][/c][c][ff8080][c][c0c0c0].[-][/c][-][/c] [c][ff8080][b]>>[/b][-][/c],,,,,,,,[c][ff8080][b]<<[/b][-][/c] [c][ff8080][c][c0c0c0][b][c][ffffff]Остановка[-][/c][/b][-][/c][-][/c] [c][ff8080][c][c0c0c0]«модуля проникновения» после 150 тысяч попыток[-][/c][-][/c][c][ff8080][c][c0c0c0].[-][/c][-][/c] [c][ff8080][b]>>[/b][-][/c],,,,,,,,
pda_MauC4Wm,...,,,,,,,,...,,,,,,,,
pda_maaiqSC,...,,,,,,,,...,,,,,,,,
pda_m08Wuki,--,,,,,,,,--,,,,,,,,
pda_ViiK0GY,[c][ff8080][b]<<[/b][-][/c] [c][ff8080][c][c0c0c0][b][c][ffffff]Kill Switch[-][/c][/b][-][/c][-][/c] [c][ff8080][c][c0c0c0]not found[-][/c][-][/c][c][ff8080][c][c0c0c0].[-][/c][-][/c] [c][ff8080][b]>>[/b][-][/c]\n[i][/i]\n[c][ff8080][b]<<[/b][-][/c] [c][c0c0c0][c][ffffff][b]Accessing[/b][-][/c][-][/c] [c][c0c0c0][c][ffffff]backdoor[-][/c].[-][/c] [c][ff8080][b]>>[/b][-][/c],,,,,,,,[c][ff8080][b]<<[/b][-][/c] [c][ff8080][c][c0c0c0][b][c][ffffff]Аварийный выключатель[-][/c][/b][-][/c][-][/c] [c][ff8080][c][c0c0c0]не найден[-][/c][-][/c][c][ff8080][c][c0c0c0].[-][/c][-][/c] [c][ff8080][b]>>[/b][-][/c]\n[i][/i]\n[c][ff8080][b]<<[/b][-][/c] [c][c0c0c0][c][ffffff][b]Получение доступа[/b][-][/c][-][/c] [c][c0c0c0]через [c][ffffff]заднюю дверь[-][/c].[-][/c] [c][ff8080][b]>>[/b][-][/c],,,,,,,,
pda_G08eKqC,"[i]< ... Hah, what is this, [c][ffffff]brute force[-][/c] ? >[/i]\n[i][/i]\n[i]< Which millennium are you [b]made [/b]in ?![/i]\n[i][c][ffffff]Hacking [-][/c]is- >[/i]",,,,,,,,"[i]< ... Ха, что это, [c][ffffff]перебор вариантов[-][/c]? >[/i]\n\n[i]< В каком тысячелетии вас [b]создали[/b]?![/i]\n[i][c][ffffff]Взлом[-][/c] — это... >[/i]",,,,,,,,
pda_4WC8ama,[i]< W- ?! > [/i][c][c0c0c0]chirp[-][/c],,,,,,,,[i]< Ч-?! > [/i][c][c0c0c0]писк[-][/c],,,,,,,,
pda_meSGCOm,_________ [i](Checking progress for Copper Mine)[/i],,,,,,,,_________ [i](Проверка прогресса медной шахты)[/i],,,,,,,,
pda_SOS1Sgi,--,,,,,,,,--,,,,,,,,
pda_WOWa4ui,--,,,,,,,,--,,,,,,,,
pda_iKm0Gmq,--,,,,,,,,--,,,,,,,,
pda_8GaGKO1,[i]( Power source ? )[/i],,,,,,,,[i]( Источник питания? )[/i],,,,,,,,
pda_4GSWmC8,[c][ffff00]Get closer to 'Weak signal'[-][/c]\n[i][sup][c][c0c0c0](Check Map[-][/c] [c][00ff00][M][-][/c] [c][c0c0c0]if not nearby)[-][/c][/sup][/i],,,,,,,,"[c][ffff00]Подойдите ближе к «Слабому сигналу»[-][/c]\n[i][sup][c][c0c0c0](Проверьте карту [-][/c][c][00ff00][M][-][/c][c][c0c0c0], если он не рядом.)[-][/c][/sup][/i]",,,,,,,,
pda_4i0WK4m,--,,,,,,,,--,,,,,,,,
pda_SWiimXh,"You just [u]found a [c][ffffff]""POI""[-][/c][/u]:\n\n""Point of interest""\n\n( ... Places like these offer [c][ffffff]adventure, challenges, loot[-][/c] ... )",,,,,,,,"Вы только что [u]нашли [c][ffffff]«POI»[-][/c][/u]:\n\n«Точку интереса».\n\n(... Такие места предлагают [c][ffffff]приключения, испытания, добычу[-][/c]...)",,,,,,,,
pda_WRuGaCG,Take 'First Aid Kit' from loot palette,,,,,,,,Возьмите «Аптечку» из паллеты с добычей,,,,,,,,
pda_aq40umi,--,,,,,,,,--,,,,,,,,
pda_OaeGOeK,Check for O[sub]2[/sub] leak,,,,,,,,Проверьте утечку O[sub]2[/sub],,,,,,,,
pda_uWiE4qc,- Select [b][c][ffffff][[[-][/c][/b][c][00ff00]Debug[-][/c][c][ffffff][b]]][/b][-][/c] [c][ffffff]tab.[-][/c],,,,,,,,- Выберите вкладку [b][c][ffffff][[[-][/c][/b][c][00ff00]Отладка[-][/c][c][ffffff][b]]][/b][-][/c] [c][ffffff].[-][/c],,,,,,,,
pda_CmquW3m,- Press [c][00ff00][N][-][/c] for [c][ffffff]Building [-][/c]menu.,,,,,,,,"- Нажмите [c][00ff00][N][-][/c], чтобы открыть меню [c][ffffff]строительства[-][/c].",,,,,,,,
pda_0lU0OO4,--,,,,,,,,--,,,,,,,,
pda_4u498wg,Switch to the  [c][ffff00][[Debug ]][-][/c] tab.\n[sup][i](Upper right corner)[/i][/sup],,,,,,,,Переключитесь на вкладку [c][ffff00][[Отладка]][-][/c].\n[sup][i](В правом верхнем углу.)[/i][/sup],,,,,,,,
pda_s8SK8iq,\n\n\n\n\n\n\n\n\n\n \n\n- Select '[c][00ff00]Show Oxygen[-][/c]' checkbox\n[i][c][c0c0c0][sup](no notification for that)[/sup][-][/c][/i],,,,,,,,\n\n\n\n\n\n\n\n\n\n\n\n\n- Установите флажок «[c][00ff00]Показывать кислород[-][/c]»\n[i][c][c0c0c0][sup](Уведомления не будет.)[-][/c][/sup][/i],,,,,,,,
pda_a4gBr4a,---,,,,,,,,---,,,,,,,,
pda_SnimKei,"- Click [c][ffffff]checkbox[-][/c]: '[c][ffff00]Show Oxygen[-][/c]'\n\n- Then [c][00ff00][N][-][/c] , to be able to move again.",,,,,,,,"- Установите [c][ffffff]флажок[-][/c]: «[c][ffff00]Показывать кислород[-][/c]»\n\n- Затем нажмите [c][00ff00][N][-][/c], чтобы снова можно было двигаться.",,,,,,,,
pda_WuGhuOK,--,,,,,,,,--,,,,,,,,
pda_mGqGWiK,"[c][ff8080]LightRed:[-][/c] [i]One-time-only checks, cannot be repeated[/i]",,,,,,,,"[c][ff8080]Светло-красный:[-][/c] [i]одноразовые проверки, которые нельзя повторить[/i]",,,,,,,,
pda_meWmWGi,--,,,,,,,,--,,,,,,,,
pda_iOWmSmG,--,,,,,,,,--,,,,,,,,
pda_8m0p4Cq,--,,,,,,,,--,,,,,,,,
pda_im0uhaC,...,,,,,,,,...,,,,,,,,
pda_GqOuakW,"[c][ffff80]Unlock the[-][/c] ""[c][ffff00]Portable Constructor[-][/c]"":\n\n- Above, [c][ffffff]select [-][/c]the[c][ffffff] [c][ffff00][[ Misc ]] [c][ffffff]Tab[-][/c][-][/c][-][/c].\n- Then scroll a bit down;  it is to the left side.",,,,,,,,[c][ffff80]Разблокируйте[-][/c] «[c][ffff00]Переносной конструктор[-][/c]»:\n\n- Сверху [c][ffffff]выберите[-][/c] вкладку [c][ffff00][[ Разное ]][-][/c].\n- Затем немного прокрутите вниз: он находится слева.,,,,,,,,
pda_GWdcgae,---,,,,,,,,---,,,,,,,,
pda_aWDEuaG,"<[i] You crafted a [b]Component[/b]... \nThat is only a [b]part[/b]. >[/i]\n\n[i]< For things of use, [c][ffff80]switch to the [-][/c][c][ffffff]Devices [-][/c]or [c][ffffff]Weapons[-][/c] [c][ffff80]categories. [-][/c]\n... See the [b]small symbols[/b] above the Templates. >[/i]",,,,,,,,<[i] Вы создали [b]компонент[/b]... \nЭто лишь [b]часть[/b]. >[/i]\n\n[i]< Для полезных вещей [c][ffff80]переключитесь на[-][/c] категории [c][ffffff]Устройства[-][/c] или [c][ffffff]Оружие[-][/c] [c][ffff80].[-][/c]\n... Смотрите на [b]маленькие значки[/b] над шаблонами. >[/i],,,,,,,,
pda_KpCm4ua,"[i]< You crafted a [c][ffffff]Hoverbike Kit.[-][/c] This is just a component. >[/i]\n\n[i]< Switch to the [c][ffff00]'Devices' filter[-][/c] [c][ffff00]tab,[-][/c] to craft the full Bike out of it.[/i]\n[i] (top left template, then) > [/i]",,,,,,,,"[i]< Вы создали [c][ffffff]комплект ховербайка[-][/c]. Это лишь компонент. >[/i]\n\n[i]< Переключитесь на вкладку-фильтр [c][ffff00]«Устройства»[-][/c], чтобы создать из него полный байк.[/i]\n[i](затем выберите верхний левый шаблон) >[/i]",,,,,,,,
pda_CSe8nEi,"[c][0080ff]nUnit[-][/c] - Guid-Spider[c][ffffff]Noise[-][/c]s  [i][c][ff8000](OffBy:DefenseMde [-][/c][/i][c][ff8000][i] PCCrafts, SmallSpider[/i][i] )[/i][-][/c]",,,,,,,,"[c][0080ff]nUnit[-][/c] — Guid-Паук[c][ffffff]Шум[-][/c] [i][c][ff8000](OffBy:DefenseMde [-][/c][/i][c][ff8000][i] PCCrafts, SmallSpider[/i][i] )[/i][-][/c]",,,,,,,,
pda_0WiGCKo,...,,,,,,,,...,,,,,,,,
pda_am4GKqK,...,,,,,,,,...,,,,,,,,
pda_ieuiGCc,--,,,,,,,,--,,,,,,,,
pda_OCOW4OC,"[c][0080ff]nPOI[-][/c] - Guid- rw-Spider[c][ffffff]Movement[-][/c] RwBy:   [i][c][ff8000](OffBy: DefenseMode, PCCrafts, SmallSpider)[-][/c][/i]",,,,,,,,"[c][0080ff]nPOI[-][/c] — Guid — rw-Паук[c][ffffff]Движение[-][/c] RwBy: [i][c][ff8000](OffBy: DefenseMode, PCCrafts, SmallSpider)[-][/c][/i]",,,,,,,,
pda_KW4CmEK,...,,,,,,,,...,,,,,,,,
pda_QGWS0Km,...,,,,,,,,...,,,,,,,,
pda_q4u0COe,--,,,,,,,,--,,,,,,,,
pda_qiOOO8W,... Hover your mouse over the [c][ffffff]small [-][/c][c][ffff00]filter icons[-][/c][c][ffffff] above[-][/c] the list. >>\n                                                              [c][c0c0c0][sup][i](close this text window first)[/i][/sup][-][/c]\n\n                                                  Left row:                                Right row:\n                                                 Template types        Sort by structure\n\n                                                  Below that:\n                                                  Crafting Templates.\n\n\n\n\n\n\n\n\n\n\n\n\n\n\n\n\n\n\n\n\n[c][000040]-[-][/c],,,,,,,,... Наведите курсор на [c][ffffff]маленькие[-][/c] [c][ffff00]значки фильтров[-][/c] [c][ffffff]над[-][/c] списком. >>\n[c][c0c0c0][sup][i](Сначала закройте это текстовое окно.)[/i][/sup][-][/c]\n\nЛевый ряд:                                Правый ряд:\nТипы шаблонов                              Сортировка по конструкции\n\nНиже:\nШаблоны создания.\n\n\n\n\n\n\n\n\n\n\n\n\n\n\n\n\n\n\n\n\n\n[c][000040]-[-][/c],,,,,,,,
pda_KO40u0q,"[i]< Okay, food source secured... ! >[/i]\n\n[i]< Now, this is  ... also important - [/i]\n[i]You need [c][ffffff]resources [-][/c]for better gear. >[/i]",,,,,,,,"[i]< Хорошо, источник еды обеспечен...! >[/i]\n\n[i]< Теперь это тоже важно — [/i]\n[i]вам нужны [c][ffffff]ресурсы[-][/c] для лучшего снаряжения. >[/i]",,,,,,,,
pda_uaWimSi,Crft - Crafted PC &[c][ffffff] terrain place[-][/c]- [c][ff8000][i](OffBy: UsedConsole) [/i][-][/c]>C_Off,,,,,,,,Crft — создан ПК и [c][ffffff]установлен на местности[-][/c] — [c][ff8000][i](OffBy: UsedConsole)[/i][-][/c]>C_Off,,,,,,,,
pda_8S6K8u8,Crafting done,,,,,,,,Создание завершено,,,,,,,,
pda_C0S44Cq,In your Inventory [c][00ff00][Tab][-][/c] ...[c][00ff00][-][/c],,,,,,,,В вашем инвентаре [c][00ff00][Tab][-][/c]...[c][00ff00][-][/c],,,,,,,,
pda_uOOqeWq,--,,,,,,,,--,,,,,,,,
pda_0m80ui2,...,,,,,,,,...,,,,,,,,
pda_SGGaqaq,--,,,,,,,,--,,,,,,,,
pda_GAKiqma,[i]< Please [c][ffffff]select the Tab[-][/c] [/i] [c][ffff00][[ Survival Constructor ]][-][/c][i] at upper right screen. >[/i],,,,,,,,"[i]< Пожалуйста, выберите вкладку [/i][c][ffff00][[ Конструктор выживания ]][-][/c][i] в правом верхнем углу экрана. >[/i]",,,,,,,,
pda_OIeWmOa,"[i]< The constructor is ready! >[/i]\n[i][/i]\n[i]< ... Put it [c][ffff80]into your toolbar,[-][/c] and [c][ffff80]select[-][/c] it. >[/i]",,,,,,,,[i]< Конструктор готов! >[/i]\n\n[i]< ... Поместите его [c][ffff80]на панель быстрого доступа[-][/c] и [c][ffff80]выберите[-][/c]. >[/i],,,,,,,,
pda_8WG0G8W,"- Take [c][ffffff][b]Portable Constructor[/b] [-][/c]from [b]Output[/b] slot.\n - Put in [c][ffffff]Toolbar[-][/c], and [c][ffffff]select it[-][/c]",,,,,,,,- Возьмите [c][ffffff][b]переносной конструктор[-][/c] из ячейки [b]вывода[-][/b].\n- Поместите его на [c][ffffff]панель быстрого доступа[-][/c] и [c][ffffff]выберите[-][/c].,,,,,,,,
pda_0eGeWOk,---,,,,,,,,---,,,,,,,,
pda_4eG6mS8,"< Select it, and[c][ffffff] aim[-][/c][c][ffffff] at ground >[-][/c][i][/i]\n[sup][i](outside of a structure)[/i][/sup]\n[c][00ff00][-][/c]\n[i]< [c][00ff00][-][/c][/i][c][00ff00][LMB] [-][/c][i][c][00ff00][-][/c]to place. >[/i]",,,,,,,,"< Выберите его и [c][ffffff]наведите[-][/c] [c][ffffff]на землю. >[-][/c]\n[sup][i](за пределами конструкции)[/i][/sup]\n[c][00ff00][-][/c]\n[i]< Нажмите [/i][c][00ff00][ЛКМ][-][/c][i], чтобы установить. >[/i]",,,,,,,,
pda_Kmum40S,- Place on [c][ffffff][b]Soil[/b][-][/c] [c][00ff00][LMB][-][/c],,,,,,,,- Установите на [c][ffffff][b]почву[-][/c] [c][00ff00][ЛКМ][-][/c],,,,,,,,
pda_884SWmi,---,,,,,,,,---,,,,,,,,
pda_maNEqqe,Crafting done,,,,,,,,Создание завершено,,,,,,,,
pda_kWiuiWa,...,,,,,,,,...,,,,,,,,
pda_G8qS88G,--,,,,,,,,--,,,,,,,,
pda_ua8G4Cu,"Note: [u][c][ffffff]Crafting times [-][/c][/u]\n\nIn the main game, you \ncan adjust these in the \n[b]difficulty settings.[/b]",,,,,,,,Примечание: [u][c][ffffff]время создания[-][/c][/u]\n\nВ основной игре его можно\nнастроить в [b]параметрах сложности[/b].,,,,,,,,
pda_0G8m4CG,"[i]< This is a [c][ffffff]""terrain placeble"" [-][/c]device.\n... They only work at [b]outsides[/b]. >[/i]\n[i][/i]\n[i]< [c][ffff00]Access it [-][/c]with [/i][c][00ff00][ F ][-][/c][i] ... >[/i]",,,,,,,,[i]< Это устройство [c][ffffff]для установки на местности[-][/c].\n... Они работают только [b]снаружи[/b]. >[/i]\n\n[i]< Получите к нему [c][ffff00]доступ[-][/c] клавишей [/i][c][00ff00][ F ][-][/c][i]... >[/i],,,,,,,,
pda_0CumGmi,...,,,,,,,,...,,,,,,,,
pda_mqGOeem,--,,,,,,,,--,,,,,,,,
pda_K0uZai8,[u][c][ffffff]Overview[-][/c][/u]: \n\n[sup]<- [i]Left[/i][/sup]                                                  [i][sup]Middle[/sup][/i]                                       [sup][i]Right[/i] ->[/sup]\n [c][ffffff]Select container[-][/c]                        [b]Crafting queue[/b]                       [b]Templates[/b]\nfor resources &                                                                                              \nproducts                                                                                                        ,,,,,,,,[u][c][ffffff]Обзор[-][/c][/u]:\n\n[sup]<- [i]Слева[/i][/sup]                                                  [i][sup]Посередине[/sup][/i]                                       [sup][i]Справа[/i] ->[/sup]\n[c][ffffff]Выбор контейнера[-][/c]                        [b]Очередь создания[/b]                       [b]Шаблоны[/b]\nдля ресурсов и\nпродуктов,,,,,,,,
pda_wOmaM0a,[c][0080ff]Mrk[-][/c] - rw - Detector [c][ffffff]loot[-][/c] [c][ff8000][i](RwByT: PCCrafts)  (OffBy: UseRadar)[/i][-][/c],,,,,,,,[c][0080ff]Mrk[-][/c] — rw — добыча [c][ffffff]детектора[-][/c] [c][ff8000][i](RwByT: PCCrafts) (OffBy: UseRadar)[/i][-][/c],,,,,,,,
pda_Gu8a4a0,...,,,,,,,,...,,,,,,,,
pda_Gm0OaQC,...,,,,,,,,...,,,,,,,,
pda_K0IWme0,--,,,,,,,,--,,,,,,,,
pda_mmCiSum,...,,,,,,,,...,,,,,,,,
pda_04gwcKu,...,,,,,,,,...,,,,,,,,
pda_88oWCSO,--,,,,,,,,--,,,,,,,,
pda_Kam6q8q,...,,,,,,,,...,,,,,,,,
pda_a8QuCiS,--,,,,,,,,--,,,,,,,,
pda_GSSWmq0,[c][ffffff]BlkPlc[-][/c] - [c][80ffff]CalSig10[-][/c] [c][ffffff]CPU[-][/c] Explain new,,,,,,,,[c][ffffff]BlkPlc[-][/c] — [c][80ffff]CalSig10[-][/c] — новое объяснение [c][ffffff]ЦП[-][/c],,,,,,,,
pda_qa8qSjh,[i]( Zirax base location ? )[/i],,,,,,,,[i]( Расположение базы зираксов? )[/i],,,,,,,,
pda_awWqK4C,...,,,,,,,,...,,,,,,,,
pda_4qe4WO8,--,,,,,,,,--,,,,,,,,
pda_4QGkWmi,[i]< They must be over the ocean. [/i]\n[i]- On the [c][ffffff]northern isle[-][/c]. >[/i]\n\n[i]<  ... but still no good [b]way to get there[/b] ... >[/i],,,,,,,,"[i]< Должно быть, они за океаном. [/i]\n[i]— На [c][ffffff]северном острове[-][/c]. >[/i]\n\n[i]< ... Но до сих пор нет хорошего [b]способа туда добраться[/b]... >[/i]",,,,,,,,
pda_GG8OYWW,...,,,,,,,,...,,,,,,,,
pda_KG8GW0m,--,,,,,,,,--,,,,,,,,
pda_OKAuCwa,[i](Please close Drone inventory again)[/i],,,,,,,,"[i](Пожалуйста, снова закройте инвентарь дрона.)[/i]",,,,,,,,
pda_0KGaaO0,--,,,,,,,,--,,,,,,,,
pda_SidOW48,...,,,,,,,,...,,,,,,,,
pda_4aeKeG4,--,,,,,,,,--,,,,,,,,
pda_eC8uWKe,"[i]< Lucky us. That was just a [b]wildlife monitor.  [/b]>[/i]\n\n[i]< Usually, these have [c][ffffff]guns[-][/c]... [/i][i]>[/i]\n[i][/i]\n[i]< - Please, [c][ffff00]loot it.[-][/c] [/i][i]>[/i]",,,,,,,,"[i]< Нам повезло. Это был всего лишь [b]монитор дикой природы[/b]. >[/i]\n\n[i]< Обычно у них есть [c][ffffff]оружие[-][/c]... >[/i]\n\n[i]< — Пожалуйста, [c][ffff00]обыщите его[-][/c]. >[/i]",,,,,,,,
pda_auImCka,"[i]< Okay! ... [c][ffffff]Resources[-][/c] for the Factory ...[/i]\n[i]Ideally, something that[/i][i] shortens the construction time ... >[/i]\n[i][/i]\n[i]< One moment - - >[/i]",,,,,,,,"[i]< Хорошо! ... [c][ffffff]Ресурсы[-][/c] для фабрики...[/i]\n[i]В идеале — что-то, что сократит время строительства... >[/i]\n\n[i]< Секунду... >[/i]",,,,,,,,
pda_OmCq8CW,"[i]< The [c][ffffff]bare minimum[-][/c], what an [c][ffffff]Hover Vessel [-][/c]needs to function. [/i]\n[i][/i]\n[i]< This does [b]not [/b]mean, it will work well...  >[/i]\n[i]Steering that thing could be a nightmare ... >[/i]",,,,,,,,"[i]< [c][ffffff]Минимальный набор[-][/c], необходимый [c][ffffff]ховерному судну[-][/c] для работы. [/i]\n\n[i]< Но это [b]не[/b] значит, что оно будет работать хорошо... >[/i]\n[i]Управление этой штукой может стать кошмаром... >[/i]",,,,,,,,
pda_mm0O0OG,"[i]< [c][ffffff]Hover Engines[-][/c] ... Extremely powerful and fuel efficient.[/i]\n[i]They also can go higher than a Ground Repulsor. >[/i]\n[i][/i]\n[i]< But to use them, you need other means of propulsion and steering. >[/i]",,,,,,,,"[i]< [c][ffffff]Ховерные двигатели[-][/c]... чрезвычайно мощные и экономичные. [/i]\n[i]Они также могут поднимать судно выше, чем наземный репульсор. >[/i]\n\n[i]< Но для их использования нужны другие средства тяги и управления. >[/i]",,,,,,,,
pda_CCKWOW8,"[i]< [c][ffffff]Ground repulsors[-][/c] are as compact as it gets. [/i]\n[i]Can turn, hover, move... - They are just a bit weak. >[/i]\n[i][/i]\n[i]< Still, good to build [b]Hoverbikes[/b] with. >[/i]",,,,,,,,"[i]< [c][ffffff]Наземные репульсоры[-][/c] — настолько компактны, насколько возможно. [/i]\n[i]Могут поворачивать, парить, двигаться... но они немного слабоваты. >[/i]\n\n[i]< Всё же хорошо подходят для постройки [b]ховербайков[/b]. >[/i]",,,,,,,,
pda_OSGmWeO,"[i]< The [c][ffffff]location [-][/c]of those [b]hover[/b] engines[b][/b]... >[/i]\n[i][/i]\n[i][/i]\n[i]< It does a great deal for [c][ffffff]stability[-][/c].  - - Or, Not. >[/i]",,,,,,,,[i]< [c][ffffff]Расположение[-][/c] этих [b]ховерных[/b] двигателей... >[/i]\n\n[i]< Оно сильно влияет на [c][ffffff]устойчивость[-][/c]. Или не влияет. >[/i],,,,,,,,
pda_mmSSm8S,"[u][c][ffffff]Vessel turn rate[-][/c][/u][c][ffffff]:[-][/c][u][c][ffffff][-][/c][/u]\n[i](=Torque)[/i]\n... Depends on the [c][ffffff]Thruster's locations[-][/c][b]. [/b]The [b]further out[/b], the better. \n\nAlternatively, use [b]RCS [/b]blocks. [i](But, those need a lot of CPU)[/i]",,,,,,,,"[u][c][ffffff]Скорость поворота судна[-][/c][/u][c][ffffff]:[-][/c][u][c][ffffff][-][/c][/u]\n[i](=Крутящий момент)[/i]\n... Зависит от [c][ffffff]расположения двигателей[-][/c][b].[/b] Чем [b]дальше от центра[/b], тем лучше.\n\nЛибо используйте блоки [b]RCS[/b]. [i](Но им требуется много ЦП.)[/i]",,,,,,,,
pda_SGq4Ks8,"[i]< These modular [c][ffffff]Container Controller [-][/c]types ... [/i]\n[i]They are [b]needed[/b], for the other devices to work. >[/i]\n\n[i]< To store collected resources... [/i]\n[i]Or to teleport new ammo to the weapons. >[/i]",,,,,,,,"[i]< Эти модульные [c][ffffff]контроллеры контейнеров[-][/c]... [/i]\n[i]Они [b]нужны[/b], чтобы другие устройства могли работать. >[/i]\n\n[i]< Для хранения собранных ресурсов... [/i]\n[i]Или для телепортации новых боеприпасов к оружию. >[/i]",,,,,,,,
pda_maZa2i4,[i]- Check fuel cargo palette (Marker)[/i],,,,,,,,[i]— Проверьте грузовую паллету с топливом (маркер)[/i],,,,,,,,
pda_uf4SOCi,--,,,,,,,,--,,,,,,,,
pda_ghOCCiK,[i]- Collect fuel[/i],,,,,,,,[i]— Соберите топливо[/i],,,,,,,,
pda_WeCiaCG,--,,,,,,,,--,,,,,,,,
pda_C8G8imm,- Power off/on Hover:\n[c][00ff00][Z][-][/c] key ( or [Y] ),,,,,,,,- Включение/выключение питания ховера:\nклавиша [c][00ff00][Z][-][/c] (или [Y]),,,,,,,,
pda_A8sSSWG,--,,,,,,,,--,,,,,,,,
pda_84amaKi,- Sit in your HV's cockpit,,,,,,,,- Сядьте в кабину своего ховерного судна,,,,,,,,
pda_C4aqWS8,---,,,,,,,,---,,,,,,,,
pda_4iaWC4W,[sup][i]- Close drone view[/i] [c][00ff00][ F5 ][-][/c][/sup],,,,,,,,[sup][i]— Закройте обзор дрона[/i] [c][00ff00][ F5 ][-][/c][/sup],,,,,,,,
pda_8Amu8CS,--,,,,,,,,--,,,,,,,,
pda_eeaKuaG,- Distract Sentry with Tool Drone [c][00ff00][ F5 ][-][/c],,,,,,,,- Отвлеките часового дроном-инструментом [c][00ff00][ F5 ][-][/c],,,,,,,,
pda_uSGmSSG,---,,,,,,,,---,,,,,,,,
pda_g849aKQ,[i]< There is an [c][ffffff][c][ffff00]opening[-][/c] [-][/c]in the building's [c][ffff00]roof [-][/c]...  >[/i]\n\n[i]< Try to [c][ffffff]get behind[-][/c][b][/b] it... ? >[/i],,,,,,,,[i]< В [c][ffff00]крыше[-][/c] здания есть [c][ffffff][c][ffff00]проём[-][/c][-][/c]... >[/i]\n\n[i]< Попробуйте [c][ffffff]зайти сзади[-][/c]...? >[/i],,,,,,,,
pda_iqSGACu,Destroy all turrets,,,,,,,,Уничтожьте все турели,,,,,,,,
pda_6Sm4fY8,...,,,,,,,,...,,,,,,,,
pda_netCGqW,--,,,,,,,,--,,,,,,,,
pda_8GuO0CG,...,,,,,,,,...,,,,,,,,
pda_ame8amG,--,,,,,,,,--,,,,,,,,
pda_WecOa8I,[i]< Please select the[/i]  [c][ffff00][[ Main ]][-][/c] [i]tab. >[/i],,,,,,,,"[i]< Пожалуйста, выберите вкладку [/i][c][ffff00][[ Главное ]][-][/c][i]. >[/i]",,,,,,,,
pda_KemmSmX,_________ [i](Artillery) & mission stuff[/i],,,,,,,,_________ [i](Артиллерия) и материалы задания[/i],,,,,,,,
pda_OC08feu,--,,,,,,,,--,,,,,,,,
pda_8GC8KUa,--,,,,,,,,--,,,,,,,,
pda_KaD0OCS,--,,,,,,,,--,,,,,,,,
pda_6WC0ioe,[c][0080ff]Mrk[-][/c] - [c][ff8080]N[-][/c] - [c][ffffff]ArtyGuid[-][/c]e norm [c][ff8000][i](RwByT: CloneH)[/i] [i](OffBy: ArtyDiscover & ArtyEarly)[/i][-][/c],,,,,,,,[c][0080ff]Mrk[-][/c] — [c][ff8080]N[-][/c] — обычный [c][ffffff]путеводитель по артиллерии[-][/c] [c][ff8000][i](RwByT: CloneH)[/i] [i](OffBy: ArtyDiscover & ArtyEarly)[/i][-][/c],,,,,,,,
pda_q4i8mGe,...,,,,,,,,...,,,,,,,,
pda_K0ma4K0,...,,,,,,,,...,,,,,,,,
pda_W0WeW40,--,,,,,,,,--,,,,,,,,
pda_e0ASKme,...,,,,,,,,...,,,,,,,,
pda_W4e4Cql,---,,,,,,,,---,,,,,,,,
pda_GQ3uOa0,...,,,,,,,,...,,,,,,,,
pda_apO8GCC,--,,,,,,,,--,,,,,,,,
pda_mOOiuG0,[c][0080ff]nUnit[-][/c] - [c][ffffff]MainData[-][/c]Repository [i][c][ff8000](OnBy:EHPlDead2&Freakout) [-][/c][/i] [i][c][ff8000](OffBy: DBCoreKill)[-][/c][/i],,,,,,,,[c][0080ff]nUnit[-][/c] — [c][ffffff]главное хранилище данных[-][/c] [i][c][ff8000](OnBy:EHPlDead2&Freakout)[-][/c][/i] [i][c][ff8000](OffBy: DBCoreKill)[-][/c][/i],,,,,,,,
pda_4CC0aoe,...,,,,,,,,...,,,,,,,,
pda_iWqG8Gu,...,,,,,,,,...,,,,,,,,
pda_CGa9KSS,--,,,,,,,,--,,,,,,,,
pda_WKeKaWS,"[i]< A [b]tank[/b]. - - More like a mobile base, for quick [c][ffffff]revival[-][/c]. [/i]\n[i]The Clone Chamber is included... >[/i]",,,,,,,,[i]< [b]Танк[/b]. Скорее мобильная база для быстрого [c][ffffff]возрождения[-][/c]. [/i]\n[i]Камера клонирования уже встроена... >[/i],,,,,,,,
pda_umWGeqO,[i]< A wonderful vessel ... for [b]drilling ore deposits[/b] .... [/i][i] >[/i],,,,,,,,[i]< Прекрасное судно... для [b]добычи рудных залежей[/b]... >[/i],,,,,,,,
pda_OuKqWme,...,,,,,,,,...,,,,,,,,
pda_auiuSeu,...,,,,,,,,...,,,,,,,,
pda_IWGa88G,--,,,,,,,,--,,,,,,,,
pda_O8e4iCO,"[i]<  ... These fighter jets are actually [c][ffffff]Space Vessels[-][/c], too .[/i]\n[i] - But it won't help.[/i][i] - No warp drive.[/i]\n[i]- And even if they [/i]had [i]one, their reach would be very limited. >[/i]\n[i][/i]\n[i]< ... Just the[c][ffffff] vessel in the[-][/c] [c][ffff00]Drone Base[-][/c] should get us out of this system. >[/i]",,,,,,,,"[i]< ... Эти истребители на самом деле тоже [c][ffffff]космические суда[-][/c].[/i]\n[i]— Но это не поможет. У них нет варп-двигателя.[/i]\n[i]— И даже будь он у них, дальность полёта была бы очень ограниченной. >[/i]\n\n[i]< ... Только [c][ffffff]судно на[-][/c] [c][ffff00]базе дронов[-][/c] сможет вывезти нас из этой системы. >[/i]",,,,,,,,
pda_meO8uqG,"[i]< [c][ffffff]Small Vessels,[-][/c] or '[c][ffffff]SV[-][/c]'. [/i]\n[i]Scouts and strike craft. >[/i]\n[i][/i]\n[i]<  - Very brittle, even with shields. [/i]\n[i]... Need to hit it hard, and [b]fast [/b]... >[/i]",,,,,,,,"[i]< [c][ffffff]Малые суда[-][/c], или «[c][ffffff]SV[-][/c]». [/i]\n[i]Разведчики и ударные корабли. >[/i]\n\n[i]< Они очень хрупкие, даже со щитами. [/i]\n[i]... Нужно ударить сильно и [b]быстро[/b]... >[/i]",,,,,,,,
pda_2OWSeau,"[c][0080ff](nPOI)[-][/c] - [c][ffffff]ReachDB[-][/c] [c][0080ff]Task[-][/c]list  [i][c][ff8000](OnByT: HackMsg1, NestCatchall) [-][/c][/i][c][ff8000]>C_On x4 >C_off >ToRw [b]Unlocks[/b][-][/c]",,,,,,,,"[c][0080ff](nPOI)[-][/c] — [c][ffffff]достичь базы дронов[-][/c] — [c][0080ff]список[-][/c] заданий [i][c][ff8000](OnByT: HackMsg1, NestCatchall)[-][/c][/i][c][ff8000]>C_On x4 >C_off >ToRw [b]Разблокировки[/b][-][/c]",,,,,,,,
pda_SCieSWC,Raiding a DroneBase,,,,,,,,Рейд на базу дронов,,,,,,,,
pda_mWeK8OG,"[c][ffff00]2- Reach space ship inside of DroneBase Hangar[-][/c]\n[i][sup][c][c0c0c0]( Name: "" Starlight Inheritor"" )[-][/c][/sup][/i]",,,,,,,,[c][ffff00]2 — Доберитесь до космического корабля в ангаре базы дронов[-][/c]\n[i][sup][c][c0c0c0](Название: «Starlight Inheritor»)[-][/c][/sup][/i],,,,,,,,
pda_WuZieaS,--,,,,,,,,--,,,,,,,,
pda_WAuEGeK,"1- Choose a transport[i]\n[sup][c][c0c0c0](To fill fuel into a tank, use the Control Panel [ P ] )[-][/c][/sup][/i]",,,,,,,,"1 — Выберите транспорт[i]\n[sup][c][c0c0c0](Чтобы заполнить бак топливом, используйте панель управления [ P ])[-][/c][/sup][/i]",,,,,,,,
pda_W5e08uK,--,,,,,,,,--,,,,,,,,
pda_iGWeC48,Raiding a DroneBase,,,,,,,,Рейд на базу дронов,,,,,,,,
pda_eKq44O8,[c][ffff00]Open Armor Locker[-][/c],,,,,,,,[c][ffff00]Откройте шкаф для брони[-][/c],,,,,,,,
pda_eu8SWKu,--,,,,,,,,--,,,,,,,,
pda_WW4kmqQ,Stock Up,,,,,,,,Запаситесь припасами,,,,,,,,
pda_ieaeKi0,WnOp_ArmrLock [c][ffffff]FightBoost[-][/c] [i][c][ff8000](RwByT: ExploreNest) >C_Off x5[-][/c][/i],,,,,,,,WnOp_ArmrLock — [c][ffffff]боевое усиление[-][/c] [i][c][ff8000](RwByT: ExploreNest) >C_Off x5[-][/c][/i],,,,,,,,
pda_E8JWiKG,Durability & Armor,,,,,,,,Прочность и броня,,,,,,,,
pda_GeOkuu4,...,,,,,,,,...,,,,,,,,
pda_qWiCOGe,--,,,,,,,,--,,,,,,,,
pda_4iqeCPa,itm - Sit in [c][ffffff]NestDrillHV[-][/c][c][ff80ff][-][/c][c][ff8000][i] (OnBy: [/i][i]ReachDB)[/i][i](OffBy: HackDrill)[/i] >C_On >C_OnMarker x2[-][/c],,,,,,,,itm — сядьте в [c][ffffff]NestDrillHV[-][/c][c][ff80ff][-][/c][c][ff8000][i] (OnBy: [/i][i]ReachDB)[/i][i](OffBy: HackDrill)[/i] >C_On >C_OnMarker x2[-][/c],,,,,,,,
pda_uv2aiOi,...,,,,,,,,...,,,,,,,,
pda_KQOSGm8,...,,,,,,,,...,,,,,,,,
pda_mqa44a8,--,,,,,,,,--,,,,,,,,
pda_aw8um0i,[c][ff80ff]REMOVED -[-][/c][c][0080ff]Mrk[-][/c] & trg - [c][ffffff]StartDrilling[-][/c]Pos[c][ff8000][i] ([/i][i]OnBy:NestDrillHV)[/i][-][/c][c][ff8000][i] (OffBy:RptCckpitSV&Tank) >C_On[/i][-][/c],,,,,,,,[c][ff80ff]УДАЛЕНО —[-][/c][c][0080ff]Mrk[-][/c] и trg — позиция [c][ffffff]начала бурения[-][/c][c][ff8000][i] ([/i][i]OnBy:NestDrillHV)[/i][-][/c][c][ff8000][i] (OffBy:RptCckpitSV&Tank) >C_On[/i][-][/c],,,,,,,,
pda_u8WWOCv,...,,,,,,,,...,,,,,,,,
pda_0eSKEuO,...,,,,,,,,...,,,,,,,,
pda_aqmsC0O,--,,,,,,,,--,,,,,,,,
pda_mUimSue,Sig - [c][ff8080]N&V[-][/c] -rw- [c][ffffff]ExploreNest[-][/c] Bridge[c][ff8000][i] (RwBy: CongratsPad &ExplNestBridge)  [/i][-][/c][c][ff80ff]>C_On >C_Rwx3 >C_Off [-][/c],,,,,,,,Sig — [c][ff8080]N&V[-][/c] — rw — [c][ffffff]Исследовать гнездо[-][/c] — мост [c][ff8000][i](RwBy: CongratsPad & ExplNestBridge)[/i][-][/c][c][ff80ff]>C_On >C_Rwx3 >C_Off[-][/c],,,,,,,,
pda_eCuqm0S,... ?,,,,,,,,...?,,,,,,,,
pda_0C8mKlq,...,,,,,,,,...,,,,,,,,
pda_m0482O0,--,,,,,,,,--,,,,,,,,
pda_aiKGiqG,"[i]< Huh, ... Yes? [/i]\n[i] - - What- - [/i]\n\n[i]- - [b]Okay [/b]... ? >[/i]",,,,,,,,[i]< Хм... Да? [/i]\n[i]— Что-что...? [/i]\n\n[i]— [b]Ладно[/b]...? >[/i],,,,,,,,
pda_fmyCSKm,... from nestexplorerBridge,,,,,,,,... из моста исследователя гнезда,,,,,,,,
pda_BiqGaK4,...,,,,,,,,...,,,,,,,,
pda_m4WOOGC,--,,,,,,,,--,,,,,,,,
pda_ROe8a8a,[c][0080ff]Mrk[-][/c]_nUnit- [c][ff8080]N[-][/c] - [c][ffffff]Guardian[-][/c]Sentry [i][c][ff8000](OnOffByT: ArtyDisc)[-][/c][/i],,,,,,,,[c][0080ff]Mrk[-][/c]_nUnit — [c][ff8080]N[-][/c] — [c][ffffff]часовой-страж[-][/c] [i][c][ff8000](OnOffByT: ArtyDisc)[-][/c][/i],,,,,,,,
pda_aU88U8S,...,,,,,,,,...,,,,,,,,
pda_S49C4uG,...,,,,,,,,...,,,,,,,,
pda_0KOKG4K,--,,,,,,,,--,,,,,,,,
pda_eOGqGKu,Guardian Sentry,,,,,,,,Часовой-страж,,,,,,,,
pda_w0We3Cq,[c][0080ff]Mrk[-][/c] -[c][ffffff] Foot[-][/c]hold[i] [c][ff8000](OnBy:NewShores)[-][/c]  [c][ff8000](OffByT: CloneHome)[-][/c][/i],,,,,,,,[c][0080ff]Mrk[-][/c] — [c][ffffff]опорный пункт[-][/c] [i][c][ff8000](OnBy:NewShores)[-][/c] [c][ff8000](OffByT: CloneHome)[-][/c][/i],,,,,,,,
pda_eMCup80,...,,,,,,,,...,,,,,,,,
pda_aCaOmam,...,,,,,,,,...,,,,,,,,
pda_400mWS8,--,,,,,,,,--,,,,,,,,
pda_4mSFO8S,[c][ff80ff]PREP[-][/c] nPOI_doubleUse - NestNotYet open OnBy: [i][c][ff8000](OffByT: ArtyEarly&ArtyDisc)[-][/c][/i],,,,,,,,[c][ff80ff]ПОДГОТОВКА[-][/c] nPOI_doubleUse — гнездо ещё не открыто OnBy: [i][c][ff8000](OffByT: ArtyEarly&ArtyDisc)[-][/c][/i],,,,,,,,
pda_q5W40W4,...,,,,,,,,...,,,,,,,,
pda_i70UCW0,...,,,,,,,,...,,,,,,,,
pda_4WGcLim,--,,,,,,,,--,,,,,,,,
pda_m84KSes,DroneBase,,,,,,,,База дронов,,,,,,,,
pda_e0aKOeS,"[i]< Over there, the [c][ff8000]Dronebase [-][/c]of the glorious [b]Zirax Empire[/b]. [/i][i]... House of 'Epsilon'.[/i][i] - [/i]\n[i]Responsible for ""Transportation and Logistics "". - Mostly. >[/i]\n[i][/i]\n[i]< ... It seems, they have [c][ffffff]towed the space vessel in. [-][/c][/i][i]>[/i]",,,,,,,,"[i]< Вон там [c][ff8000]база дронов[-][/c] славной [b]Империи зираксов[/b]. [/i][i]... Дом «Эпсилон».[/i]\n[i]Отвечает за «Транспортировку и логистику». В основном. >[/i]\n\n[i]< ... Похоже, они [c][ffffff]отбуксировали сюда космическое судно[-][/c]. >[/i]",,,,,,,,
pda_K00uGqS,...,,,,,,,,...,,,,,,,,
pda_4luKw0m,--,,,,,,,,--,,,,,,,,
pda_SKa0eqK,...,,,,,,,,...,,,,,,,,
pda_QGEiqC0,--,,,,,,,,--,,,,,,,,
pda_WWiGKWK,"[i]< [/i][i][c][ffffff][b]This island is dangerous[/b].[-][/c] Lots of drones, and worse ... >[/i]\n[i][/i]\n[i]< ... Detecting some useful things nearby. -[/i]\n[i] - Better to [c][ffff00]secure a ""foothold[-][/c]"", before exploring more ? >[/i]",,,,,,,,"[i]< Этот остров [c][ffffff][b]опасен[/b].[-][/c] Много дронов и кое-что похуже... >[/i]\n\n[i]< ... Обнаружено несколько полезных вещей поблизости. [/i]\n[i]— Лучше сначала [c][ffff00]закрепиться[-][/c], прежде чем исследовать дальше...? >[/i]",,,,,,,,
pda_eqnm4KS,TbC HV starter PLACEHOLDER,,,,,,,,TbC — стартовый блок ховерного судна — ЗАГЛУШКА,,,,,,,,
pda_S4CWc6e,New Task,,,,,,,,Новое задание,,,,,,,,
pda_uKCm4Ku,...,,,,,,,,...,,,,,,,,
pda_SqamKMO,--,,,,,,,,--,,,,,,,,
pda_YwiaCWS,...,,,,,,,,...,,,,,,,,
pda_GS4OCmq,...,,,,,,,,...,,,,,,,,
pda_OK6amKS,--,,,,,,,,--,,,,,,,,
pda_mSwqikC,...,,,,,,,,...,,,,,,,,
pda_uu4WCEq,--,,,,,,,,--,,,,,,,,
pda_8e4mOCC,[i]< Put the [c][ffffff]Starter [-][/c]into your [c][ffff00]toolbar[-][/c]. >[/i]\n\n[i]< - [c][ffff00]Place [-][/c]at ground. >[/i],,,,,,,,[i]< Поместите [c][ffffff]стартовый блок[-][/c] на [c][ffff00]панель быстрого доступа[-][/c]. >[/i]\n\n[i]< — [c][ffff00]Установите[-][/c] его на земле. >[/i],,,,,,,,
pda_S8am800,"[c][0080ff]Mrk[-][/c]_nUnit - [c][ffffff]RocketTurret[-][/c] [i][c][ff8000](OnOffByT:ArtyBase, ArtyDiscover)[-][/c][/i]",,,,,,,,"[c][0080ff]Mrk[-][/c]_nUnit — [c][ffffff]ракетная турель[-][/c] [i][c][ff8000](OnOffByT:ArtyBase, ArtyDiscover)[-][/c][/i]",,,,,,,,
pda_8CS4Wau,[i]...[/i],,,,,,,,[i]...[/i],,,,,,,,
pda_NSC04mK,...,,,,,,,,...,,,,,,,,
pda_S4jGSsu,...,,,,,,,,...,,,,,,,,
pda_m8OeSEK,Sig - on_[c][ff8080]V[-][/c]- Heat[c][ffffff]Rad Planet [-][/c]NoUI [i][c][ff8080](OffBy: HeatRadShip)[-][/c][/i],,,,,,,,Sig — вкл_[c][ff8080]V[-][/c] — планета жары и [c][ffffff]радиации[-][/c] без интерфейса [i][c][ff8080](OffBy: HeatRadShip)[-][/c][/i],,,,,,,,
pda_qGKCaqu,[c][ffffff]Heat [-][/c]and \n[c][ffffff]Radiation[-][/c],,,,,,,,[c][ffffff]ЖАРА[-][/c] и \n[c][ffffff]РАДИАЦИЯ[-][/c],,,,,,,,
pda_uW8KWaW,...,,,,,,,,...,,,,,,,,
pda_XKgKe8Q,--,,,,,,,,--,,,,,,,,
pda_qlPKKh4,[c][ffffff]HEAT[-][/c] and [c][ffffff]RADIATION[-][/c]\n\n[i]See [c][ffff80][b]right upper [/b]screen edge[-][/c]  >>[/i]\n\n\n([c][ffffff]Nearby              [-][/c]|  ([c][ffffff]Suit[-][/c] Temperature)   \nTemperature)   |  ([c][ffffff]World[-][/c] Temps)        \n                                                                \n([c][ffffff]Nearby[-][/c]             |  ([c][ffffff]Body [-][/c]surface rads)\nRadiation)         |  ([c][ffffff]World [-][/c]Rads)          ,,,,,,,,[c][ffffff]ЖАРА[-][/c] и [c][ffffff]РАДИАЦИЯ[-][/c]\n\n[i]Смотрите на [c][ffff80][b]правый верхний[/b] край экрана[-][/c] >>[/i]\n\n\n([c][ffffff]Температура[-][/c] поблизости | ([c][ffffff]Температура[-][/c] костюма)\nтемпература) | ([c][ffffff]Температура[-][/c] мира)\n\n([c][ffffff]Радиация[-][/c] поблизости | ([c][ffffff]Радиация[-][/c] на поверхности тела)\nрадиация) | ([c][ffffff]Радиация[-][/c] мира),,,,,,,,
pda_AWCGW4t,Unlock - Wrn - Unlocking Ore scanner,,,,,,,,Разблокировка — предупреждение — разблокирование сканера руды,,,,,,,,
pda_aS6Wa0a,[i]( Ore Scanner Unlocked )[/i],,,,,,,,[i]( Сканер руды разблокирован )[/i],,,,,,,,
pda_uaG6eqO,...,,,,,,,,...,,,,,,,,
pda_OeKAa4i,---,,,,,,,,---,,,,,,,,
pda_2Ie08am,[c][0080ff]Mrk[-][/c] - DetectRings - [c][ffffff]HelpMarker[-][/c] [i][c][ff8000](OnByT & OffByT: LogiCache)[-][/c][/i],,,,,,,,[c][0080ff]Mrk[-][/c] — DetectRings — [c][ffffff]маркер помощи[-][/c] [i][c][ff8000](OnByT & OffByT: LogiCache)[-][/c][/i],,,,,,,,
pda_84VICSi,...,,,,,,,,...,,,,,,,,
pda_6mOgCeq,...,,,,,,,,...,,,,,,,,
pda_K8is4Gq,--,,,,,,,,--,,,,,,,,
pda_eSSqmaW,"[c][c0c0c0]( [i]The [/i][-][/c][i][b][c][8080ff]Captain[-][/c][/b][/i][c][c0c0c0] ) :[-][/c]          ""[i]Just so [b]typical[/b]... - - Go, [c][ffff00]talk to Galleon[-][/c]."" [/i]\n\n                                      [i]""Earn your stay.[/i][i][/i]\n                                       [i]... You want to get home to your [c][ffffff]fleet[-][/c].""[/i]",,,,,,,,"[c][c0c0c0]([i]Капитан[/i][b][c][8080ff][-][/c][/b][/i][c][c0c0c0]):[-][/c] «[i]Ну конечно, как всегда... Иди, [c][ffff00]поговори с Галлеоном[-][/c].[/i]»\n\n«[i]Заслужи право остаться.[/i]\n[i]... Ты ведь хочешь вернуться к своему [c][ffffff]флоту[-][/c].»[/i]",,,,,,,,
pda_mSSR04m,Talk to Galleon,,,,,,,,Поговорите с Галлеоном,,,,,,,,
pda_0GwGe8S,...,,,,,,,,...,,,,,,,,
pda_qOm2C4Y,--,,,,,,,,--,,,,,,,,
pda_GIeS0GG,[c][0080ff]Mrk[-][/c] - Captain[c][ffffff]Pos[-][/c]Marker [c][ff8000][i](OnBy:Captain) (OffBy: Captain & CaptainTalk &nUnitGalleon)[/i][-][/c],,,,,,,,[c][0080ff]Mrk[-][/c] — позиционный маркер [c][ffffff]капитана[-][/c] [c][ff8000][i](OnBy:Captain) (OffBy: Captain & CaptainTalk &nUnitGalleon)[/i][-][/c],,,,,,,,
pda_qDiiOKq,...,,,,,,,,...,,,,,,,,
pda_a088eiu,...,,,,,,,,...,,,,,,,,
pda_ao04Sei,--,,,,,,,,--,,,,,,,,
pda_iLeKaiq,Talk to Galleon,,,,,,,,Поговорите с Галлеоном,,,,,,,,
pda_uae2SqC,...,,,,,,,,...,,,,,,,,
pda_s0ieWui,--,,,,,,,,--,,,,,,,,
pda_uq4imA4,[i](( This seems to be the [c][ffffff]leak.[-][/c][/i]\n\n[i]I should [c][ffff00]talk to Galleon[-][/c] about this. ))[/i],,,,,,,,"[i](( Похоже, это [c][ffffff]утечка[-][/c].[/i]\n\n[i]Мне стоит [c][ffff00]поговорить с Галлеоном[-][/c] об этом. ))[/i]",,,,,,,,
pda_S8OSe0M,--,,,,,,,,--,,,,,,,,
pda_8WG0OC4,...,,,,,,,,...,,,,,,,,
pda_4muCe4m,--,,,,,,,,--,,,,,,,,
pda_m8G8SmX,( [i][c][ffffff][c][ffff00]Turn off[-][/c][-][/c] the O2 display to clear the view  [/i]>>[c][ffffff] [c][00ff00][N][-][/c][-][/c] menu ),,,,,,,,"( [i][c][ffffff][c][ffff00]Отключите[-][/c][-][/c] отображение O2, чтобы очистить обзор [/i]>>[c][ffffff] меню [c][00ff00][N][-][/c][-][/c] )",,,,,,,,
pda_SAasWmm,[i]( Priming )[/i],,,,,,,,[i]( Подготовка )[/i],,,,,,,,
pda_t0iuSSK,[i]< That- ... was a lot. [/i]\n[i]Let's see if I get this [b]right[/b] ... >[/i],,,,,,,,"[i]< Это... было много информации. [/i]\n[i]Посмотрим, правильно ли я всё [b]понял[/b]... >[/i]",,,,,,,,
pda_Uiaqa4O,"[i]< Could be [b]really[/b] useful ... !! But this kind of deposit is ... not much fun, without good tools.[/i]\n[i]Let's ... ... [c][ffffff]check back, later[-][/c] . >[/i]\n[i]< ... >[/i]",,,,,,,,[i]< Это может быть [b]очень[/b] полезно...!! Но такой вид залежей... не очень удобен без хороших инструментов.[/i]\n[i]Давайте... [c][ffffff]вернёмся позже[-][/c]. >[/i]\n[i]< ... >[/i],,,,,,,,
pda_GKC0aK4,[i]< Hey... Very [b]good![/b][/i]\n[i]Are you some kind of Mining [c][ffffff]Veteran[-][/c]?[/i]\n[i][/i]\n[i]... There could be a fast way to get [/i]\n[i]this device. [c][ffffff]No need to craft[-][/c] it. >[/i],,,,,,,,"[i]< Эй... Очень [b]хорошо![/b][/i]\n[i]Вы какой-то ветеран [c][ffffff]добычи[-][/c]?[/i]\n\n[i]... Возможно, есть быстрый способ получить [/i]\n[i]это устройство. [c][ffffff]Создавать его не нужно[-][/c]. >[/i]",,,,,,,,
pda_He0C0SG,invOp - off- [c][ffffff]Starter [-][/c]block spawn & devices[c][ff8000][i] (OnByT: SpawnTimes)[/i][-][/c],,,,,,,,invOp — выкл. — появление [c][ffffff]стартового[-][/c] блока и устройств [c][ff8000][i](OnByT: SpawnTimes)[/i][-][/c],,,,,,,,
pda_Oi0k87W,...,,,,,,,,...,,,,,,,,
pda_0OqSWmK,...,,,,,,,,...,,,,,,,,
pda_ijuW8LC,---,,,,,,,,---,,,,,,,,
pda_eeepSEa,invOpP - off - [c][ffffff]Core [-][/c]pickup reminder [c][ff8000][i] (OnByT: SpawnTimes)[/i][-][/c],,,,,,,,invOpP — выкл. — напоминание подобрать [c][ffffff]ядро[-][/c] [c][ff8000][i](OnByT: SpawnTimes)[/i][-][/c],,,,,,,,
pda_CWMWaAa,...,,,,,,,,...,,,,,,,,
pda_iCKumSe,...,,,,,,,,...,,,,,,,,
pda_WK4qCMa,--,,,,,,,,--,,,,,,,,
pda_5cCeu4C,"[i]< Leftovers from the building crew ... >[/i]\n\n[i]< ... The [c][ffffff]Multitool needs 'your' Core[-][/c], to safely [b]pick up[/b] blocks...[/i]\n[i]- With this you could take apart the vessel piles in this hall? >[/i]",,,,,,,,"[i]< Остатки строительной бригады... >[/i]\n\n[i]< ... Чтобы безопасно [b]подбирать[/b] блоки, мультитулу нужно «ваше» ядро...[/i]\n[i]— С его помощью можно разобрать груды судов в этом зале...? >[/i]",,,,,,,,
pda_O0BO8CO,invClsP - off- Palette -[c][ffffff] FueFill[-][/c] info [c][ff8000][i] (OnByT: AmmoBox)[/i][-][/c][c][ff80ff][i][c][ff8000](OffBy: newShores)[-][/c][/i][-][/c],,,,,,,,invClsP — выкл. — паллета — информация о [c][ffffff]заправке топливом[-][/c] [c][ff8000][i](OnByT: AmmoBox)[/i][-][/c][c][ff80ff][i][c][ff8000](OffBy: newShores)[-][/c][/i][-][/c],,,,,,,,
pda_sKO8I4a,...,,,,,,,,...,,,,,,,,
pda_V8W4mKs,...,,,,,,,,...,,,,,,,,
pda_tmSS0iW,--,,,,,,,,--,,,,,,,,
pda_G4u4Oee,invOpP - Fuel Palette - Prom Cells PREP,,,,,,,,invOpP — топливная паллета — подготовка прометиевых ячеек,,,,,,,,
pda_wGGO8SY,...,,,,,,,,...,,,,,,,,
pda_SKKaCiK,...,,,,,,,,...,,,,,,,,
pda_008m4O0,--,,,,,,,,--,,,,,,,,
pda_n8i8qip,"[i]< [c][ffffff]High grade fuel [-][/c]... >[/i]\n[i][/i]\n[i]<  The Promethium you drilled, can be crafted into such packs. >[/i]",,,,,,,,[i]< [c][ffffff]Высококачественное топливо[-][/c]... >[/i]\n\n[i]< Из добытого прометия можно создавать такие упаковки. >[/i],,,,,,,,
pda_qWGi4WG,"[i]< Really strange ... This building seems to have a Core, yet it is ... silent? >[/i]\n[i][/i]\n[i]< Maybe let's [c][ffffff]check out other[-][/c] places first. >[/i]",,,,,,,,"[i]< Очень странно... У этого здания, кажется, есть ядро, но оно... молчит? >[/i]\n\n[i]< Может, сначала [c][ffffff]осмотрим другие[-][/c] места. >[/i]",,,,,,,,
pda_S80Wa44,"[c][ffff00]Eat / Consume / Use[-][/c]: \n[c][ffffff]Click on the item[-][/c] [c][ffffff]with[-][/c] [c][00ff00][Shift] + R[-][/c]ight [c][00ff00]M[-][/c]ouse[c][00ff00] B[-][/c]utton[c][00ff00] [""RMB""][-][/c]",,,,,,,,[c][ffff00]Съесть / употребить / использовать[-][/c]:\n[c][ffffff]Нажмите на предмет[-][/c] [c][ffffff]с[-][/c] [c][00ff00][Shift] + ПКМ[-][/c].,,,,,,,,
pda_aiCiqCm,Get resources,,,,,,,,Добудьте ресурсы,,,,,,,,
pda_qiOmmYu,...,,,,,,,,...,,,,,,,,
pda_ammG48e,--,,,,,,,,--,,,,,,,,
pda_EqKKgKI,...,,,,,,,,...,,,,,,,,
pda_SiSeGqc,--,,,,,,,,--,,,,,,,,
pda_40eUb4q,[i]< Teleported it over ! >[/i],,,,,,,,[i]< Телепортировал его сюда! >[/i],,,,,,,,
pda_48Wi0ui,Sig - [c][80ffff]Cal[-][/c] -EvilHack[c][ffffff]Bargain05[-][/c] [i][c][ff8000](offby: CoreKill)[-][/c][/i],,,,,,,,Sig — [c][80ffff]Cal[-][/c] — злой взломщик — [c][ffffff]сделка05[-][/c] [i][c][ff8000](offby: CoreKill)[-][/c][/i],,,,,,,,
pda_W0CKKC4,[i]Struct access:[/i]\n[i] [sup]Creativity Module[/sup][/i],,,,,,,,[i]Доступ к конструкции:[/i]\n[i][sup]Модуль творчества[/sup][/i],,,,,,,,
pda_aCCeGOm,...,,,,,,,,...,,,,,,,,
pda_i4q0xYC,---,,,,,,,,---,,,,,,,,
pda_aqqG7OC,"[c][ff8080][b]<<[/b][-][/c] [c][c0c0c0]Data-structure: ""[c][ffffff]Ore rocks[-][/c][b] in 1001 angles[/b], high definition.""[-][/c] [b][c][ff8080]>>[-][/c][/b]\n\n[c][ff8080][b]<<[/b][-][/c] [b][c][ffffff]Not related[-][/c][/b] [c][c0c0c0]to [b]hacking [/b]of [b][c][ffffff]Cores[-][/c][/b][-][/c]. [b][c][ff8080]>>[-][/c][/b]",,,,,,,,"[c][ff8080][b]<<[/b][-][/c] [c][c0c0c0]Структура данных: «[c][ffffff]Рудные камни[-][/c][b] под 1001 углом[/b], высокое разрешение». [-][/c] [b][c][ff8080]>>[-][/c][/b]\n\n[c][ff8080][b]<<[/b][-][/c] [b][c][ffffff]Не связано[-][/c][/b] [c][c0c0c0]со [b]взломом[/b] [b][c][ffffff]ядер[-][/c][/b][-][/c]. [b][c][ff8080]>>[-][/c][/b]",,,,,,,,
pda_CeWWqOu,...,,,,,,,,...,,,,,,,,
pda_eSCJmuC,...,,,,,,,,...,,,,,,,,
pda_00GwWqM,--,,,,,,,,--,,,,,,,,
pda_SemuSma,[i]< NOOO ... ! ! >[/i],,,,,,,,[i]< Нееет...!! >[/i],,,,,,,,
pda_8K0WqKa,...,,,,,,,,...,,,,,,,,
pda_amumq48,...,,,,,,,,...,,,,,,,,
pda_KmeSeGm,---,,,,,,,,---,,,,,,,,
pda_GGuqe40,[c][ff8080][b]<<[/b][-][/c] [c][ff8080][c][c0c0c0][b][c][ffffff]Deleting ..[-][/c][/b][-][/c][-][/c][c][ffffff][b].[/b][-][/c] [b][c][ff8080]>>[-][/c][/b],,,,,,,,[c][ff8080][b]<<[/b][-][/c] [c][ff8080][c][c0c0c0][b][c][ffffff]Удаление...[-][/c][/b][-][/c][-][/c][c][ffffff][b].[/b][-][/c] [b][c][ff8080]>>[-][/c][/b],,,,,,,,
pda_seuWqea,...,,,,,,,,...,,,,,,,,
pda_4UKmpKW,---,,,,,,,,---,,,,,,,,
pda_qimK8u4,...,,,,,,,,...,,,,,,,,
pda_eaqCKe0,---,,,,,,,,---,,,,,,,,
pda_e4iq4qG,"[u][c][ffffff]Starter Blocks:[-][/c][/u]\n\nYou need these to place your blocks on.\n\n[u][c][ffffff]Devices:[-][/c][/u]\nEverything that has a 'function' in a vessel, \nand can be reached by the control panel.",,,,,,,,"[u][c][ffffff]Стартовые блоки:[-][/c][/u]\n\nОни нужны, чтобы размещать на них свои блоки.\n\n[u][c][ffffff]Устройства:[-][/c][/u]\nВсё, что имеет функцию на судне\nи доступно через панель управления.",,,,,,,,
pda_OSCCmg0,"[c][ffff00][b][c][ff0000]('Autostart')[-][/c][/b][-][/c] [c][ffffff]Captain[-][/c]Chptr [c][80ffff]CAL1[-][/c] [c][0080ff]Task[-][/c]  [c][ff8000]>COnT x2 >C_OffT[-][/c] [c][ffff00]UI, TeleporterOff [-][/c] StartBy: EmptyHands",,,,,,,,"[c][ffff00][b][c][ff0000](«Автозапуск»)[-][/c][/b][-][/c] [c][ffffff]Глава капитана[-][/c] [c][80ffff]CAL1[-][/c] [c][0080ff]Задание[-][/c] [c][ff8000]>COnT x2 >C_OffT[-][/c] [c][ffff00]Интерфейс, телепортер выкл.[-][/c] StartBy: EmptyHands",,,,,,,,
pda_0iTuW6Q,[-],,,,,,,,[-],,,,,,,,
pda_4GqqFo0,(( The Captain )),,,,,,,,(( Капитан )),,,,,,,,
pda_4OO16ie,...,,,,,,,,...,,,,,,,,
pda_G0Cmqkm,--,,,,,,,,--,,,,,,,,
pda_8Wa4GGW,(( The Captain )),,,,,,,,(( Капитан )),,,,,,,,
pda_OaKSo8C,...,,,,,,,,...,,,,,,,,
pda_Wa40Giu,--,,,,,,,,--,,,,,,,,
pda_ja8SsCC,"[i]"" [/i][c][ffff00]Heal [-][/c][i]up, and [/i][c][ffff00]eat[-][/c][i]. [/i]\n\n[i]- I will be waiting on the bridge.""[/i]",,,,,,,,[i]« [c][ffff00]Вылечись[-][/c] и [c][ffff00]поешь[-][/c]. [/i]\n\n[i]— Я буду ждать на мостике».[/i],,,,,,,,
pda_0ewO0OS,(( The Captain )),,,,,,,,(( Капитан )),,,,,,,,
pda_OkD0WqW,...,,,,,,,,...,,,,,,,,
pda_5qSumea,--,,,,,,,,--,,,,,,,,
pda_qqSeu8K,[c][ffff00]Health and Hunger[-][/c],,,,,,,,[c][ffff00]Здоровье и голод[-][/c],,,,,,,,
pda_OmqGL4C,"[i]... then, use a Bandage[/i]\n[sup].[/sup]",,,,,,,,[i]... затем используйте бинт.[/i]\n[sup].[/sup],,,,,,,,
pda_eKeCIKC,--,,,,,,,,--,,,,,,,,
pda_iKeW8q0,Find & Open the Fridge\n[i]... Eat something[/i]\n[sup].[/sup],,,,,,,,Найдите и откройте холодильник\n[i]... Съешьте что-нибудь[/i]\n[sup].[/sup],,,,,,,,
pda_CWEMSSO,--,,,,,,,,--,,,,,,,,
pda_i4MqOaq,...,,,,,,,,...,,,,,,,,
pda_0SGSoWG,...,,,,,,,,...,,,,,,,,
pda_uSiGm8a,--,,,,,,,,--,,,,,,,,
pda_4ieGWeW,(( The Captain )),,,,,,,,(( Капитан )),,,,,,,,
pda_GSa04ea,...,,,,,,,,...,,,,,,,,
pda_Ci00ime,--,,,,,,,,--,,,,,,,,
pda_uCOWaWm,"[c][c0c0c0]( [i]The [/i][-][/c][i][b][c][8080ff]Captain[-][/c][/b][/i][c][c0c0c0] ) :[-][/c]          "" [i]Looking good.[/i]\n                                      [i]... Welcome back.""[/i]",,,,,,,,[c][c0c0c0]([i]Капитан[/i][b][c][8080ff][-][/c][/b][/i][c][c0c0c0]):[-][/c] «[i]Выглядите хорошо.[/i]\n[i]... С возвращением».[/i],,,,,,,,
pda_Ea8m8CW,Report back,,,,,,,,Доложите о возвращении,,,,,,,,
pda_8W4aOSa,[-],,,,,,,,[-],,,,,,,,
pda_GOWeOe4,--,,,,,,,,--,,,,,,,,
pda_04SSW4a,"[c][c0c0c0]( [i]The [/i][-][/c][i][b][c][8080ff]Captain[-][/c][/b][/i][c][c0c0c0] ) :[-][/c]          ""[i]Finally [b]awake[/b] ...?""[/i]",,,,,,,,[c][c0c0c0]([i]Капитан[/i][b][c][8080ff][-][/c][/b][/i][c][c0c0c0]):[-][/c] «[i]Наконец-то [b]проснулись[/b]...?[/i]»,,,,,,,,
pda_i44KWAW,"[i]"" [/i][c][ffff00]Heal [-][/c][i]up, and [/i][c][ffff00]eat[-][/c][i]. [/i]\n\n[i]- I will be waiting on the bridge.""[/i]",,,,,,,,[i]« [c][ffff00]Вылечись[-][/c] и [c][ffff00]поешь[-][/c]. [/i]\n\n[i]— Я буду ждать на мостике».[/i],,,,,,,,
pda_OG8qaC8,...,,,,,,,,...,,,,,,,,
pda_GsaWqSO,...,,,,,,,,...,,,,,,,,
pda_SC7WGKW,--,,,,,,,,--,,,,,,,,
pda_eSeGSa8,"[i]< To easily [b]fill fuel [/b]into a vessel's tank: [/i]\n[i]Use the [/i][c][ffffff]Control Panel[-][/c] [c][00ff00][ P ][-][/c], [c][ffffff][[ Main ]][-][/c][i] tab. >[/i]",,,,,,,,"[i]< Чтобы легко [b]заправить топливо[/b] в бак судна:[/i]\n[i]используйте [c][ffffff]панель управления[-][/c] [c][00ff00][ P ][-][/c], вкладка [c][ffffff][[ Главное ]][-][/c]. >[/i]",,,,,,,,
pda_WuuuaeK,sig - Info WirelessLooting PREP,,,,,,,,sig — подготовка информации о беспроводном сборе добычи,,,,,,,,
pda_8K4a8Oi,...,,,,,,,,...,,,,,,,,
pda_eciCCam,...,,,,,,,,...,,,,,,,,
pda_8YO5Wa4,--,,,,,,,,--,,,,,,,,
pda_u88MQee,"[c][c0c0c0]chirp - chiiirp[-][/c]\n[i]< Human, if you [b]struggle with loot [/b]- Activcate your [c][ffffff]Logistics[-][/c] [c][00ff00][ F4 ],[-][/c]  and put it all in a vessel. >[/i]\n[i][/i]\n[i]< ... Be careful that nobody shoots you meanwhile. >[/i]",,,,,,,,"[c][c0c0c0]писк — пи-и-иск[-][/c]\n[i]< Человек, если вам [b]тяжело с добычей[/b] — откройте [c][ffffff]логистику[-][/c] [c][00ff00][ F4 ][-][/c] и сложите всё на судно. >[/i]\n\n[i]< ... Только будьте осторожны: пока вы это делаете, в вас могут стрелять. >[/i]",,,,,,,,
pda_Ci4WI0S,[i][sup](get closer to building)[/sup][/i],,,,,,,,[i][sup](подойдите ближе к зданию)[/sup][/i],,,,,,,,
pda_mX82C8K,--,,,,,,,,--,,,,,,,,
pda_eDqukuq,[u][c][ffffff]Admin Cores[-][/c][/u] \n([c][ff80ff]Pink [-][/c]or [c][0080ff]blue[-][/c] glow)\n\n[b]Special dungeons[/b] and story places.\n\n- Everything [b]damaged [/b]can be [b]destroyed[/b].\n- Everything '[c][ffffff]intact[-][/c]' is turned [c][ffffff]invulnerable.[-][/c]\n\n... Such POIs are displayed on the Map\n as a chevron.,,,,,,,,[u][c][ffffff]Административные ядра[-][/c][/u]\n([c][ff80ff]Розовое[-][/c] или [c][0080ff]синее[-][/c] свечение)\n\n[b]Особые подземелья[/b] и сюжетные места.\n\n- Всё [b]повреждённое[/b] можно [b]уничтожить[/b].\n- Всё «[c][ffffff]целое[-][/c]» становится [c][ffffff]неуязвимым[-][/c].\n\n... Такие POI отображаются на карте\nв виде шеврона.,,,,,,,,
pda_GqSKDiH,Trg - Left in haste msg PREP,,,,,,,,Trg — подготовка сообщения «Ушёл в спешке»,,,,,,,,
pda_440quRC,[i](Strange place)[/i],,,,,,,,[i](Странное место)[/i],,,,,,,,
pda_OCaieO4,...,,,,,,,,...,,,,,,,,
pda_GGCKeSW,--,,,,,,,,--,,,,,,,,
pda_KKWmQ0i,[i]< ... Seems as if it was abandoned in [b]haste[/b]... > [/i],,,,,,,,"[i]< ... Похоже, его покинули в [b]спешке[/b]... >[/i]",,,,,,,,
pda_u8KXuYh,"Found: [c][ffffff]Wood Logs[-][/c]\n[c][ffffff][-][/c]\n[i]( For: [c][ffffff]Ammo[-][/c], [b]Fuel[/b][u],[/u] Building Blocks...)[/i]",,,,,,,,"Найдено: [c][ffffff]брёвна[-][/c]\n[c][ffffff][-][/c]\n[i](Для: [c][ffffff]боеприпасов[-][/c], [b]топлива[/b][u],[/u] строительных блоков...)[/i]",,,,,,,,
pda_S7eKWaa,Found: [b][c][ffffff]Carbon[-][/c][/b]\n\n[c][ffffff]Key resource.[-][/c]\n[i]For >[c][ffff80][u]Portable Constructor[/u][-][/c][/i],,,,,,,,Найдено: [b][c][ffffff]углерод[-][/c][/b]\n\n[c][ffffff]Ключевой ресурс.[-][/c]\n[i]Для >[c][ffff80][u]переносного конструктора[/u][-][/c][/i],,,,,,,,
pda_OQO80ae,Secret Stash,,,,,,,,Тайник,,,,,,,,
pda_GqQuGp0,(close the box),,,,,,,,(закройте ящик),,,,,,,,
pda_0IOm4Gs,--,,,,,,,,--,,,,,,,,
pda_Cup8Ew0,[i]< It allows to[c][ffffff] teleport items [-][/c]directly between you and your ship.[/i]\n[c][ffff00][-][/c]\n[i]Try it! -[c][ffff00] Use the logistics[-][/c] sytem... > [/i]( [c][00ff00][ F4 ] [-][/c]Key )[i][/i],,,,,,,,[i]< Она позволяет [c][ffffff]телепортировать предметы[-][/c] напрямую между вами и вашим кораблём.[/i]\n[c][ffff00][-][/c]\n[i]Попробуйте! Используйте [c][ffff00]систему логистики[-][/c]... >[/i] ([c][00ff00][ F4 ][-][/c]) [i][/i],,,,,,,,
pda_iqbq4eq,[i]< [b]Lovely [/b]time for some action? >[/i]\n[i][c][ffff00] Ice asteroid[-][/c] is nearby ... ![/i][i] >[/i],,,,,,,,[i]< Прекрасное [b]время[/b] для действий? >[/i]\n[i][c][ffff00]Ледяной астероид[-][/c] совсем рядом...! >[/i],,,,,,,,
pda_K8miWWL,...,,,,,,,,...,,,,,,,,
pda_9S0euSW,--,,,,,,,,--,,,,,,,,
pda_IC88VW2,"[u]To [c][ffffff]mine[-][/c]: [/u]\n\nSelect the [b]Survival tool[/b] with [c][00ff00][Numbers][-][/c]. \nThen press[c][00ff00] [RMB][-][/c], and select [c][ffff00]'Resource mode'[-][/c].",,,,,,,,[u]Чтобы [c][ffffff]добывать[-][/c]:[/u]\n\nВыберите [b]инструмент выживания[/b] цифровыми клавишами.\nЗатем нажмите [c][00ff00][ПКМ][-][/c] и выберите [c][ffff00]«Режим ресурсов»[-][/c].,,,,,,,,
pda_qGW8U48,invOpP - [c][ffffff]Cargo [-][/c]leave it alone [c][ff8080]>C_Off&C_On Junk[-][/c],,,,,,,,invOpP — [c][ffffff]груз[-][/c] — не трогайте его [c][ff8080]>C_Off&C_On Junk[-][/c],,,,,,,,
pda_mqSm80q,(( Captain )),,,,,,,,(( Капитан )),,,,,,,,
pda_0b8uC0a,(close cargo window),,,,,,,,(закройте окно груза),,,,,,,,
pda_aaqGuqi,---,,,,,,,,---,,,,,,,,
pda_B84WSiq,"[c][c0c0c0]( [-][/c][i][b][c][8080ff]Captain[-][/c][/b][/i][c][c0c0c0] )[-][/c] :                      ""[i]Please leave the [c][ffffff]coverup[-][/c] intact.[/i]\n                               [i]- I don't trust that [b]cargo[/b] until we sell it ... ""[/i]",,,,,,,,"[c][c0c0c0]([/c][i][b][c][8080ff]Капитан[-][/c][/b][/i][c][c0c0c0])[-][/c]: «[i]Пожалуйста, не трогайте [c][ffffff]прикрытие[-][/c].[/i]\n[i]— Я не доверяю этому [b]грузу[/b], пока мы его не продадим...»[/i]",,,,,,,,
pda_OWGqGuO,...,,,,,,,,...,,,,,,,,
pda_CGKfiOH,--,,,,,,,,--,,,,,,,,
pda_Siu4GiI,"[c][c0c0c0]( [-][/c][i][b][c][8080ff]Captain[-][/c][/b][/i][c][c0c0c0] )[-][/c] :                      [i]""[c][ffffff]Put that stuff [u]away[/u].[-][/c] \n                                ... It won't do you good.\n\n                               - And you are an Alien! - Might [b]kill [/b]you outright ...""[/i]",,,,,,,,[c][c0c0c0]([/c][i][b][c][8080ff]Капитан[-][/c][/b][/i][c][c0c0c0])[-][/c]: [i]«[c][ffffff]Уберите эту штуку.[/u][-][/c]\n... Она не принесёт вам пользы.\n\n— А вы чужак! Она может [b]сразу убить[/b] вас...»[/i],,,,,,,,
pda_GeKWq8K,...,,,,,,,,...,,,,,,,,
pda_bOKm4m8,--,,,,,,,,--,,,,,,,,
pda_VuFIWCW,"[c][c0c0c0]( [-][/c][i][b][c][8080ff]Captain[-][/c][/b][/i][c][c0c0c0] )[-][/c] :             [i]""It's an anti-capital ship [c][ffffff]Artillery missile[-][/c] !""[/i]\n[i][/i]\n[i]                                ""... Why do you ... ?! - - It's heavy! It's [c][ffffff]huge[-][/c] ! \n                                It [b]explodes[/b] in your [b]sleep[/b] ...!""\n                                - [b][c][ffffff]LEAVE IT[-][/c][/b]. One Galleon is enough !!""                          [/i]",,,,,,,,"[c][c0c0c0]([/c][i][b][c][8080ff]Капитан[-][/c][/b][/i][c][c0c0c0])[-][/c]: [i]«Это противокапитальная [c][ffffff]артиллерийская ракета[-][/c]![/i]\n\n[i]... Зачем вы...?! Она тяжёлая! Она [c][ffffff]огромная[-][/c]!\nОна [b]взорвётся[/b], пока вы [b]спите[/b]...!\n— [b][c][ffffff]ОСТАВЬТЕ ЕЁ[-][/c][/b]. Одного Галлеона достаточно!!»[/i]",,,,,,,,
pda_20MSKSu,Sig & [c][0080ff]Mrk[-][/c] - off_[c][ff8080]V[-][/c] - [c][ffffff]HangarJunk[-][/c] to palette [c][ff8080](Onby:JunkChptrs)[-][/c] [c][ff8000]>C-Off x2 >C_OffT >C-On x2 [-][/c][c][ff8000]>CRw [-][/c][i][c][ff8000][c][0080ff]CloseDoor (3rdTask)[-][/c][-][/c][/i],,,,,,,,Sig и [c][0080ff]Mrk[-][/c] — выкл._[c][ff8080]V[-][/c] — [c][ffffff]ангарный хлам[-][/c] к паллете [c][ff8080](Onby:JunkChptrs)[-][/c] [c][ff8000]>C-Off x2 >C_OffT >C-On x2[-][/c][c][ff8000]>CRw[-][/c][i][c][ff8000][c][0080ff]CloseDoor (3rdTask)[-][/c][-][/c][/i],,,,,,,,
pda_GqGGmKe,Fly to Container,,,,,,,,Летите к контейнеру,,,,,,,,
pda_a888Wiu,Collect Drill,,,,,,,,Возьмите бур,,,,,,,,
pda_Wqi48qG,--,,,,,,,,--,,,,,,,,
pda_uCCKCG8,"( [c][c9a39c][i]Galleon[/i][-][/c] ) :             [i]""[c][ffff00]Fly to that palette[-][/c], and take the drill.""[/i]\n[i][/i]\n[i]                                "".... And [c][ffffff]drop off some of the junk[-][/c] you always collect.""[/i]",,,,,,,,"( [c][c9a39c][i]Галлеон[-][/c] ) : [i]«[c][ffff00]Летите к той паллете[-][/c] и возьмите бур.»[/i]\n\n[i]«... И [c][ffffff]оставьте часть хлама[-][/c], который вы постоянно собираете».[/i]",,,,,,,,
pda_qmmiGa8,Fly to Container,,,,,,,,Летите к контейнеру,,,,,,,,
pda_mWau4ii,Collect Drill,,,,,,,,Возьмите бур,,,,,,,,
pda_00Wq4eS,--,,,,,,,,--,,,,,,,,
pda_08OK4SC,"( [c][c9a39c][i]Galleon[/i][-][/c] ) :             [i]""[c][ffff00][-][/c][/i][i].. Just do what it wants, and it will be over quickly.""[/i]",,,,,,,,"( [c][c9a39c][i]Галлеон[-][/c] ) : [i]«... Просто сделайте, как оно хочет, и всё быстро закончится».[/i]",,,,,,,,
pda_0Wm8mOQ,Get Drill,,,,,,,,Возьмите бур,,,,,,,,
pda_AqKuvOK,Open the Container,,,,,,,,Откройте контейнер,,,,,,,,
pda_aWmaS4w,---,,,,,,,,---,,,,,,,,
pda_G0am0a8,Equip drill,,,,,,,,Экипируйте бур,,,,,,,,
pda_qGqu8S8,"[i][sub](Container window)[/sub][/i]\nPut the\n[c][ffff00]Survival Tool into[-][/c]\n[c][ffff00]your [u]Toolbar[/u][-][/c], below.",,,,,,,,[i][sub](Окно контейнера)[/sub][/i]\nПоместите\n[c][ffff00]инструмент выживания[-][/c]\nна [c][ffff00]свою [u]панель быстрого доступа[-][/c].,,,,,,,,
pda_8qmqeMK,--,,,,,,,,--,,,,,,,,
pda_GiKu4SW,[c][ffff00]Get out of the box[-][/c],,,,,,,,[c][ffff00]Выйдите из ящика[-][/c],,,,,,,,
pda_qii7K48,[i][c][c0c0c0][sup](Press against walls)[/sup][-][/c][/i],,,,,,,,[i][c][c0c0c0][sup](Прижмитесь к стенам.)[/sup][-][/c][/i],,,,,,,,
pda_GuhQiWG,--,,,,,,,,--,,,,,,,,
pda_WWIeKaO,[i]...[/i],,,,,,,,[i]...[/i],,,,,,,,
pda_06IiuqE,--,,,,,,,,--,,,,,,,,
pda_quqr8qG,"[i]< That was a good start. - - C'mon, let's go !  >\n< ... Let's just collect a little... [b][c][ffffff]more[-][/c][/b]. >[/i]\n[i][/i]\n[c][c0c0c0]-Chirp Chirp-[-][/c]",,,,,,,,"[i]< Это было хорошее начало. Ну же, пойдём! >\n< ... Давайте соберём ещё немного... [b][c][ffffff]больше[-][/c][/b]. >[/i]\n[i][/i]\n[c][c0c0c0]— Писк-писк —[-][/c]",,,,,,,,
pda_qe00HSX,--,,,,,,,,--,,,,,,,,
pda_G4COWqq,"[c][0080ff][c][ff80ff]Unused [-][/c]Mrk[-][/c] - Return to Galleon [i][c][ff8000]([c][00ff00]Off[-][/c]ByT: PerfectFarm, OffByT: OpenHangar)[-][/c][/i]",,,,,,,,"[c][0080ff][c][ff80ff]Не используется[-][/c] Mrk[-][/c] — вернуться к Галлеону [i][c][ff8000]([c][00ff00]Off[-][/c]ByT: PerfectFarm, OffByT: OpenHangar)[-][/c][/i]",,,,,,,,
pda_u0W4CS0,...,,,,,,,,...,,,,,,,,
pda_u8uu0ue,...,,,,,,,,...,,,,,,,,
pda_qSCKnOq,--,,,,,,,,--,,,,,,,,
pda_e4m2mLa,Sig - [c][80ffff]Cal[-][/c] -EvilHack[c][ffffff]Bargain06[-][/c] [i][c][ff8000](offby: CoreKill)[-][/c][/i],,,,,,,,Sig — [c][80ffff]Cal[-][/c] — злой взломщик — [c][ffffff]сделка06[-][/c] [i][c][ff8000](offby: CoreKill)[-][/c][/i],,,,,,,,
pda_0Ci4stq,[i]Struct access:[/i]\n[i] [sup]Creativity Module[/sup][/i],,,,,,,,[i]Доступ к конструкции:[/i]\n[i][sup]Модуль творчества[/sup][/i],,,,,,,,
pda_8miKO0J,[i]please ...[/i],,,,,,,,[i]прошу...[/i],,,,,,,,
pda_ouGrKiS,--,,,,,,,,--,,,,,,,,
pda_iuCKm4K,"[c][ff8080]<<[-][/c] [i]... Hmmm ... [/i] [c][ff8080]>>[-][/c]\n\n[c][ff8080]<<[-][/c] [i]... If you [c][ffffff]shoot the Core[-][/c] of a Human, and replace it with another.\nCan you then [b]control [/b]the Human...?[/i] [c][ff8080]>>[-][/c]",,,,,,,,"[c][ff8080]<<[-][/c] [i]... Хмм... [/i] [c][ff8080]>>[-][/c]\n\n[c][ff8080]<<[-][/c] [i]... Если [c][ffffff]выстрелить в ядро[-][/c] человека и заменить его другим,\nможно ли тогда [b]управлять[/b] человеком...?[/i] [c][ff8080]>>[-][/c]",,,,,,,,
pda_uSSCB9e,Sig - [c][80ffff]Cal[-][/c] - EvilHack[c][ffffff]Bargain[-][/c]03b [i][c][ff8000](offby: CoreKill)[-][/c][/i],,,,,,,,Sig — [c][80ffff]Cal[-][/c] — злой взломщик — [c][ffffff]сделка03b[-][/c] [i][c][ff8000](offby: CoreKill)[-][/c][/i],,,,,,,,
pda_qC4COme,[i]Memory access:[/i]\n[i] [sup]&etag4aer[/sup][/i],,,,,,,,[i]Доступ к памяти:[/i]\n[i][sup]&etag4aer[/sup][/i],,,,,,,,
pda_GSKOiGi,...,,,,,,,,...,,,,,,,,
pda_0c4q0ue,--,,,,,,,,--,,,,,,,,
pda_mC8CuKW,"[i]< Please, NO !! [/i]\n[i]You have to - - - ! >[/i]\n[i][/i][i][/i]",,,,,,,,"[i]< Пожалуйста, НЕТ!! [/i]\n[i]Вы должны...! >[/i]\n[i][/i][i][/i]",,,,,,,,
pda_Sa8CSum,Sig - [c][80ffff]Cal[-][/c] -EvilHack[c][ffffff]Bargain07[-][/c] [i][c][ff8000](offby: CoreKill)[-][/c][/i],,,,,,,,Sig — [c][80ffff]Cal[-][/c] — злой взломщик — [c][ffffff]сделка07[-][/c] [i][c][ff8000](offby: CoreKill)[-][/c][/i],,,,,,,,
pda_u8KGqu4,[i]Struct access:[/i]\n[i] [sup]Creativity Module[/sup][/i],,,,,,,,[i]Доступ к конструкции:[/i]\n[i][sup]Модуль творчества[/sup][/i],,,,,,,,
pda_CSi0e2O,[i][sup]please ...[/sup][/i],,,,,,,,[i][sup]прошу...[/sup][/i],,,,,,,,
pda_Qfa4hia,--,,,,,,,,--,,,,,,,,
pda_qS04iqW,"[c][ff8080]<<[-][/c] [i]... [c][ffffff]I teleported a weapon[-][/c] into your inventory, or close to you.[/i] [c][ff8080]>>[-][/c]\n[i][/i]\n[c][ff8080]<<[-][/c] [i]Now.  [c][ffff00]Shoot [-][/c][b]your human [/b][c][ffff00]Core. [-][/c][/i]\n[i]... I will find a good replacement later.[/i] [c][ff8080]>>[-][/c]",,,,,,,,[c][ff8080]<<[-][/c] [i]... [c][ffffff]Я телепортировал оружие[-][/c] в ваш инвентарь или рядом с вами.[/i] [c][ff8080]>>[-][/c]\n\n[c][ff8080]<<[-][/c] [i]Теперь [c][ffff00]выстрелите[-][/c] в [b]своё человеческое[/b] [c][ffff00]ядро[-][/c].[/i]\n[i]... Позже я найду хорошую замену.[/i] [c][ff8080]>>[-][/c],,,,,,,,
pda_4euCuqK,...,,,,,,,,...,,,,,,,,
pda_Y0008CO,--,,,,,,,,--,,,,,,,,
pda_mKG4eiq,"[c][ffff00]Use bandages[-][/c]: \n[c][ffffff]Click on them[-][/c] [c][ffffff]with[-][/c] [c][00ff00][Shift] + R[-][/c]ight [c][00ff00]M[-][/c]ouse[c][00ff00] B[-][/c]utton[c][00ff00] [""RMB""][-][/c]\n--- \n[i]([b]More info: [/b][/i][c][ffffff][i]Ho[/i][-][/c][i][c][ffff80][c][ffffff]ver your mouse cursor[-][/c][-][/c][/i] [i]over things )           [/i]",,,,,,,,[c][ffff00]Использование бинтов[-][/c]:\n[c][ffffff]Нажмите на них[-][/c] [c][ffffff]с[-][/c] [c][00ff00][Shift] + ПКМ[-][/c]\n---\n[i]([b]Больше информации:[/b] наведите курсор на предметы.)[/i],,,,,,,,
pda_uGe08G0,Factions,,,,,,,,Фракции,,,,,,,,
pda_aS04OaC,[c][0080ff]Mrk[-][/c] -Zirax[c][ffffff]Pad[-][/c] Tele [i][c][ff8000](RwBy: NestPadWarn)(OffBy: NestBattle & ExplorBridge&ExploreNest)[-][/c][/i],,,,,,,,[c][0080ff]Mrk[-][/c] — телепорт [c][ffffff]площадки зираксов[-][/c] [i][c][ff8000](RwBy: NestPadWarn)(OffBy: NestBattle & ExplorBridge&ExploreNest)[-][/c][/i],,,,,,,,
pda_WC8048u,...,,,,,,,,...,,,,,,,,
pda_OmOi7i6,...,,,,,,,,...,,,,,,,,
pda_em8cuaV,--,,,,,,,,--,,,,,,,,
pda_4uK0OSe,[c][ff8080]BlckPlc[-][/c] - [c][ffffff]CoreDrone[-][/c]base,,,,,,,,[c][ff8080]BlckPlc[-][/c] — [c][ffffff]ядро базы дронов[-][/c],,,,,,,,
pda_aKGOq68,...,,,,,,,,...,,,,,,,,
pda_4a0Kul0,...,,,,,,,,...,,,,,,,,
pda_0mee0eK,--,,,,,,,,--,,,,,,,,
pda_Q4e8CCq,"[i]< That [b]Repository [/b]... was both a [b]throne[/b], and a [b]prison[/b]. >[/i]\n\n[i]< This will set them back. [/i]\n[i]But - One day, they will have their ""[b]Core hacking tool[/b]"".  [/i]\n[i]To simply hack your Base.[/i][i] >[/i]",,,,,,,,[i]< То [b]хранилище[/b] было одновременно [b]троном[/b] и [b]тюрьмой[/b]. >[/i]\n\n[i]< Это отбросит их назад. [/i]\n[i]Но однажды у них появится «[b]инструмент взлома ядер[/b]».\nЧтобы просто взламывать вашу базу. >[/i],,,,,,,,
pda_Dq0KC4m,[i]< [/i][i]Thank you so much ... >[/i],,,,,,,,[i]< Большое спасибо... >[/i],,,,,,,,
pda_KeuOewO,Directions,,,,,,,,Направления,,,,,,,,
pda_SKCiGuC,...,,,,,,,,...,,,,,,,,
pda_o8Ce54C,--,,,,,,,,--,,,,,,,,
pda_8GCiaGi,...,,,,,,,,...,,,,,,,,
pda_oiKqW0C,--,,,,,,,,--,,,,,,,,
pda_008mSa8,[i]< Please switch to the [/i][c][ffff00][[ Device list ]][-][/c] [i]tab. >[/i],,,,,,,,"[i]< Пожалуйста, переключитесь на вкладку [/i][c][ffff00][[ Список устройств ]][-][/c][i]. >[/i]",,,,,,,,
pda_aKt44iq,...,,,,,,,,...,,,,,,,,
pda_GmSSGCm,--,,,,,,,,--,,,,,,,,
pda_0Cuim4O,"[i]< [c][ffff00]Select your tank[-][/c] in the list at the left.[/i]\n[i]- It is still [b]ungrouped[/b], so it will be at the [b]bottom[/b]. >[/i]\n\n\n[i]< ...Then, [c][ffff00]click on[-][/c]  [/i][c][00ff00][[ Access ]][-][/c] [i], at the [b]upper right screen[/b] corner. >[/i]",,,,,,,,"[i]< [c][ffff00]Выберите свой бак[-][/c] в списке слева.[/i]\n[i]— Он всё ещё [b]не сгруппирован[/b], поэтому находится [b]внизу[/b]. >[/i]\n\n[i]< ... Затем нажмите [/i][c][00ff00][[ Доступ ]][-][/c][i] в [b]правом верхнем углу[/b] экрана. >[/i]",,,,,,,,
pda_eKqGGou,...,,,,,,,,...,,,,,,,,
pda_8WGeAOI,--,,,,,,,,--,,,,,,,,
pda_02iCO44,"[i]< But, be prepared !![/i]\n[i]Please check if you have [c][ffff00]enough inventory space[-][/c], first. >[/i]\n\n[i]< You might need it ...! ...! >[/i]",,,,,,,,"[i]< Но будьте готовы!![/i]\n[i]Сначала проверьте, достаточно ли [c][ffff00]места в инвентаре[-][/c]. >[/i]\n\n[i]< Оно вам может понадобиться...! >[/i]",,,,,,,,
pda_94SS4aC,High-grade fuel,,,,,,,,Высококачественное топливо,,,,,,,,
pda_0mK8WSW,...,,,,,,,,...,,,,,,,,
pda_OuCemKC,--,,,,,,,,--,,,,,,,,
pda_OCOkQqa,"[i]< - - We could use something [c][ffffff]better, as fuel[-][/c]...? >[/i]\n\n[i]< There is ... a good [c][ffff00]resource deposit[-][/c] .[/i]\n[i] - Adding it to your Map ! >[/i]",,,,,,,,[i]< — Нам бы не помешало что-то [c][ffffff]получше в качестве топлива[-][/c]...? >[/i]\n\n[i]< Есть хорошая [c][ffff00]ресурсная залежь[/c].[/i]\n[i]— Добавляю её на вашу карту! >[/i],,,,,,,,
pda_aO4AKq8,[c][0080ff]Mrk[-][/c] - [c][ffffff]Lever [-][/c]core access [i][c][ff8000](OnBy: EHPlDead2 EHWorry) (OffBy:Freakout1)[-][/c][/i],,,,,,,,[c][0080ff]Mrk[-][/c] — доступ к ядру через [c][ffffff]рычаг[-][/c] [i][c][ff8000](OnBy: EHPlDead2 EHWorry) (OffBy:Freakout1)[-][/c][/i],,,,,,,,
pda_u8SSCeC,...,,,,,,,,...,,,,,,,,
pda_GLgeZfK,...,,,,,,,,...,,,,,,,,
pda_q4K0aCW,--,,,,,,,,--,,,,,,,,
pda_8SOW0ek,- Land ship inside hangar,,,,,,,,- Посадите корабль внутри ангара,,,,,,,,
pda_E8KSmGO,--,,,,,,,,--,,,,,,,,
pda_u4I0WGg,"""Reminder: \nYou are not [b]docked, [/b]until you [c][ffff00]hear the sound of the docking [-][/c]clamps.""",,,,,,,,"«Напоминание:\nВы не [b]пристыкованы[/b], пока не [c][ffff00]услышите звук стыковочных[-][/c] зажимов».",,,,,,,,
pda_4a0a8eq,[c][0080ff]Mrk[-][/c] - [c][ffffff]RearExit[-][/c] Farm [i][c][ff8000](OnBy:ExplodeDoor) (OffBy:CoreClaim)[-][/c][/i],,,,,,,,[c][0080ff]Mrk[-][/c] — [c][ffffff]задний выход[-][/c] фермы [i][c][ff8000](OnBy:ExplodeDoor) (OffBy:CoreClaim)[-][/c],,,,,,,,
pda_Ka0COCa,...,,,,,,,,......,,,,,,,,
pda_a00anau,...,,,,,,,,...,,,,,,,,
pda_qWCCCu8,--,,,,,,,,--,,,,,,,,
pda_4a88iS8,[b]P[/b]oint [b]O[/b]f [b]I[/b]nterest,,,,,,,,[b]Т[/b]очка [b]И[/b]нтереса,,,,,,,,
pda_80eWU8K,...,,,,,,,,...,,,,,,,,
pda_K8C8I4C,--,,,,,,,,--,,,,,,,,
pda_0uuuWii,[i]< I'm trying to [b]find out more[/b] about this... >[/i]\n[i][/i]\n[i]< Maybe I can get a better connection [c][ffff00]inside of the[-][/c] [c][ffff00]cellar[-][/c] ... >[/i],,,,,,,,"[i]< Я пытаюсь [b]узнать больше[/b] об этом... >[/i]\n\n[i]< Возможно, я смогу получить связь получше [c][ffff00]внутри[-][/c] [c][ffff00]подвала[-][/c]... >[/i]",,,,,,,,
pda_4mqWaWO,"[i]< Left hand side - - The '[c][ffffff]Energy[-][/c]' stats have changed. >[/i]\n\n[i]< You can see it better, if you turn Power off and on again. >[/i]\n\n\n[i]< [c][ffffff]""Power Left"" [-][/c], that is [c][ffffff]your time [-][/c]in [b]hours [/b]and [b]minutes[/b]... >[/i]\n[i][/i]\n[i]---[/i]\n([b]Close window[/b] when done.)",,,,,,,,"[i]< Слева... изменились показатели «[c][ffffff]Энергия[-][/c]». >[/i]\n\n[i]< Это будет заметнее, если снова выключить и включить питание. >[/i]\n\n[i]< [c][ffffff]«Остаток энергии»[-][/c] — это оставшееся время в [b]часах[/b] и [b]минутах[/b]... >[/i]\n\n[i]---[/i]\n([b]Закройте окно[/b], когда закончите.)",,,,,,,,
pda_Sm4Gqqq,"[i]< And - [/i]\n[i]I am ... [b]honored[/b]. - - You really pulled through, and dug it...![/i]\n[i]But this mere simple Drill isn't made for such a [b]high level stone[/b]. >[/i]\n\n[i]< [c][ffffff]Thank you[-][/c] for your patience ! - - [/i][i]This could be wonderful times ... >[/i]",,,,,,,,[i]< И... [/i]\n[i]Для меня большая [b]честь[/b]. Вы действительно справились и добыли это...![/i]\n[i]Но этот простой бур не предназначен для такой [b]твёрдой породы[/b]. >[/i]\n\n[i]< [c][ffffff]Спасибо[-][/c] за терпение! Это может стать прекрасным временем... >[/i],,,,,,,,
pda_W00q4iM,[u][c][ffffff]Block sizes[-][/c] and Grid Volume:[/u]\n\n[b]Hover Vessels[/b] use a[c][ffffff] 'Small' (S)[-][/c] [b]grid size for[/b] building.\n\n[c][c0c0c0]- You [b]cannot [/b]mix building blocks of different sizes   [-][/c]\n[c][c0c0c0]- Each block fills the whole of a 'grid volume'.             [-][/c]\n[c][c0c0c0][sup][i]( = It's a tradeoff to enable building very large structures... )[/i][/sup][-][/c],,,,,,,,"[u][c][ffffff]Размеры блоков[-][/c] и объём сетки:[/u]\n\n[b]Ховерные суда[/b] используют для строительства [c][ffffff]малый (S)[-][/c] размер сетки.\n\n[c][c0c0c0]— Нельзя смешивать строительные блоки разных размеров.[-][/c]\n[c][c0c0c0]— Каждый блок занимает весь объём одной ячейки сетки.[-][/c]\n[c][c0c0c0][sup][i](Это компромисс, позволяющий строить очень крупные конструкции...)[/i][/sup][-][/c]",,,,,,,,
pda_GS0q4He,Playtest - Planet: Subspace antenna,,,,,,,,Тестирование — планета: подпространственная антенна,,,,,,,,
pda_0WGqe00,...,,,,,,,,...,,,,,,,,
pda_SOaiGGu,...,,,,,,,,...,,,,,,,,
pda_iuOmWSm,--,,,,,,,,--,,,,,,,,
pda_yi07Gek,Playtest - Planet: Ready the Builders Workshop,,,,,,,,Тестирование — планета: подготовить мастерскую строителей,,,,,,,,
pda_e8CuoC8,...,,,,,,,,...,,,,,,,,
pda_40iGKqa,...,,,,,,,,...,,,,,,,,
pda_eqaWuOG,--,,,,,,,,--,,,,,,,,
pda_OOCSSqK,Playtest - Planet: Go to Nest,,,,,,,,Тестирование — планета: отправиться к гнезду,,,,,,,,
pda_kea08Yu,...,,,,,,,,...,,,,,,,,
pda_ue2O8eC,...,,,,,,,,...,,,,,,,,
pda_eCOe04S,--,,,,,,,,--,,,,,,,,
pda_mKg8KaG,Playtest - Planet: HV ride workshop to 3rd island- start,,,,,,,,Тестирование — планета: поездка на ховере от мастерской к третьему острову — начало,,,,,,,,
pda_0IOiUC8,...,,,,,,,,...,,,,,,,,
pda_So4ivaa,...,,,,,,,,...,,,,,,,,
pda_KqWOtmu,--,,,,,,,,--,,,,,,,,
pda_GCG08OW,[c][ff8000]bmc[-][/c] - [c][ffffff]HVrider [-][/c](CntntWarm-To_) [c][ff8000][i](OnByT: NewShores) >C_Rw[/i][-][/c],,,,,,,,[c][ff8000]bmc[-][/c] — [c][ffffff]ездок на ховерном судне[-][/c] (CntntWarm-To_) [c][ff8000][i](OnByT: NewShores) >C_Rw[/i][-][/c],,,,,,,,
pda_4OS4Kmq,"_________ [i](Workshop, end)[/i]",,,,,,,,"_________ [i](Мастерская, конец)[/i]",,,,,,,,
pda_4qKqiaW,--,,,,,,,,--,,,,,,,,
pda_Gq0mWq0,--,,,,,,,,--,,,,,,,,
pda_qauqeKS,--,,,,,,,,--,,,,,,,,
pda_i8OQmOQ,"[i]< Okay, let's go! [/i]\n[i]Found some nice [c][ffff00]vessel controls [-][/c]... >[/i]",,,,,,,,"[i]< Хорошо, поехали! [/i]\n[i]Найдены неплохие [c][ffff00]элементы управления судном[-][/c]... >[/i]",,,,,,,,
pda_80q4aWm,Playtest - Planet: Scripted BA attack,,,,,,,,Тестирование — планета: атака базы по сценарию,,,,,,,,
pda_4MauWiU,...,,,,,,,,...,,,,,,,,
pda_O8aeimK,...,,,,,,,,...,,,,,,,,
pda_44CWuum,--,,,,,,,,--,,,,,,,,
pda_qsSq4SO,[i]< [c][ffffff]Tool[-][/c][c][ffffff] drone[-][/c] for easy results ! >[/i],,,,,,,,[i]< [c][ffffff]Дрон-инструмент[-][/c] для лёгкого результата! >[/i],,,,,,,,
pda_0SS41iG,"[i]< Yes ! That's it !![/i]\n\n[i]- For [b]fuel[/b], [b]Multitool [/b]clips, better drills ... >[/i]",,,,,,,,"[i]< Да! Вот оно!![/i]\n\n[i]— Для [b]топлива[/b], зарядов мультитула, лучших буров... >[/i]",,,,,,,,
pda_aCmiuGm,[i]< They teleported it here ... >[/i],,,,,,,,[i]< Они телепортировали это сюда... >[/i],,,,,,,,
pda_aW10KqG,[i]< Found >[/i],,,,,,,,[i]< Найдено >[/i],,,,,,,,
pda_icCue8W,invOpPoi - [c][ffffff]SVPalette [-][/c]- SV warp info [c][ff8000][i](RwBy: FighterSV)[/i][-][/c],,,,,,,,invOpPoi — [c][ffffff]паллета SV[-][/c] — информация о варп-прыжке SV [c][ff8000][i](RwBy: FighterSV)[/i][-][/c],,,,,,,,
pda_Gma50Rq,[i]< [c][ffffff]Shields [-][/c]are [c][ffffff]on[-][/c] ! >[/i]\n\n[i]< - They [b]need a moment[/b] to recharge ... [/i]\n[i]But you can already [b]fly [/b]this thing. >[/i],,,,,,,,"[i]< [c][ffffff]Щиты[-][/c] [c][ffffff]включены[-][/c]! >[/i]\n\n[i]< — Им нужно немного времени, чтобы перезарядиться... [/i]\n[i]Но вы уже можете [b]летать[/b] на этом судне. >[/i]",,,,,,,,
pda_I8K8K0e,DvUse_Cockpit - [c][ff8080]V[-][/c] - Get to box  [c][ff8000][i](OffBy:ResourceBox)[/i][-][/c] [c][ff8000]>C_RwT[-][/c],,,,,,,,DvUse_Cockpit — [c][ff8080]V[-][/c] — добраться до ящика [c][ff8000][i](OffBy:ResourceBox)[-][/c][/i] [c][ff8000]>C_RwT[-][/c],,,,,,,,
pda_WeO4FKe,[i]( No Fuel ! )[/i],,,,,,,,[i]( Нет топлива! )[/i],,,,,,,,
pda_a0i0ail,...,,,,,,,,...,,,,,,,,
pda_CC4GIOi,--,,,,,,,,--,,,,,,,,
pda_OGSGeG3,"[i]< This ship needs at least [c][ffffff]warp fuel.[-][/c] [/i]\n[i]Otherwise, we will be stuck in space... >[/i]\n[i][u][/u][/i]\n[i]< Check that [c][ffff00]cargo pallette[-][/c],[c][ffff00][-][/c] outside. >[/i]",,,,,,,,[i]< Этому кораблю нужно хотя бы [c][ffffff]варп-топливо[-][/c]. [/i]\n[i]Иначе мы застрянем в космосе... >[/i]\n\n[i]< Проверьте ту [c][ffff00]грузовую паллету[-][/c] снаружи. >[/i],,,,,,,,
pda_02OWKWS,[c][ffff00]Reach the Fleet.[-][/c],,,,,,,,[c][ffff00]Доберитесь до флота.[-][/c],,,,,,,,
pda_K8jCaa6,Brakes on/off:[c][00ff00] [ i ][-][/c]\n[i]( Cruise lock: [Cntrl] + Move )[/i]\n--\n Auto-orient: [c][00ff00] [ O ][-][/c]\nPilot modes: [c][00ff00][Shift] + [ i ][-][/c],,,,,,,,Тормоза вкл./выкл.: [c][00ff00][ I ][-][/c]\n[i](Фиксация крейсерской скорости: [Ctrl] + движение)[/i]\n--\nАвтовыравнивание: [c][00ff00][ O ][-][/c]\nРежимы пилота: [c][00ff00][Shift] + [ I ][-][/c],,,,,,,,
pda_aiqiWSa,---,,,,,,,,---,,,,,,,,
pda_iCKWCuq,"[u][c][ffffff]Vessel Controls:[-][/c][/u]\n\n[c][00ff00][ i ][-][/c] : [c][ffffff]Autobrake [-][/c]on/off - - Conserve fuel, or drift in battle\n[c][00ff00][O][-][/c] : [c][ffffff]Orient[-][/c] back to system's plane\n\nPilot modes: [c][00ff00][Shift] + [ i ][-][/c]",,,,,,,,[u][c][ffffff]Управление судном:[-][/c][/u]\n\n[c][00ff00][ I ][-][/c]: [c][ffffff]Автоторможение[-][/c] вкл./выкл. — экономьте топливо или дрейфуйте в бою.\n[c][00ff00][ O ][-][/c]: [c][ffffff]Ориентация[-][/c] обратно к плоскости системы.\n\nРежимы пилота: [c][00ff00][Shift] + [ I ][-][/c],,,,,,,,
pda_eWSSeE4,[c][ff8080]Kill[-][/c] - EvilHack [c][ffffff]worried2[-][/c] [i][c][ff8000](OnBy: EvilWorried) (OffBy: CoreKill) [-][/c][/i][c][ff8000]>C_Off >ToRw[-][/c][i][c][ff8000][-][/c][/i],,,,,,,,[c][ff8080]Kill[-][/c] — злой взломщик — [c][ffffff]беспокойство2[-][/c] [i][c][ff8000](OnBy: EvilWorried) (OffBy: CoreKill)[-][/c][/i][c][ff8000]>C_Off >ToRw[-][/c][i][c][ff8000][-][/c][/i],,,,,,,,
pda_0oCqCoS,[c][ff8080][i]( Message )[/i][-][/c],,,,,,,,[c][ff8080][i]( Сообщение )[/i][-][/c],,,,,,,,
pda_e0SWKGC,...,,,,,,,,...,,,,,,,,
pda_eQ0eKOm,--,,,,,,,,--,,,,,,,,
pda_1GcSqOu,[b][c][ff8080]<<[-][/c] [c][ffffff]Marking[-][/c] [c][c0c0c0]low-accuracy Troopers to be[-][/c] [c][ffffff]purged[-][/c] [c][c0c0c0]from offworld Clone database[-][/c][c][c0c0c0]. [-][/c] [c][ff8080]>>[-][/c][/b],,,,,,,,[b][c][ff8080]<<[-][/c] [c][ffffff]Пометка[-][/c] [c][c0c0c0]солдат с низкой точностью для[-][/c] [c][ffffff]удаления[-][/c] [c][c0c0c0]из внеземной базы данных клонов[-][/c][c][c0c0c0].[-][/c] [c][ff8080]>>[-][/c][/b],,,,,,,,
pda_4i4SCaC,[c][0080ff]nPOI[-][/c] - [c][ff8080]N[-][/c] - [c][00ffff]CAL14[-][/c] - [c][ffffff]ArtyDisc[-][/c]over [c][ff8080]Switch[-][/c][c][ff8000] [i](OnByT: CloneHome) [/i]>C_On >C_off x4 >C_OffT>COnT [-][/c][c][ff8080][i]ToRw:NestOpen ToOff:BackToFoot[/i][-][/c],,,,,,,,[c][0080ff]nPOI[-][/c] — [c][ff8080]N[-][/c] — [c][00ffff]CAL14[-][/c] — обнаружение [c][ffffff]артиллерии[-][/c] — [c][ff8080]переключатель[-][/c][c][ff8000] [i](OnByT: CloneHome) [/i]>C_On >C_off x4 >C_OffT>COnT[-][/c][c][ff8080][i]ToRw:NestOpen ToOff:BackToFoot[-][/c],,,,,,,,
pda_8mCmeSu,[c][ff8080]B_Dstr[-][/c] - [c][ff8080]V[-][/c] -on- [c][00ffff]CalSig14[-][/c] - ArtySentry Early [i][c][ff8080](OffByT: CloneHome)[-][/c][/i][c][ff8000] >C_Off x2 >C_On[-][/c],,,,,,,,[c][ff8080]B_Dstr[-][/c] — [c][ff8080]V[-][/c] — вкл. — [c][00ffff]CalSig14[-][/c] — ранний артиллерийский часовой [i][c][ff8080](OffByT: CloneHome)[-][/c][/i][c][ff8000] >C_Off x2 >C_On[-][/c],,,,,,,,
pda_aG0euWK,...,,,,,,,,...,,,,,,,,
pda_imG8Wm8,...,,,,,,,,...,,,,,,,,
pda_WiWC8JG,--,,,,,,,,--,,,,,,,,
pda_Cge8aG8,[i]< Good shot! >[/i]\n\n[i]<  ... Maybe we can make use of that [c][ffffff]Artillery Turret [-][/c]... ? >[/i],,,,,,,,"[i]< Отличный выстрел! >[/i]\n\n[i]< ... Может, мы сможем воспользоваться той [c][ffffff]артиллерийской турелью[-][/c]...? >[/i]",,,,,,,,
pda_eqm4SOE,[i]< An old [c][ffffff]defense turret [-][/c]... [/i]\n[i]This could be useful. >[/i],,,,,,,,[i]< Старая [c][ffffff]защитная турель[-][/c]... [/i]\n[i]Она может пригодиться. >[/i],,,,,,,,
pda_mKK8qaq,( Get closer ),,,,,,,,( Подойдите ближе ),,,,,,,,
pda_qqK4CC8,--,,,,,,,,--,,,,,,,,
pda_K0inGeF,Turret Defense,,,,,,,,Защита турелью,,,,,,,,
pda_i0CW44i,...,,,,,,,,...,,,,,,,,
pda_g2s2448,--,,,,,,,,--,,,,,,,,
pda_6Sciamu,"[i]< Strange code. Hard to get into ... >[/i]\n[i][/i]\n[i]< - [c][ffffff]Careful[-][/c], it is still [c][ffff00]guarded.[-][/c] [/i]\n[i]In the door... >[/i]",,,,,,,,"[i]< Странный код. Трудно получить доступ... >[/i]\n\n[i]< — [c][ffffff]Осторожно[-][/c], она всё ещё [c][ffff00]охраняется[-][/c]. [/i]\n[i]В двери... >[/i]",,,,,,,,
pda_0eCGCce,"[i]< That sentry there - [/i]\n[i]- I cannot reach it, except of its [b]spec sheet[/b]. >[b][/b][/i]\n\n[i]< ... It can [c][ffffff]hurt [-][/c]a lot ... ! >[/i]",,,,,,,,"[i]< Тот часовой... [/i]\n[i]— Я не могу получить ничего, кроме его [b]спецификации[/b]. >[/i]\n\n[i]< ... Он может [c][ffffff]сильно навредить[-][/c]...! >[/i]",,,,,,,,
pda_GS4eWSQ,[c][0080ff](nPOI)[-][/c] - rw_[c][ff8080]V[-][/c] - Back to foothold [i][c][ff8080](RwBy: TurretsDwn)[-][/c][c][ff8080] (ToOffBy:ArtyDisc) ToRw::NestOpen[-][/c][/i],,,,,,,,[c][0080ff](nPOI)[-][/c] — rw_[c][ff8080]V[-][/c] — вернуться к опорному пункту [i][c][ff8080](RwBy: TurretsDwn)[-][/c][c][ff8080] (ToOffBy:ArtyDisc) ToRw::NestOpen[-][/c][/i],,,,,,,,
pda_4aeM40O,Building a Safe Spot,,,,,,,,Создание безопасного места,,,,,,,,
pda_s0bOCGW,"[c][ffff00]( Go to ""Foothold"" cargo boxes )[-][/c]",,,,,,,,[c][ffff00]( Идите к грузовым ящикам «Опорного пункта» )[-][/c],,,,,,,,
pda_AKquE0u,--,,,,,,,,--,,,,,,,,
pda_UeWGOc4,...,,,,,,,,...,,,,,,,,
pda_miuCKGq,...,,,,,,,,...,,,,,,,,
pda_9K0m4qu,--,,,,,,,,--,,,,,,,,
pda_8gSe8qR,[c][ffff00]Shoot the Core[-][/c],,,,,,,,[c][ffff00]Выстрелите в ядро[-][/c],,,,,,,,
pda_qe0uOuK,---,,,,,,,,---,,,,,,,,
pda_GeSGSWm,[c][0080ff](nPOI)[-][/c] - off_[c][ff8080]V[-][/c] - Bridge to nest [c][ff8080](ToRwBy: BackFoot) RwBy: CloneHome[-][/c],,,,,,,,[c][0080ff](nPOI)[-][/c] — выкл._[c][ff8080]V[-][/c] — мост к гнезду [c][ff8080](ToRwBy: BackFoot) RwBy: CloneHome[-][/c],,,,,,,,
pda_jaeu4eS,[i]( Ready to - - )[/i],,,,,,,,[i]( Готовы... )[/i],,,,,,,,
pda_iOEquu4,...,,,,,,,,...,,,,,,,,
pda_8Geu4pG,--,,,,,,,,--,,,,,,,,
pda_CuCG44O,"[i]< Now, with the turrets we destroyed, we should be able to - - >[/i]",,,,,,,,"[i]< Теперь, когда мы уничтожили турели, мы должны суметь... >[/i]",,,,,,,,
pda_Wa404GS,[c][ff8080]<<[-][/c] You like to dig [i][c][ffffff]ice [-][/c][/i]... ? [c][ff8080]>>[-][/c]\n\n[c][ff8080]<<[-][/c] We could[b] [c][ffffff]hack [-][/c][/b]endless [b]Cores [/b]... [c][ff8080]>>[-][/c],,,,,,,,[c][ff8080]<<[-][/c] Вам нравится добывать [i][c][ffffff]лёд[-][/c][/i]...? [c][ff8080]>>[-][/c]\n\n[c][ff8080]<<[-][/c] Мы могли бы [b][c][ffffff]взламывать[-][/c][/b] бесконечное число [b]ядер[/b]... [c][ff8080]>>[-][/c],,,,,,,,
pda_mS8GOai,[c][ff8080][b]<<[/b][-][/c] [b][c][ff8080][c][c0c0c0][b]... Just [/b][c][ffffff][b]hold your Survival Tool closer[/b][-][/c][b] to this Core Unit ...[/b][-][/c][-][/c][/b] [c][ff8080][b]>>[/b][-][/c],,,,,,,,[c][ff8080][b]<<[/b][-][/c] [b][c][ff8080][c][c0c0c0][b]... Просто [/b][c][ffffff][b]поднесите инструмент выживания ближе[/b][-][/c][b] к этому ядру...[/b][-][/c][-][/c][/b] [c][ff8080][b]>>[/b][-][/c],,,,,,,,
pda_gWYK8G0,[c][ff8080][b]<<[/b][-][/c] [c][ff8080][c][c0c0c0]Together we could do great many things.[-][/c][-][/c] [c][ff8080][b]>>[/b][-][/c]\n[c][ff8080][b][/b][-][/c]\n[c][ff8080][b]<<[/b][-][/c] [c][c0c0c0]...[-][/c] [c][ff8080][b]>>[/b][-][/c],,,,,,,,[c][ff8080][b]<<[/b][-][/c] [c][ff8080][c][c0c0c0]Вместе мы смогли бы сделать очень многое.[-][/c][-][/c] [c][ff8080][b]>>[-][/c]\n[c][ff8080][b][/b][-][/c]\n[c][ff8080][b]<<[/b][-][/c] [c][c0c0c0]...[-][/c] [c][ff8080][b]>>[-][/c],,,,,,,,
pda_KYmO4iO,"[c][ff8080][b]<<[/b][-][/c] [c][ff8080][c][c0c0c0][c][ffffff]Greetings[-][/c], Human.[-][/c][-][/c] [c][ff8080][b]>>[/b][-][/c]\n\n[c][ff8080][b]<<[/b][-][/c] [c][ff8080][c][c0c0c0]I only worked for the Zirax, to make them believe.[-][/c][-][/c] [c][ff8080][b]>>[/b][-][/c]",,,,,,,,"[c][ff8080][b]<<[/b][-][/c] [c][ff8080][c][c0c0c0][c][ffffff][b]Приветствую[-][/c], человек.[-][/c][-][/c] [c][ff8080][b]>>[-][/c]\n\n[c][ff8080][b]<<[/b][-][/c] [c][ff8080][c][c0c0c0]Я работал на зираксов лишь для видимости.[-][/c][-][/c] [c][ff8080][b]>>[-][/c]",,,,,,,,
pda_8UOGKOO,[c][ff8080]<<[-][/c] [i]... I wonder what the [c][ffffff][b]Core [/b][-][/c]of a [c][ffffff]Human [-][/c]is ... ?[/i] [c][ff8080]>>[-][/c],,,,,,,,"[c][ff8080]<<[-][/c] [i]... Интересно, что такое [c][ffffff][b]ядро[/b][-][/c] [c][ffffff]человека[-][/c]?[/i] [c][ff8080]>>[-][/c]",,,,,,,,
pda_ea2qeGO,"[c][ff8080][b][/b][-][/c]\n[c][ff8080][b]<<[/b][-][/c][b] Shutting down[/b] [c][ffffff]outdated[-][/c] code. \n- [b]Re-using[/b] ""Creativity Module"" and memory nodes.[c][ff8080][b] >>[/b][-][/c]",,,,,,,,[c][ff8080][b][/b][-][/c]\n[c][ff8080][b]<<[/b][-][/c][b] Отключение[/b] [c][ffffff]устаревшего[-][/c] кода.\n— [b]Повторное использование[/b] «модуля творчества» и узлов памяти.[c][ff8080][b] >>[/b][-][/c],,,,,,,,
pda_iuo8W4K,[c][0080ff]Mrk[-][/c] - [c][ffffff]ReachHangar[-][/c] [i][c][ff8000](OnBy: ReachDBVessel) (offBy: SVHangar) (OffOn: FightBoost & HackCounter)[-][/c][/i],,,,,,,,[c][0080ff]Mrk[-][/c] — [c][ffffff]достичь ангара[-][/c] [i][c][ff8000](OnBy: ReachDBVessel) (offBy: SVHangar) (OffOn: FightBoost & HackCounter)[-][/c][/i],,,,,,,,
pda_aCKmaSm,...,,,,,,,,...,,,,,,,,
pda_SG80qWK,...,,,,,,,,...,,,,,,,,
pda_qeKeW8i,--,,,,,,,,--,,,,,,,,
pda_iqqAKCa,Sig - EvilHack wants [c][ffffff]player dead2[-][/c] [i][c][ff8000](offby: CoreKill) >C_On[-][/c][/i],,,,,,,,Sig — злой взломщик хочет [c][ffffff]смерти игрока2[-][/c] [i][c][ff8000](offby: CoreKill) >C_On[-][/c][/i],,,,,,,,
pda_q08Cu8a,[c][ff8080][i]( Message )[/i][-][/c],,,,,,,,[c][ff8080][i]( Сообщение )[/i][-][/c],,,,,,,,
pda_88WGaWi,...,,,,,,,,...,,,,,,,,
pda_CGSd4aW,---,,,,,,,,---,,,,,,,,
pda_064SCwS,[c][ff8080][b]<<[/b][-][/c] [c][ff8080][c][c0c0c0][c][ffffff][b]Destroy[/b][-][/c][-][/c][-][/c][b] carrying individual.[/b]\n[b][c][ff8080][c][c0c0c0][c][ffffff][b]Collect[/b][-][/c][-][/c][-][/c] Drill unit. [c][ff8080]>>[-][/c][/b]\n\n [c][ff8080][b]<<[/b][-][/c] [c][c0c0c0][b][c][ffffff]Repeat[-][/c].[/b][-][/c] - - Carrying individual [c][c0c0c0][c][ffffff][b]destruction[/b][-][/c][-][/c] advised.  [c][ff8080][b]>>[/b][-][/c],,,,,,,,[c][ff8080][b]<<[/b][-][/c] [c][ff8080][c][c0c0c0][c][ffffff][b]Уничтожить[-][/c][-][/c][-][/c][b] носителя.\n[b][c][ff8080][c][c0c0c0][c][ffffff][b]Забрать[-][/c][-][/c][-][/c] буровой модуль. [c][ff8080]>>[-][/c][/b]\n\n[c][ff8080][b]<<[/b][-][/c] [c][c0c0c0][b][c][ffffff]Повторить[-][/c].[/b][-][/c] — рекомендуется [c][c0c0c0][c][ffffff][b]уничтожение[-][/c][-][/c] носителя. [c][ff8080][b]>>[-][/c],,,,,,,,
pda_4e4SeeI,...,,,,,,,,...,,,,,,,,
pda_sSiSKCq,...,,,,,,,,...,,,,,,,,
pda_SiaSOWa,Sig - [c][ffffff]Tower[-][/c] Message,,,,,,,,Sig — сообщение башни,,,,,,,,
pda_kW8q4We,...,,,,,,,,...,,,,,,,,
pda_qK40KiG,...,,,,,,,,...,,,,,,,,
pda_WKqOiOC,--,,,,,,,,--,,,,,,,,
pda_KOeCEOG,[i]< I don't know how it is for you ...[/i]\n[i]- But I always wanted to go to [b]space[/b]. >[/i]\n[i][/i]\n[i]< See the [b]galaxy[/b]... All those strange and wonderful places ... >[/i],,,,,,,,"[i]< Не знаю, как у вас...[/i]\n[i]— Но я всегда хотел попасть в [b]космос[/b]. >[/i]\n\n[i]< Увидеть [b]галактику[/b]... Все эти странные и чудесные места... >[/i]",,,,,,,,
pda_8eaieq4,Sig - Enter[c][ffffff]Talon[-][/c] Tower,,,,,,,,Sig — вход в башню [c][ffffff]талонов[-][/c],,,,,,,,
pda_GWKuu8m,...,,,,,,,,...,,,,,,,,
pda_0qqauOO,...,,,,,,,,...,,,,,,,,
pda_ueuaW4q,--,,,,,,,,--,,,,,,,,
pda_GGa584Q,[i]< This looks a bit like those old [b]Talon [/b]buildings. >[/i]\n[i][/i]\n[i]< [b]Captain [/b]was all talking about them... >[/i],,,,,,,,[i]< Это немного похоже на старые здания [b]талонов[/b]. >[/i]\n\n[i]< [b]Капитан[/b] всё время говорил о них... >[/i],,,,,,,,
pda_aKOeCeM,Playtest - StartSpace: Ship Destruction dialog,,,,,,,,Тестирование — начало в космосе: диалог разрушения корабля,,,,,,,,
pda_ep0uWW4,...,,,,,,,,...,,,,,,,,
pda_80eSGYa,...,,,,,,,,...,,,,,,,,
pda_W4Oq4Kq,--,,,,,,,,--,,,,,,,,
pda_eKSuq0q,...,,,,,,,,...,,,,,,,,
pda_qOQu80K,--,,,,,,,,--,,,,,,,,
pda_8u8qmKa,...,,,,,,,,...,,,,,,,,
pda_W4Z4uGa,--,,,,,,,,--,,,,,,,,
pda_OiaOCGu,\n[i]< ... [c][ffff00]Teleporter is back [-][/c]!  Let's get moving ! >[/i],,,,,,,,\n[i]< ... [c][ffff00]Телепортер снова работает[-][/c]! Давайте двигаться! >[/i],,,,,,,,
pda_e84ew0u,[i]< Please [c][ffffff]hurry ![-][/c][c][ffffff][-][/c][/i]\n[i] Trying to ... [/i]> [c][c0c0c0]Chirp[-][/c][i] < convince these drones of the[/i][b][i] joys of mining[/i][/b][i] ... >[/i],,,,,,,,"[i]< Пожалуйста, [c][ffffff]поторопитесь![-][/c][/i]\n[i]Пытаюсь... > [c][c0c0c0]Писк[-][/c][i] < убедить этих дронов в [b]радостях добычи[/b]... >[/i]",,,,,,,,
pda_4ef8mma,turned on workshop hall motion detectors,,,,,,,,включены детекторы движения в зале мастерской,,,,,,,,
pda_KKCqgqe,...,,,,,,,,...,,,,,,,,
pda_WnmaC4C,--,,,,,,,,--,,,,,,,,
pda_gK80Oiu,"[i]< The mind of this Base, wants to enjoy [/i][i]the universe, in peace and [b]harmony[/b][/i][i][b].[/b] [/i][i]>[/i]\n[i]- - So, it decided to[b] give away[/b] all the hurtful things. > [/i]\n[i]< - [/i][i] And URGES us to use them. >[/i]\n[i]< ... Ideally, by ""[c][ffffff]totally [b]wrecking [/b]the Dronebase's [b]Core[/b][-][/c][b][/b]' >[/i]",,,,,,,,[i]< Разум этой базы хочет наслаждаться [/i][i]вселенной в мире и [b]гармонии[/b][/i][i][b].[/b] >[/i]\n[i]— Поэтому он решил [b]отдать[/b] все опасные вещи. >[/i]\n[i]< — И НАСТОЯТЕЛЬНО просит нас воспользоваться ими. >[/i]\n[i]< ... В идеале — «[c][ffffff]полностью [b]разнести[/b] ядро [b]базы дронов[/b][-][/c]». >[/i],,,,,,,,
pda_4geuC0O,...,,,,,,,,...,,,,,,,,
pda_eqOmS0u,...,,,,,,,,...,,,,,,,,
pda_uCGiG8O,--,,,,,,,,--,,,,,,,,
pda_d0uqGCC,...,,,,,,,,...,,,,,,,,
pda_G2eaGCq,...,,,,,,,,...,,,,,,,,
pda_koqS4iC,--,,,,,,,,--,,,,,,,,
pda_GuWqSK4,Liftoff check,,,,,,,,Проверка взлёта,,,,,,,,
pda_uaWKCOh,...,,,,,,,,...,,,,,,,,
pda_eg0Km08,--,,,,,,,,--,,,,,,,,
pda_S8S484c,"[c][c0c0c0]chiiirp[-][/c] [i]< [c][ffffff]Worried ... ?[-][/c][/i]\n[i]Yes, [b]fear the Human[/b], for it [b]walks in Force and Thunder ![/b]! >[/i]",,,,,,,,"[c][c0c0c0]пи-и-иск[-][/c] [i]< [c][ffffff]Беспокоитесь...?[-][/c][/i]\n[i]Да, [b]бойтесь человека[/b], ведь он [b]идёт с силой и громом[/b]! >[/i]",,,,,,,,
pda_8Ke6gWK,...,,,,,,,,...,,,,,,,,
pda_almOWrm,--,,,,,,,,--,,,,,,,,
pda_7WGiWam,[c][0080ff](nPOI)[-][/c] - [c][ffffff]Thanking[-][/c] player [c][ff8000][i](OnBy: CoreKill)[/i][-][/c],,,,,,,,[c][0080ff](nPOI)[-][/c] — [c][ffffff]благодарность[-][/c] игроку [c][ff8000][i](OnBy: CoreKill)[/i][-][/c],,,,,,,,
pda_uiaKSWC,[b][c][ff8080]<<<[-][/c][/b] [c][ff8080][b]Critical damage. Shutting down [/b][-][/c][b][c][ff8080]>>>[-][/c][/b]\n[c][ffffff]\nBase attack waves stopped.[-][/c],,,,,,,,[b][c][ff8080]<<<[-][/c][/b] [c][ff8080][b]Критические повреждения. Отключение. [/b][-][/c][b][c][ff8080]>>>[-][/c][/b]\n[c][ffffff]\nВолны атак базы остановлены.[-][/c],,,,,,,,
pda_d4uC04D,[c][ffff00]Drill more[-][/c] Carbon rocks,,,,,,,,[c][ffff00]Добудьте ещё[-][/c] углеродных камней,,,,,,,,
pda_OkS8i0K,'Carbon Substrate' collected:,,,,,,,,Собрано: «Углеродный субстрат»,,,,,,,,
pda_ia3KW0G,--,,,,,,,,--,,,,,,,,
pda_Oi40Ymu,[c][0080ff](nPOI)[-][/c] [c][ffffff]NewShores[-][/c]Ready [c][0080ff]Tsk[-][/c] [i][c][ff8000](OnBy: AmmoBox) [-][/c][/i][c][ff8000]C_OnT x3 >C_off x2 [c][0080ff]>Cascade[-][/c][-][/c],,,,,,,,[c][0080ff](nPOI)[-][/c] [c][ffffff]Новые берега[-][/c] готовы — [c][0080ff]список заданий[-][/c] [i][c][ff8000](OnBy: AmmoBox)[-][/c][/i][c][ff8000]C_OnT x3 >C_off x2 [c][0080ff]>Cascade[-][/c][-][/c],,,,,,,,
pda_GOKSOOk,[c][ffff00]Travel to northern Island[-][/c],,,,,,,,[c][ffff00]Отправляйтесь на северный остров[-][/c],,,,,,,,
pda_OK8CmA0,"[i]< You can [c][ffffff]fill in this fuel[-][/c], by using the [c][ffff00]Control Panel[-][/c] [/i][c][00ff00][P][-][/c][i] of your vessel >[/i]",,,,,,,,[i]< Вы можете [c][ffffff]заправить это топливо[-][/c] через [c][ffff00]панель управления[-][/c] [/i][c][00ff00][P][-][/c][i] своего судна. >[/i],,,,,,,,
pda_CmCqKWL,- Use Control Panel [c][00ff00][P][-][/c] to quickfill,,,,,,,,- Используйте панель управления [c][00ff00][P][-][/c] для быстрой заправки,,,,,,,,
pda_4GqSqi2,---,,,,,,,,---,,,,,,,,
pda_M0WKaWW,"[u][c][ffffff]Quickfill buttons[-][/c][/u]:\n\n\n(Bottom row: Fuel tank)\n\n[c][ffff00]Click on ""Fill all"" button,[-][/c]\nto fill as much fuel as possible,\ndrawing it from your Inventory.\n\n[sup][i]([b]Biofuel [/b]needs to be filled manually, \ne.g. with the 'Manage' button. )[/i][/sup]",,,,,,,,"[u][c][ffffff]Кнопки быстрой заправки[-][/c][/u]:\n\n\n(Нижний ряд: топливный бак)\n\n[c][ffff00]Нажмите кнопку «Заполнить всё»[-][/c],\nчтобы заправить столько топлива, сколько возможно,\nиз вашего инвентаря.\n\n[sup][i]([b]Биотопливо[/b] нужно заправлять вручную,\nнапример кнопкой «Управление».)[/i][/sup]",,,,,,,,
pda_8umu0m0,...,,,,,,,,...,,,,,,,,
pda_iuSgqCw,---,,,,,,,,---,,,,,,,,
pda_4miKiKC,"< You can fill the tank here, \nor with the [c][ffffff][[Main]] tab[-][/c], too.\n\nThe latter is more [b]convenient[/b]. >",,,,,,,,"< Здесь можно заправить бак,\nили через вкладку [c][ffffff][[ Главное ]][-][/c].\n\nВторой способ более [b]удобен[/b]. >",,,,,,,,
pda_iGKW0Ue,[i]< The [c][ffffff]Control Panel[-][/c] [/i][c][00ff00][P][-][/c][i] can be reached even when sitting in a [b]Cockpit [/b]... > [/i],,,,,,,,[i]< К [c][ffffff]панели управления[-][/c] [/i][c][00ff00][P][-][/c][i] можно получить доступ даже сидя в [b]кабине[/b]... >[/i],,,,,,,,
pda_qVCWsS4,...,,,,,,,,...,,,,,,,,
pda_OSeWEie,--,,,,,,,,--,,,,,,,,
pda_GaGSW0w,"[i]< [b]Cores [/b]are nice ...  But this one, is - hm. I don't know ... >[/i]",,,,,,,,"[i]< [b]Ядра[/b] хороши... Но это... хм, не знаю... >[/i]",,,,,,,,
pda_Sae8qSi,[c][0080ff]Mrk [-][/c]- Northern To Go [i][c][ff8000](OnByT: NewShores) [-][/c][c][ff8000](OffBy: CntrlHV & CloneHome)[-][/c][/i],,,,,,,,[c][0080ff]Mrk[-][/c] — направляйтесь на север [i][c][ff8000](OnByT: NewShores)[-][/c][c][ff8000](OffBy: CntrlHV & CloneHome)[-][/c][/i],,,,,,,,
pda_dOWuSSa,...,,,,,,,,...,,,,,,,,
pda_d00GOiS,...,,,,,,,,...,,,,,,,,
pda_a8u8S8q,--,,,,,,,,--,,,,,,,,
pda_e4a4Kua,[c][0080ff]Mrk[-][/c] - DestroyTheTurrets  [i][c][ff8000](OnBy:ArtyBase)[-][/c][c][ff8000] (OffBy:TurretsDown)[-][/c][/i],,,,,,,,[c][0080ff]Mrk[-][/c] — уничтожьте турели [i][c][ff8000](OnBy:ArtyBase)[-][/c][c][ff8000] (OffBy:TurretsDown)[-][/c][/i],,,,,,,,
pda_eu8ielK,...,,,,,,,,...,,,,,,,,
pda_aKq0008,...,,,,,,,,...,,,,,,,,
pda_S8OSW0u,---,,,,,,,,---,,,,,,,,
pda_8OeueQM,[c][ff8000]WARNING[-][/c],,,,,,,,[c][ff8000]ПРЕДУПРЕЖДЕНИЕ[-][/c],,,,,,,,
pda_Y8aWmkG,Killer turret,,,,,,,,Смертоносная турель,,,,,,,,
pda_OG0ZCQe,--,,,,,,,,--,,,,,,,,
pda_CGeem4D,[i]Optional: Find & Destroy Dronebase Core[/i],,,,,,,,[i]Необязательно: найдите и уничтожьте ядро базы дронов[/i],,,,,,,,
pda_GmgCCae,--,,,,,,,,--,,,,,,,,
pda_G440a0m,"[i]< Careful, that Base over there has a [c][ffffff]homing [-][/c][b][c][ff8000]rocket turret[-][/c][/b].- - A one-shot [b]killer[/b]... >[/i]\n\n[i]< Very hacking resistant ...! >[/i]\n[i]< [/i][i]If we could [c][ffffff]disable those Turrets[-][/c], somehow ...? >[/i]",,,,,,,,"[i]< Осторожно, на той базе есть [c][ffffff]самонаводящаяся[-][/c] [b][c][ff8000]ракетная турель[-][/c][/b]. Один выстрел — и смерть... >[/i]\n\n[i]< Она очень устойчива ко взлому...! >[/i]\n[i]< Если бы мы могли как-то [c][ffffff]отключить эти турели[-][/c]...? >[/i]",,,,,,,,
pda_W8iuo8u,"[c][0080ff]Mrk[-][/c] - Vessel&DB [i][c][ff8000](OnByT:BAattack, NewShores)[-][/c][c][ff8000]  (OffOnBy: TaskAmmoBox -- NewShores)(OffBy: DangerArea, Arty(s), CloneHome)[-][/c][/i]",,,,,,,,"[c][0080ff]Mrk[-][/c] — судно и база дронов [i][c][ff8000](OnByT:BAattack, NewShores)[-][/c][c][ff8000] (OffOnBy: TaskAmmoBox — NewShores)(OffBy: DangerArea, Arty(s), CloneHome)[-][/c][/i]",,,,,,,,
pda_mmKiG40,...,,,,,,,,...,,,,,,,,
pda_4OSiCOG,...,,,,,,,,...,,,,,,,,
pda_GWmKGxO,--,,,,,,,,--,,,,,,,,
pda_ijqSCK0,[c][ffff00]Travel to northern Island[-][/c],,,,,,,,[c][ffff00]Отправляйтесь на северный остров[-][/c],,,,,,,,
pda_mi4iWK0,Hover height:\n[c][00ff00][Space][-][/c] / [c][00ff00][ C ][-][/c]\nMain Power: [c][00ff00][Z] [-][/c](Y),,,,,,,,Высота парения:\n[c][00ff00][Пробел][-][/c] / [c][00ff00][ C ][-][/c]\nГлавное питание: [c][00ff00][Z][-][/c] (Y),,,,,,,,
pda_umGmuOO,--,,,,,,,,--,,,,,,,,
pda_q8WqiYi,"[i]< Pre-check, vessel is ready to go ! >[/i]\n[i][/i]\n[i]< [/i][c][00ff00][Space][-][/c] [i], [/i][c][00ff00][ C ][-][/c][i] for [c][ffff00]hover height[-][/c]! >[/i]",,,,,,,,[i]< Предварительная проверка: судно готово к отправлению! >[/i]\n\n[i]< [c][00ff00][Пробел][-][/c] и [c][00ff00][ C ][-][/c] регулируют [c][ffff00]высоту парения[-][/c]! >[/i],,,,,,,,
pda_a20e0SO,...,,,,,,,,...,,,,,,,,
pda_CUWuOmC,...,,,,,,,,...,,,,,,,,
pda_iSWmiIK,--,,,,,,,,--,,,,,,,,
pda_5miUGG0,"[i]< So, this is a place to [c][ffff00]get a Hover vessel [-][/c]...! >[/i]\n\n[i]< The Constructors are on... [/i]\n[i]But using the [c][ffffff]""Factory"" [-][/c]could be faster. >[/i]",,,,,,,,"[i]< Значит, здесь можно [c][ffff00]получить ховерное судно[-][/c]...! >[/i]\n\n[i]< Конструкторы включены... [/i]\n[i]Но использовать [c][ffffff]«Фабрику»[-][/c] может быть быстрее. >[/i]",,,,,,,,
pda_iimmCaq,"[i]< We are kind of... [c][ffffff]guests [-][/c]here. >[/i]\n\n[i]< Please do things with [c][ffff00]Hover Vessels[-][/c], [c][ffffff]only[-][/c].[/i]\n[i]- No Small Vessel, or Capitals ... >[/i]",,,,,,,,"[i]< Мы здесь вроде как... [c][ffffff]гости[-][/c]. >[/i]\n\n[i]< Пожалуйста, используйте [c][ffff00]ховерные суда[-][/c] [c][ffffff]только[-][/c].[/i]\n[i]— Никаких малых или капитальных судов... >[/i]",,,,,,,,
pda_S4OaWSa,"[c][00ff00]Green[-][/c]: [i]Temporarily changed, or switched on,off[/i]",,,,,,,,"[c][00ff00]Зелёный[-][/c]: [i]временно изменено, включено или выключено[/i]",,,,,,,,
pda_0040OCa,--,,,,,,,,--,,,,,,,,
pda_84iK8OK,--,,,,,,,,--,,,,,,,,
pda_8KmqDSG,--,,,,,,,,--,,,,,,,,
pda_eCAWGOK,- Go to the Bridge\n [c][c0c0c0][sup](Follow the [/sup][-][/c][c][ffff00][sup]Marker[/sup][-][/c][c][c0c0c0][sup])[/sup][-][/c]\n- Talk to Captain,,,,,,,,- Идите на мостик\n[c][c0c0c0][sup](Следуйте за [/sup][-][/c][c][ffff00][sup]маркером[/sup][-][/c][c][c0c0c0][sup].)[/sup][-][/c]\n- Поговорите с капитаном,,,,,,,,
pda_SCSC4Ka,--,,,,,,,,--,,,,,,,,
pda_qiucSSe,"[sup]Rotate:  [c][00ff00][HOME][-][/c] , [c][00ff00][END][-][/c]\n     Axis:  [c][00ff00][INS] [-][/c], [c][00ff00][DEL][-][/c]\nBlock styles[/sup] [sup][c][00ff00][RMB][-][/c][/sup]\n[sup]---\nDraw line: [c][00ff00]Hold [LMB]\n [-][/c]Draw plane: [c][00ff00]Hold [LMB] +[Shift][-][/c][/sup] [sup]\n(You need a [b]Core[/b] to pick up blocks.)[/sup]",,,,,,,,"[sup]Поворот: [c][00ff00][HOME][-][/c], [c][00ff00][END][-][/c]\nОсь: [c][00ff00][INS][-][/c], [c][00ff00][DEL][-][/c]\nСтили блоков: [c][00ff00][ПКМ][-][/c]\n---\nРисовать линию: удерживайте [c][00ff00][ЛКМ][-][/c]\nРисовать плоскость: удерживайте [c][00ff00][ЛКМ] + [Shift][-][/c]\n\n(Чтобы подбирать блоки, нужно [b]ядро[/b].)[/sup]",,,,,,,,
pda_ki4mW4u,--,,,,,,,,--,,,,,,,,
pda_SuECiuO,---,,,,,,,,---,,,,,,,,
pda_qO4wemC,--,,,,,,,,--,,,,,,,,
pda_iiW8iSW,- Check out markers?,,,,,,,,- Осмотрите маркеры?,,,,,,,,
pda_KS3DGSW,--,,,,,,,,--,,,,,,,,
pda_8OuUCSm,WinOp - rw- [c][ffffff]OpenMap[-][/c]Rd [c][ff8000][i](RwBy: UseRad)   (OffBy:OrbitWarp) [/i]>C_Rw[-][/c],,,,,,,,WinOp — rw — [c][ffffff]открыть карту[-][/c] Rd [c][ff8000][i](RwBy: UseRad) (OffBy:OrbitWarp)[/i]>C_Rw[-][/c],,,,,,,,
pda_ve8cKGi,Navigation,,,,,,,,Навигация,,,,,,,,
pda_KOS4C0W,(Close map window),,,,,,,,(Закройте окно карты),,,,,,,,
pda_eWaqSOG,--,,,,,,,,--,,,,,,,,
pda_0ci6400,"Drag map with [c][00ff00][LMB][-][/c]. \nZoom with [c][00ff00][MouseWheel][-][/c].\n--\n[c][00ff00][RMB][-][/c] : [c][ffffff]Markers [-][/c]and [c][ffffff]Waypoints[-][/c]\n\n[i](To [b]list [/b]all Markers, click the [b][/b][/i]\n[i][b]upper screen right button[/b] looking like a [/i]\n[i]place marker.)[/i]\n\n[i][c][c0c0c0]For more info, hover your mouse over icons)[-][/c][/i]\n\n\n--- \n( [b]Close map[/b] when you are done. )",,,,,,,,"Перетаскивайте карту [c][00ff00][ЛКМ][-][/c].\nМасштабируйте [c][00ff00]колёсиком мыши[-][/c].\n--\n[c][00ff00][ПКМ][-][/c]: [c][ffffff]маркеры[-][/c] и [c][ffffff]путевые точки[-][/c]\n\n[i](Чтобы открыть [b]список[/b] всех маркеров, нажмите кнопку в [b]правом верхнем углу[/b] экрана с изображением маркера места.)[/i]\n\n[i][c][c0c0c0]Чтобы узнать больше, наведите курсор на значки.)[-][/c][/i]\n\n\n---\n([b]Закройте карту[/b], когда закончите.)",,,,,,,,
pda_Cme8mCu,[c][ff80ff]needed? [-][/c]UnL -on- UnlockSniper [c][ff8000]>C_Off [-][/c],,,,,,,,[c][ff80ff]нужно?[-][/c] UnL — вкл. — разблокировка снайперской винтовки [c][ff8000]>C_Off[-][/c],,,,,,,,
pda_WSaG0qC,...,,,,,,,,...,,,,,,,,
pda_OO8qGii,(Sniper unlocked),,,,,,,,(Снайперская винтовка разблокирована),,,,,,,,
pda_aa042ii,--,,,,,,,,--,,,,,,,,
pda_GWSKS8K,_______________ [i]( Weapons & handling )[/i],,,,,,,,_______________ [i]( Оружие и управление )[/i],,,,,,,,
pda_GL44Yqq,--,,,,,,,,--,,,,,,,,
pda_uOaeG0e,--,,,,,,,,--,,,,,,,,
pda_eqiWeOK,--,,,,,,,,--,,,,,,,,
pda_OimO884,Detecting ...,,,,,,,,Обнаружение...,,,,,,,,
pda_GGea0WG,Open Map with [c][00ff00][M][-][/c],,,,,,,,Откройте карту клавишей [c][00ff00][M][-][/c],,,,,,,,
pda_iOuKO4G,---,,,,,,,,---,,,,,,,,
pda_qqSi4mu,...,,,,,,,,...,,,,,,,,
pda_88equWa,--,,,,,,,,--,,,,,,,,
pda_OKe8Rmm,"[i]< ... There could be interesting places nearby ...[/i]\n[i]- Detecting an [b]active power source[/b] ...? >[/i]\n\n[i]< [c][ffffff]Check your[-][/c][/i] [c][ffff00]Map[-][/c] [c][00ff00][M][-][/c] [i], to see it better. >[/i]",,,,,,,,"[i]< ... Поблизости могут быть интересные места...[/i]\n[i]— Обнаружен [b]активный источник питания[/b]...? >[/i]\n\n[i]< [c][ffffff]Проверьте[-][/c] свою [/i][c][ffff00]карту[-][/c] [c][00ff00][M][-][/c][i], чтобы лучше его увидеть. >[/i]",,,,,,,,
pda_GaSauCG,[i](( Scanning... ))[/i],,,,,,,,[i](( Сканирование... ))[/i],,,,,,,,
pda_qCDauSq,...,,,,,,,,...,,,,,,,,
pda_WixeOei,--,,,,,,,,--,,,,,,,,
pda_mmeqOGu,[c][0080ff](nPOI) [-][/c]-off- [b][c][ff8080]Sel&Fork[-][/c][/b] - [c][ffffff]CheckIfDetector[-][/c] [c][ff8080][i](ToRwBy:T3PCCraft) ( RwBy:OpenMap)   [/i]>To[-][/c][c][ff80ff][c][ff8080]Rw & C_Off >C_Rw[-][/c][-][/c],,,,,,,,[c][0080ff](nPOI)[-][/c] — выкл. — [b][c][ff8080]выбор и развилка[-][/c][/b] — [c][ffffff]проверка наличия детектора[-][/c] [c][ff8080][i](ToRwBy:T3PCCraft) (RwBy:OpenMap)[/i]>To[-][/c][c][ff80ff][c][ff8080]Rw & C_Off >C_Rw[-][/c][-][/c],,,,,,,,
pda_804rime,...,,,,,,,,...,,,,,,,,
pda_CeKK8R4,...,,,,,,,,...,,,,,,,,
pda_um4WWqW,--,,,,,,,,--,,,,,,,,
pda_uimaqOi,[c][0080ff](nPOI) [-][/c]-off- [c][ff8080][b]Fork[/b] - [-][/c] [c][ffffff]NextGoal [-][/c][c][ff8000][i](ToRwBy:ChIfDetector) (RwBy:HRExit) [/i]>C_On >C_Off [c][ff8080]>Rw[-][/c][-][/c],,,,,,,,[c][0080ff](nPOI)[-][/c] — выкл. — [c][ff8080][b]развилка[-][/b][-][/c] — [c][ffffff]следующая цель[-][/c] [c][ff8000][i](ToRwBy:ChIfDetector) (RwBy:HRExit)[/i]>C_On >C_Off [c][ff8080]>Rw[-][/c][-][/c],,,,,,,,
pda_iGuGiTr,Directions,,,,,,,,Направления,,,,,,,,
pda_mqC8eum,...,,,,,,,,...,,,,,,,,
pda_amSGSKq,---,,,,,,,,---,,,,,,,,
pda_iWa4uSu,[c][0080ff](nPOI)[-][/c] - rw_[c][ff8080]V[-][/c] - [c][ffffff]HRBackToBeach[-][/c] [c][ff8080][i](RwBy:HRExit) [/i][i](OffByT: GoToHeatRad) [/i]  >C_Off[-][/c],,,,,,,,[c][0080ff](nPOI)[-][/c] — rw_[c][ff8080]V[-][/c] — [c][ffffff]вернуться с зоны жары и радиации на пляж[-][/c] [c][ff8080][i](RwBy:HRExit) (OffByT: GoToHeatRad) >C_Off[-][/c],,,,,,,,
pda_ueamS00,Bountiful place,,,,,,,,Изобильное место,,,,,,,,
pda_qOeMeiO,Bountiful place,,,,,,,,Изобильное место,,,,,,,,
pda_OKk0jgW,"[c][ffff00]Go back to the beach[-][/c],\nto finish preparations",,,,,,,,"[c][ffff00]Вернитесь на пляж[-][/c],\nчтобы завершить подготовку",,,,,,,,
pda_qumiUa0,--,,,,,,,,--,,,,,,,,
pda_KSwauuC,"[c][ffff00]Go back to the beach[-][/c],\nto finish preparations",,,,,,,,"[c][ffff00]Вернитесь на пляж[-][/c],\nчтобы завершить подготовку",,,,,,,,
pda_884eeiO,--,,,,,,,,--,,,,,,,,
pda_aS008Sa,"[i]< I cannot discern the antenna's signal direction ... yet.[/i]\n[i]Wherever it is pointed to, it's likely [c][ffffff]too far away for walking[-][/c]. >[/i]\n\n[i]< Let's [c][ffff00]get back to that beach[-][/c] ... ? [/i]\n[i]The more we prepare, the easier it is later ... ? >[/i]",,,,,,,,"[i]< Я пока не могу определить направление сигнала антенны.[/i]\n[i]Куда бы она ни была направлена, скорее всего, идти туда [c][ffffff]слишком далеко[-][/c]. >[/i]\n\n[i]< Давайте [c][ffff00]вернёмся на тот пляж[-][/c]...? [/i]\n[i]Чем лучше мы подготовимся, тем проще будет потом...? >[/i]",,,,,,,,
pda_0ECSSea,[b]P[/b]oint [b]O[/b]f [b]I[/b]nterest,,,,,,,,[b]Т[/b]очка [b]И[/b]нтереса,,,,,,,,
pda_aZeOWw4,[i][sup](get closer to building)[/sup][/i],,,,,,,,[i][sup](подойдите ближе к зданию)[/sup][/i],,,,,,,,
pda_C8euWKq,--,,,,,,,,--,,,,,,,,
pda_OmKKOWj,[u][c][ffffff]Admin Cores[-][/c][/u] \n([c][ff80ff]Pink [-][/c]or [c][0080ff]blue[-][/c] glow)\n\n[b]Special dungeons[/b] and story places.\n\n- Everything [b]damaged [/b]can be [b]destroyed[/b].\n- Everything '[c][ffffff]intact[-][/c]' is turned [c][ffffff]invulnerable.[-][/c]\n\n... Such POIs are displayed on the Map\n as a chevron.,,,,,,,,[u][c][ffffff]Административные ядра[-][/c][/u]\n([c][ff80ff]Розовое[-][/c] или [c][0080ff]синее[-][/c] свечение)\n\n[b]Особые подземелья[/b] и сюжетные места.\n\n- Всё [b]повреждённое[/b] можно [b]уничтожить[/b].\n- Всё «[c][ffffff]целое[-][/c]» становится [c][ffffff]неуязвимым[-][/c].\n\n... Такие POI отображаются на карте\nв виде шеврона.,,,,,,,,
pda_eGW28e0,"You just [u]found a [c][ffffff]""POI""[-][/c][/u]:\n\n""Point of interest""\n\n( ... Places like these offer [c][ffffff]adventure, challenges, loot[-][/c] ... )",,,,,,,,"Вы только что [u]нашли [c][ffffff]«POI»[-][/c][/u]:\n\n«Точку интереса».\n\n(... Такие места предлагают [c][ffffff]приключения, испытания, добычу[-][/c]...)",,,,,,,,
pda_S0aSGOu,[b]P[/b]oint [b]O[/b]f [b]I[/b]nterest,,,,,,,,[b]Т[/b]очка [b]И[/b]нтереса,,,,,,,,
pda_S8WCOku,[c][ffff00]Get inside of the cellar[-][/c],,,,,,,,[c][ffff00]Войдите в подвал[-][/c],,,,,,,,
pda_mimSOm8,--,,,,,,,,--,,,,,,,,
pda_Oa8OSCm,...,,,,,,,,...,,,,,,,,
pda_4ub4OuK,--,,,,,,,,--,,,,,,,,
pda_CWW1GGe,[i]< I'm trying to [b]find out more[/b] about this... >[/i]\n[i][/i]\n[i]< Maybe I can get a better connection [c][ffff00]inside of the[-][/c] [c][ffff00]cellar[-][/c] ... >[/i],,,,,,,,"[i]< Я пытаюсь [b]узнать больше[/b] об этом... >[/i]\n\n[i]< Возможно, я смогу получить связь получше [c][ffff00]внутри[-][/c] [c][ffff00]подвала[-][/c]... >[/i]",,,,,,,,
pda_Saq88m8,...,,,,,,,,...,,,,,,,,
pda_W4CaiG8,--,,,,,,,,--,,,,,,,,
pda_KaCSk8K,"[i]< Cores are nice ...  But this one, is - hm. I don't know ... >[/i]",,,,,,,,"[i]< [b]Ядра[/b] хороши... Но это... хм, не знаю... >[/i]",,,,,,,,
pda_8C0SxvK,"[i]< That Core was odd ... - - As if it was [b]scanning[/b] us ... >[/i]\n[i][/i]\n[i]< I think it uses the protection field, to [b]counter [/b]anything you do.[/i]\n[i]- At least it tries to ... ? >[/i]",,,,,,,,"[i]< То ядро было странным... Как будто оно [b]сканировало[/b] нас... >[/i]\n\n[i]< Думаю, оно использует защитное поле, чтобы [b]противодействовать[/b] всему, что вы делаете.[/i]\n[i]— По крайней мере, пытается...? >[/i]",,,,,,,,
pda_CC0KRKC,"[i]< That Core was odd ... - - As if it was [b]scanning[/b] us ... >[/i]\n[i][/i]\n[i]< I think it uses the protection field, to [b]counter [/b]anything you do.[/i]\n[i]- At least it tries to ... ? >[/i]",,,,,,,,"[i]< То ядро было странным... Как будто оно [b]сканировало[/b] нас... >[/i]\n\n[i]< Думаю, оно использует защитное поле, чтобы [b]противодействовать[/b] всему, что вы делаете.[/i]\n[i]— По крайней мере, пытается...? >[/i]",,,,,,,,
pda_uiW6WCW,BlDstr - rw-  [c][ffffff]ExtraSpawn[-][/c]pads[c][ff8000] [i](RwBy: ExploreNest (ToRwBy: ReachDBTask) [/i][-][/c][c][ff8000][i](OffBy:DrillAttack(HackCouner))[/i]  [-][/c][c][ff8000]>ToRw[-][/c],,,,,,,,BlDstr — rw — [c][ffffff]дополнительные площадки появления[-][/c][c][ff8000] [i](RwBy: ExploreNest (ToRwBy: ReachDBTask)[/i][-][/c][c][ff8000][i](OffBy:DrillAttack(HackCouner))[/i][-][/c][c][ff8000]>ToRw[-][/c],,,,,,,,
pda_Si0WWI5,Zirax Teleport Pads,,,,,,,,Телепортные площадки зираксов,,,,,,,,
pda_380qSem,...,,,,,,,,...,,,,,,,,
pda_kWCsmEa,---,,,,,,,,---,,,,,,,,
pda_WGOe42K,WinOp_Div -rw- [c][ff8080]SecRew[-][/c] - [c][ffffff]NestCatchall[-][/c] [c][ff8000][i](RwBy:CongratsPad[/i][-][/c][c][ff8000][i]) (OffBy:ExploreNest)[/i][-][/c],,,,,,,,WinOp_Div — rw — [c][ff8080]SecRew[-][/c] — [c][ffffff]гнездо: общий обработчик[-][/c] [c][ff8000][i](RwBy:CongratsPad)[/i][-][/c][c][ff8000][i](OffBy:ExploreNest)[/i][-][/c],,,,,,,,
pda_S0OWaiK,...,,,,,,,,...,,,,,,,,
pda_8c4aomC,...,,,,,,,,...,,,,,,,,
pda_4SqaKFE,--,,,,,,,,--,,,,,,,,
pda_OqeuWue,...,,,,,,,,...,,,,,,,,
pda_GqOOCCm,--,,,,,,,,--,,,,,,,,
pda_aKuWSKq,"[i]< - Also, there's an [c][ffff00]Armor Locker[-][/c] with better [c][ffffff]boosters[-][/c] , and lots of [b]guns[/b]. >[/i]",,,,,,,,"[i]< Кроме того, здесь есть [c][ffff00]шкаф для брони[-][/c] с лучшими [c][ffffff]усилителями[-][/c] и множеством [b]пушек[/b]. >[/i]",,,,,,,,
pda_O3S48Wa,...,,,,,,,,...,,,,,,,,
pda_uG4OaS8,--,,,,,,,,--,,,,,,,,
pda_mGGiG88,"[u][c][ffffff]Durability[-][/c]:[/u]\n\n[b][c][ffffff]Green bar[-][/c][/b] left to items:\nIf this gets down to zero, an [c][ff0000][b]item will break.[/b][-][/c]\nArmor will then [c][ffffff]lose all of its protection.[-][/c]\n[c][ffffff][-][/c]\n--- \n([c][ffffff]OK[-][/c]) for next message",,,,,,,,"[u][c][ffffff]Прочность[-][/c][/u]:\n\n[b][c][ffffff]Зелёная полоска[-][/c][/b] слева от предмета:\nесли она опустится до нуля, [c][ff0000][b]предмет сломается.[-][/c]\nБроня при этом [c][ffffff]полностью потеряет защиту[-][/c].\n\n---\n([c][ffffff]ОК[-][/c]) для следующего сообщения",,,,,,,,
pda_8qG00Ci,_______________ [i]( PC craft: Hoverbike) (& stuff)[/i],,,,,,,,_______________ [i]( Создание в ПК: ховербайк ) (и другое)[/i],,,,,,,,
pda_8w0S4uq,--,,,,,,,,--,,,,,,,,
pda_0iGm8cu,--,,,,,,,,--,,,,,,,,
pda_eGSimG8,--,,,,,,,,--,,,,,,,,
pda_WG4uuS0,...,,,,,,,,...,,,,,,,,
pda_W44KaOu,(Investigate the room),,,,,,,,(Исследуйте комнату),,,,,,,,
pda_WXlaSOe,--,,,,,,,,--,,,,,,,,
pda_4e8ii0G,"[c][c0c0c0]( [c][c9a39c][b][i]Galleon[/i][/b] [-][/c]) [i]:[/i][-][/c][i]      ""The Farm. It is [c][ffff00]behind you[-][/c].""[/i]",,,,,,,,[c][c0c0c0]([c][c9a39c][b][i]Галлеон[/i][/b][-][/c]) [i]:[/i][-][/c][i] «Ферма. Она [c][ffff00]позади вас[-][/c]».[/i],,,,,,,,
pda_aaer0GH,---\n[c][ffffff]Press[-][/c] [c][00ff00][N][-][/c] to open the [b]building helper menu[/b].,,,,,,,,"---\n[c][ffffff]Нажмите[-][/c] [c][00ff00][N][-][/c], чтобы открыть [b]меню помощника по строительству[/b].",,,,,,,,
pda_qOtiTaG,Mass and Volume,,,,,,,,Масса и объём,,,,,,,,
pda_G8WO4KA,...,,,,,,,,...,,,,,,,,
pda_PuScKWC,--,,,,,,,,--,,,,,,,,
pda_uG0O2Ki,[u][c][ffffff]Mass and Volume[-][/c][/u]:\n\n- [b]Mass [/b]affects ship handling and movement.\n\n- Your carrying [b]volume [/b]can be extended with various systems.\n\n--- \n[i](You [c][ffffff]do [u]not[/u] need [-][/c]any of these items in this container.)[/i],,,,,,,,[u][c][ffffff]Масса и объём[-][/c][/u]:\n\n- [b]Масса[/b] влияет на управление судном и его движение.\n\n- Ваш переносимый [b]объём[/b] можно увеличить различными системами.\n\n---\n[i](Вам [c][ffffff]не нужны[/c] никакие из предметов в этом контейнере.)[/i],,,,,,,,
pda_408iW1u,"[i](( ... The 'drill' is a standard-issue [c][ffffff]Survival Tool[-][/c] ...? ))[/i]\n\n------\nTo use the tool, [c][ffff00]put it into your Toolbar[-][/c], below.",,,,,,,,"[i](( ... «бур» — это стандартный [c][ffffff]инструмент выживания[-][/c]...? ))[/i]\n\n------\nЧтобы использовать инструмент, [c][ffff00]поместите его на панель быстрого доступа[-][/c] внизу.",,,,,,,,
pda_4KKS4i0,"[i](( ... The 'drill' is a standard-issue [c][ffffff]Survival Tool[-][/c] ...? ))[/i]\n\n------\nTo use the tool, [c][ffff00]put it into your Toolbar[-][/c], below.",,,,,,,,"[i](( ... «бур» — это стандартный [c][ffffff]инструмент выживания[-][/c]...? ))[/i]\n\n------\nЧтобы использовать инструмент, [c][ffff00]поместите его на панель быстрого доступа[-][/c] внизу.",,,,,,,,
pda_GSWiS0u,"[c][ffffff][ Ship ] [-][/c]:[i]   ""Warning, [b]Gravity [/b]failure.""[/i]",,,,,,,,[c][ffffff][ Корабль ][-][/c]: [i]«Внимание: сбой [b]гравитации[/b]».[/i],,,,,,,,
pda_K48eOSq,Find armor locker,,,,,,,,Найдите шкаф для брони,,,,,,,,
pda_K0CGCOK,--,,,,,,,,--,,,,,,,,
pda_KWama0j,...,,,,,,,,...,,,,,,,,
pda_KS44qSu,"[i]< You know what [b]I[/b][/i] [i]find ""[/i]sooo frustrating""[i] ... ? >[/i]\n\n[i]< ... [b]To carry [/b]your loot, ... [b]into a bigger box[/b] !  >\n\n< It's just [b]busywork[/b]. - Breaking the flow.... ! >[/i]",,,,,,,,"[i]< Знаете, что я считаю «таким раздражающим»...? >[/i]\n\n[i]< ... Носить добычу... [b]в большой ящик[/b]! >[/i]\n\n[i]< Это просто [b]рутинная работа[/b]. Сбивает темп...! >[/i]",,,,,,,,
pda_4a008CG,...,,,,,,,,...,,,,,,,,
pda_uCiSmq4,--,,,,,,,,--,,,,,,,,
pda_eeuoaOi,[c][0080ff](nPOI) nPOI [-][/c]- off_[c][ff8080]V2[-][/c] - [c][ffffff]ReachSettle_Island[-][/c]Done [c][0080ff]Task[-][/c] [c][ff80ff][c][ff8080][i](RwBy: NextGoal) (ToRwBy:CheckIfTowEarly)[/i][-][/c][-][/c],,,,,,,,[c][0080ff](nPOI) nPOI[-][/c] — выкл._[c][ff8080]V2[-][/c] — [c][ffffff]добраться до поселения на острове[-][/c] — выполнено [c][0080ff]задание[-][/c] [c][ff80ff][c][ff8080][i](RwBy: NextGoal) (ToRwBy:CheckIfTowEarly)[/i][-][/c][-][/c],,,,,,,,
pda_q4OOCgG,Civilisation,,,,,,,,Цивилизация,,,,,,,,
pda_9eOmumi,...,,,,,,,,...,,,,,,,,
pda_e0n4iq8,--,,,,,,,,--,,,,,,,,
pda_iq8aaq0,[c][0080ff](nPOI)[-][/c] - rw_[c][ff8080]N - Sel[-][/c] - [c][ffffff]WeatherToCopper[-][/c] [c][ff8080][i](RwBy: NextGoal) (OffBy:ChkIfTowEarly) >C_Off x2 & ToRw [/i][-][/c][c][ff8000]>C_Rwx2[i][/i][-][/c],,,,,,,,[c][0080ff](nPOI)[-][/c] — rw_[c][ff8080]N — Sel[-][/c] — [c][ffffff]ПогодаКМеди[-][/c] [c][ff8080][i](RwBy: NextGoal) (OffBy:ChkIfTowEarly) >C_Off x2 & ToRw[/i][-][/c][c][ff8000]>C_Rwx2[i][/i][-][/c],,,,,,,,
pda_G4qqs44,[c][0080ff](nPOI) [-][/c]- rw- [c][ff8080]Fork[-][/c]- [c][ffffff]CheckIfTower[-][/c]Early [c][ff8080][i](RwBy: CuDrone)[/i] >ToRw & C_Off >C_Rw [-][/c][c][ff8000]>C_Off[-][/c],,,,,,,,[c][0080ff](nPOI)[-][/c] — rw — [c][ff8080]Развилка[-][/c] — [c][ffffff]ПроверитьБашню[-][/c] рано [c][ff8080][i](RwBy: CuDrone)[/i] >ToRw & C_Off >C_Rw[-][/c][c][ff8000]>C_Off[-][/c],,,,,,,,
pda_KquumWC,[i]( ... scanning ... )[/i],,,,,,,,[i]( ... сканирование... )[/i],,,,,,,,
pda_KmmOsqe,...,,,,,,,,...,,,,,,,,
pda_uQ8im44,--,,,,,,,,--,,,,,,,,
pda_eKKSAOS,[c][0080ff](nPOI)_nPOI[-][/c] - rw_[c][ff8080]V1[-][/c] - [c][ffffff]BackToBeach[-][/c]&HR [c][ff8080][i](RwBy: ChkIfTowEarly) (OffBy:WeatherToCop) [/i][-][/c][c][ff8000][i]>C_On[/i][i][/i][-][/c],,,,,,,,[c][0080ff](nPOI)_nPOI[-][/c] — rw_[c][ff8080]V1[-][/c] — [c][ffffff]ВернутьсяНаПляж[-][/c] и зона жары/радиации [c][ff8080][i](RwBy: ChkIfTowEarly) (OffBy:WeatherToCop)[/i][-][/c][c][ff8000][i]>C_On[/i][-][/c],,,,,,,,
pda_rGmi8SS,Data connection,,,,,,,,Соединение с данными,,,,,,,,
pda_8aKuuq0,[c][ffff00]Go back to Beach Marker[-][/c],,,,,,,,[c][ffff00]Вернитесь к маркеру на пляже[-][/c],,,,,,,,
pda_eK4ECa4,--,,,,,,,,--,,,,,,,,
pda_40K8ueC,Data connection,,,,,,,,Соединение с данными,,,,,,,,
pda_WoaaSOS,[c][ffff00]Go back to Beach Marker[-][/c],,,,,,,,[c][ffff00]Вернитесь к маркеру на пляже[-][/c],,,,,,,,
pda_iaK0C8O,--,,,,,,,,--,,,,,,,,
pda_O888iKw,[i]< It has a data connection with an [c][ffff00]area close to the arrival beach[-][/c] ... >[/i]\n\n[i]< Maybe we should [c][ffffff]check that place again[-][/c] ... ? >[/i],,,,,,,,"[i]< У него есть соединение с данными с [c][ffff00]районом возле пляжа прибытия[-][/c]... >[/i]\n\n[i]< Может, нам стоит [c][ffffff]проверить это место ещё раз[-][/c]...? >[/i]",,,,,,,,
pda_auC8e4C,< [i]... I could decode the [b]antenna [/b]signal. >[/i]\n\n[i]< It is [b]civilian[/b] ... Mentioning a [c][ffffff]settlement to the[-][/c] [c][ffff00]North-East[-][/c]. >[/i],,,,,,,,[i]< ... Мне удалось расшифровать сигнал [b]антенны[/b]. >[/i]\n\n[i]< Он [b]гражданский[/b]... В нём упоминается [c][ffffff]поселение на[-][/c] [c][ffff00]северо-востоке[-][/c]. >[/i],,,,,,,,
pda_KKC00GG,[c][0080ff](nPOI) nPOI [-][/c]- off_[c][ff8080]N[-][/c] - [c][ffffff]ReachSettle_Tower[-][/c]Done [c][0080ff]Task [-][/c][c][ff8080][i](ToRwBy:BackToBeach) (RwBy: ChkIfTowEarly)[/i][-][/c],,,,,,,,[c][0080ff](nPOI) nPOI[-][/c] — выкл._[c][ff8080]N[-][/c] — [c][ffffff]достичь башни поселения[-][/c] — выполнено [c][0080ff]задание[-][/c] [c][ff8080][i](ToRwBy:BackToBeach) (RwBy: ChkIfTowEarly)[/i][-][/c],,,,,,,,
pda_Spmm8ah,Civilisation,,,,,,,,Цивилизация,,,,,,,,
pda_CWac4KS,...,,,,,,,,...,,,,,,,,
pda_GW8OqeY,--,,,,,,,,--,,,,,,,,
pda_KKi00CG,[i]< This old building... [/i]\n[i]I think it was a tsunami warning station... >[/i],,,,,,,,"[i]< Это старое здание... [/i]\n[i]Думаю, раньше это была станция предупреждения о цунами... >[/i]",,,,,,,,
pda_8NiC88i,[i]< There is a [c][ffff00]settlement [-][/c]nearby. [/i][i]- They also dig for ore.[/i]\n[i][b]Marking [/b]it on your map ... >[/i]\n[i][/i]\n[i]< But you will need your [c][ffffff]Hoverbike [-][/c]to reach it. >[/i],,,,,,,,"[i]< Поблизости есть [c][ffff00]поселение[-][/c]. [/i][i]— Там тоже добывают руду.[/i]\n[i][b]Отмечаю[/b] его на вашей карте... >[/i]\n\n[i]< Но чтобы добраться туда, вам понадобится [c][ffffff]ховербайк[-][/c]. >[/i]",,,,,,,,
pda_TKsqaWC,"[i]< The antenna's signal points [b]beyond [/b]this ocean.[/i]\n[i][c][ffffff]Too far away,[-][/c] even for a long swim ... [/i]\n[i]And your Hoverbike is too weak to go over water. >[/i]",,,,,,,,"[i]< Сигнал антенны указывает [b]за[/b] этот океан.[/i]\n[i][c][ffffff]Слишком далеко[-][/c], даже для долгого заплыва... [/i]\n[i]А ваш ховербайк слишком слаб, чтобы пересечь воду. >[/i]",,,,,,,,
pda_cauSKq0,Civilisation,,,,,,,,Цивилизация,,,,,,,,
pda_Oa0hau5,[c][ffff00]Reach Settlement[-][/c]\nwith Hoverbike\n[sup]\n([b]North-eastern[/b] island.[/sup]\n[sup]Daylight travel is faster)[/sup],,,,,,,,[c][ffff00]Доберитесь до поселения[-][/c]\nна ховербайке\n[sup]\n([b]Северо-восточный[/b] остров.\nПутешествовать днём быстрее.)[/sup],,,,,,,,
pda_OW4Hm8e,--,,,,,,,,--,,,,,,,,
pda_aKaOWW8,"[sup][c][ff8080]Sel[-][/c] : If this chapter starts, a path is switched & selected (ToRw,By, OffBy)[/sup]",,,,,,,,"[sup][c][ff8080]Sel[-][/c]: если эта глава запускается, путь переключается и выбирается (ToRw, By, OffBy)[/sup]",,,,,,,,
pda_apGmKKa,--,,,,,,,,--,,,,,,,,
pda_KCqTCum,--,,,,,,,,--,,,,,,,,
pda_ow8i0Sq,"[sup][c][ff8080]Fork [-][/c]: Rewards two chapters, but follow-up chapter is determined by Selector[/sup]",,,,,,,,"[sup][c][ff8080]Fork[-][/c]: выдаёт награды двух глав, но последующая глава определяется селектором[/sup]",,,,,,,,
pda_CuSSsm8,--,,,,,,,,--,,,,,,,,
pda_mmKa007,--,,,,,,,,--,,,,,,,,
pda_ugaauCd,>>[c][ff8080] LightRed:[-][/c] Variant paths and switches,,,,,,,,>>[c][ff8080]Светло-красный:[-][/c] варианты путей и переключатели,,,,,,,,
pda_oWC8eiG,"[sup](The variants are usually on by default, get turned off by solving chapters on the standard way)[/sup]",,,,,,,,[sup](Варианты обычно включены по умолчанию и отключаются при прохождении глав стандартным способом.)[/sup],,,,,,,,
pda_uKCSCS8,--,,,,,,,,--,,,,,,,,
pda_Ga0C0C4,--,,,,,,,,--,,,,,,,,
pda_m8uW8au,"[sup]RwByT : [i]Got rewarded, inside the tasks or at end of tasks[/i][/sup]",,,,,,,,[sup]RwByT: [i]награда получена во время заданий или в конце заданий[/i][/sup],,,,,,,,
pda_Kwq8eCC,--,,,,,,,,--,,,,,,,,
pda_0u8admG,--,,,,,,,,--,,,,,,,,
pda_yWGmmSm,"[sup]OnByT : [i]Activatable is set to 'Always', at inmidst of chapter or at end[/i][/sup]",,,,,,,,[sup]OnByT: [i]активируемый объект устанавливается в состояние «Всегда» в середине или в конце главы[/i][/sup],,,,,,,,
pda_iuq4oKS,--,,,,,,,,--,,,,,,,,
pda_0mbCmdK,--,,,,,,,,--,,,,,,,,
pda_WamCSC8,[sup]OffByT : [/sup][i][sup]Chapter's Activatable is set to ''Never' inmidst of chapter or at end[/sup][/i],,,,,,,,[sup]OffByT: [/sup][i][sup]активируемый объект главы устанавливается в состояние «Никогда» в середине или в конце главы[/sup][/i],,,,,,,,
pda_DmSa4uu,--,,,,,,,,--,,,,,,,,
pda_8O4m3ai,--,,,,,,,,--,,,,,,,,
pda_s44u5av,"[c][ffff00][sup]TriggerType -ActivatableState- // Name & Tasks // [i](SwitchedOnOffBy)[/i], [/sup][sup]VariantInfo-[/sup][sup]>switches other[/sup][-][/c]",,,,,,,,"[c][ffff00][sup]Тип триггера — состояние активации // имя и задания // [i](включается/выключается по)[/i], [/sup][sup]информация о варианте — [/sup][sup]>переключает другое[-][/c]",,,,,,,,
pda_4mF4iGO,--,,,,,,,,--,,,,,,,,
pda_W0Wqa8u,--,,,,,,,,--,,,,,,,,
pda_i44OOeO,--,,,,,,,,--,,,,,,,,
pda_q8Luuu4,_____________ [b][c][ffff00]TUTORIAL[-][/c] [/b]________________________________________,,,,,,,,_____________ [b][c][ffff00]ОБУЧЕНИЕ[-][/c][/b] ________________________________________,,,,,,,,
pda_ifei4mC,--,,,,,,,,--,,,,,,,,
pda_iqa42Wq,--,,,,,,,,--,,,,,,,,
pda_aSfK5WK,--,,,,,,,,--,,,,,,,,
pda_2SKamOm,test,,,,,,,,тест,,,,,,,,
pda_9glWW04,test,,,,,,,,тест,,,,,,,,
pda_qmGGimW,[sup]DvUse : [/sup][i][sup]Device Used[/sup][/i],,,,,,,,[sup]DvUse:[/sup] [i][sup]устройство использовано[/sup][/i],,,,,,,,
pda_OOKcC0m,--,,,,,,,,--,,,,,,,,
pda_u404GOe,--,,,,,,,,--,,,,,,,,
pda_mqmGgGM,[sup]Dlg : [/sup][i][sup]Started by Dialog[/sup][/i],,,,,,,,[sup]Dlg:[/sup] [i][sup]запущено диалогом[/sup][/i],,,,,,,,
pda_emC4KKU,--,,,,,,,,--,,,,,,,,
pda_8CqGCai,--,,,,,,,,--,,,,,,,,
pda_q8mGOOG,"[c][0080ff]nPOI[-][/c] - on- Northern[c][ffffff]IslandSwim[-][/c] Wrn [c][ff8000][i](Offby: HVSpawn, SpawnHVStarter, Playtests HV&Nest)[/i][-][/c]",,,,,,,,"[c][0080ff]nPOI[-][/c] — вкл. — предупреждение о заплыве к [c][ffffff]северному острову[-][/c] [c][ff8000][i](Offby: HVSpawn, SpawnHVStarter, Playtests HV&Nest)[/i][-][/c]",,,,,,,,
pda_CqCWWqO,Turn back!,,,,,,,,Поверните назад!,,,,,,,,
pda_iuOC8aC,...,,,,,,,,...,,,,,,,,
pda_K44SiKL,--,,,,,,,,--,,,,,,,,
pda_auCm48u,"[i]< The waters to the north... [/i]\n[i]I think I got signals from [c][ffffff]Minigun Drones[-][/c][b][/b] ...?! >[/i]\n[i][/i]\n[i]< You [b]don't have any cover here,[/b] [/i]\n[i]and the sea is too shallow to hide. >[/i]\n\n---\nPlease, [c][ffff00]Turn back now.[-][/c]",,,,,,,,"[i]< Воды на севере... [/i]\n[i]Кажется, я получил сигналы от [c][ffffff]дронов с миниганами[-][/c]...?! >[/i]\n\n[i]< Здесь [b]негде укрыться[/b], [/i]\n[i]а море слишком мелкое, чтобы спрятаться. >[/i]\n\n---\nПожалуйста, [c][ffff00]поверните назад.[-][/c]",,,,,,,,
pda_NKe5uGS,"[c][0080ff]Mrk[-][/c] - off_[c][ff8080]N[-][/c] - [c][ffffff]TooFarAway[-][/c]ForNow [c][ff8000][i](OnOffBy: DetectResTask) (OffBy: CopDiscover, EnterMine, CuDrone)[/i][-][/c]",,,,,,,,"[c][0080ff]Mrk[-][/c] — выкл._[c][ff8080]N[-][/c] — [c][ffffff]слишком далеко[-][/c] пока что [c][ff8000][i](OnOffBy: DetectResTask) (OffBy: CopDiscover, EnterMine, CuDrone)[-][/c]",,,,,,,,
pda_a4S0GGe,...,,,,,,,,...,,,,,,,,
pda_q8CaqSO,...,,,,,,,,...,,,,,,,,
pda_84CKKGa,--,,,,,,,,--,,,,,,,,
pda_aiCiG8W,...,,,,,,,,...,,,,,,,,
pda_qeWxSqu,--,,,,,,,,--,,,,,,,,
pda_WqWKcCK,[i]< - The deposit is [c][ffff00]inside of the mining tower[-][/c]. [/i]\n[i]Let's check it out ... ? >[/i],,,,,,,,[i]< — Залежь находится [c][ffff00]внутри горной башни[-][/c]. [/i]\n[i]Давайте проверим её...? >[/i],,,,,,,,
pda_Gm8e8iT,"[i]< - I think, I know [b]where [/b]we are...  >[/i]",,,,,,,,"[i]< Думаю, я знаю, [b]где[/b] мы... >[/i]",,,,,,,,
pda_qGWioq4,[i]( ... scanning ... )[/i],,,,,,,,[i]( ... сканирование... )[/i],,,,,,,,
pda_WK4O8q8,...,,,,,,,,...,,,,,,,,
pda_CGe4qOu,---,,,,,,,,---,,,,,,,,
pda_U8qiqeu,...,,,,,,,,...,,,,,,,,
pda_WKqiIiK,--,,,,,,,,--,,,,,,,,
pda_6CqO8wo,[i]< This [b]tower[/b]...! >[/i]\n[i][/i]\n[i]< ... >[/i],,,,,,,,[i]< Эта [b]башня[/b]...! >[/i]\n\n[i]< ... >[/i],,,,,,,,
pda_aCmSWWK,Directions,,,,,,,,Направления,,,,,,,,
pda_C8CSiC2,...,,,,,,,,...,,,,,,,,
pda_e1Gwa0i,--,,,,,,,,--,,,,,,,,
pda_GYu08me,[i]< ... The antenna [c][ffffff]signal points towards[-][/c] [c][ffff00]North[-][/c]. >[/i],,,,,,,,[i]< ... Сигнал [c][ffffff]антенны указывает[-][/c] на [c][ffff00]север[-][/c]. >[/i],,,,,,,,
pda_i4GO040,[c][0080ff]Mrk[-][/c] -rw- [c][ffffff]HangarLeverPos[-][/c] [i][c][ff8000](RwBy: ReachedHangar) (OffBy:GenOffline & OpenDBHangars)[-][/c][/i],,,,,,,,[c][0080ff]Mrk[-][/c] — rw — [c][ffffff]позиция рычага ангара[-][/c] [i][c][ff8000](RwBy: ReachedHangar) (OffBy:GenOffline & OpenDBHangars)[-][/c][/i],,,,,,,,
pda_S0GOiqu,...,,,,,,,,...,,,,,,,,
pda_qk4iqa8,...,,,,,,,,...,,,,,,,,
pda_48iC08C,--,,,,,,,,--,,,,,,,,
pda_eiqqeW0,Reached: Escape Vessel,,,,,,,,Достигнуто: спасательное судно,,,,,,,,
pda_Kuete0F,...,,,,,,,,...,,,,,,,,
pda_m6OitAW,--,,,,,,,,--,,,,,,,,
pda_kKCmGKO,...,,,,,,,,...,,,,,,,,
pda_QCevima,...,,,,,,,,...,,,,,,,,
pda_Ka0KaXC,--,,,,,,,,--,,,,,,,,
pda_4Seam0i,Sig - off- [c][ff8080]N[-][/c]- Open[c][ffffff]DBHangarLever[-][/c] [c][ff8000] [i](OnBy: CoreKill) [/i] >C_off >VisOff[-][/c],,,,,,,,Sig — выкл. — [c][ff8080]N[-][/c] — открыть рычаг ангара [c][ffffff]базы дронов[-][/c] [c][ff8000][i](OnBy: CoreKill)[/i] >C_off >VisOff[-][/c],,,,,,,,
pda_EK0uOSq,...,,,,,,,,...,,,,,,,,
pda_K0KS88K,...,,,,,,,,...,,,,,,,,
pda_au8O8mU,--,,,,,,,,--,,,,,,,,
pda_SuO4q6C,[c][0080ff]Mrk[-][/c]_nUnit -rw- DoorToDBHangar [i][c][ff8000](RwBy: CoreKill) (OffBy: ReachedSVHangar)[-][/c][/i],,,,,,,,[c][0080ff]Mrk[-][/c]_nUnit — rw — дверь в ангар базы дронов [i][c][ff8000](RwBy: CoreKill) (OffBy: ReachedSVHangar)[-][/c][/i],,,,,,,,
pda_qOqiu0O,...,,,,,,,,...,,,,,,,,
pda_C0GOSii,...,,,,,,,,...,,,,,,,,
pda_Kgu8O00,--,,,,,,,,--,,,,,,,,
pda_C8mCa0C,[c][ffff00]Enter Dronebase Hangar[-][/c],,,,,,,,[c][ffff00]Войдите в ангар базы дронов[-][/c],,,,,,,,
pda_O8uiiuG,--,,,,,,,,--,,,,,,,,
pda_YCu8uW4,Dronebase destroyed,,,,,,,,База дронов уничтожена,,,,,,,,
pda_GmuWY8i,...,,,,,,,,...,,,,,,,,
pda_aOuKqIq,--,,,,,,,,--,,,,,,,,
pda_iW0sGWG,[i]< ... than#k you ... >[/i],,,,,,,,[i]< ... спа#сибо вам... >[/i],,,,,,,,
pda_YGSeO84,InvCls - rw- [c][80ffff]CalSig[-][/c]- ClosedPalette Biofuel [c][ff8000](RwBy: BiofCamp)[-][/c],,,,,,,,InvCls — rw — [c][80ffff]CalSig[-][/c] — закрытая паллета с биотопливом [c][ff8000](RwBy: BiofCamp)[-][/c],,,,,,,,
pda_W0OeaiO,[-],,,,,,,,[-],,,,,,,,
pda_A04ui8a,[-],,,,,,,,[-],,,,,,,,
pda_CeGueia,--,,,,,,,,--,,,,,,,,
pda_iWE04M4,[-],,,,,,,,[-],,,,,,,,
pda_q0eGOaO,[-],,,,,,,,[-],,,,,,,,
pda_qKGSGuC,--,,,,,,,,--,,,,,,,,
pda_qimSKue,[-],,,,,,,,[-],,,,,,,,
pda_0GKm8O0,[-],,,,,,,,[-],,,,,,,,
pda_WOKqu0S,--,,,,,,,,--,,,,,,,,
pda_8q8Ki0C,[i]< [c][ffff00]Cut trees for wood[-][/c]. [/i]\n[i]That we can craft into Biofuel.[/i]\n[i]- - The more the better. >[/i],,,,,,,,"[i]< [c][ffff00]Рубите деревья ради древесины[-][/c]. [/i]\n[i]Из неё мы сможем создать биотопливо.[/i]\n[i]— Чем больше, тем лучше. >[/i]",,,,,,,,
pda_a480m2m,[c][c0c0c0][sup]Turn on debug chapters[/sup][-][/c],,,,,,,,[c][c0c0c0][sup]Включить отладочные главы[/sup][-][/c],,,,,,,,
pda_MOmqKmK,...,,,,,,,,...,,,,,,,,
pda_eGO4iee,...,,,,,,,,...,,,,,,,,
pda_SOuieiq,--,,,,,,,,--,,,,,,,,
pda_u4GCOqe,Playtest - Planet: Farm Blockplacer Solar & CPU,,,,,,,,"Тестирование — планета: блоки фермы, солнечная энергия и CPU",,,,,,,,
pda_84sWqmO,...,,,,,,,,...,,,,,,,,
pda_44aUm6q,...,,,,,,,,...,,,,,,,,
pda_uiawiKh,--,,,,,,,,--,,,,,,,,
pda_qWWuOKS,...,,,,,,,,...,,,,,,,,
pda_OxCKO8u,---,,,,,,,,---,,,,,,,,
pda_uCi008K,Kill - Killed 2 TotalHorrors,,,,,,,,Убийство — уничтожено 2 TotalHorrors,,,,,,,,
pda_TmI0uCO,...,,,,,,,,...,,,,,,,,
pda_KmOmquW,...,,,,,,,,...,,,,,,,,
pda_WGGYmCw,--,,,,,,,,--,,,,,,,,
pda_0ituKG0,[i]< ... What [b]are [/b]these ... ?! >[/i],,,,,,,,[i]< ... Что [b]это[/b] такое...?! >[/i],,,,,,,,
pda_O0W4WGa,[c][ff8080]B_Destr[-][/c] - [c][80ffff]CalSig8c[-][/c] - [c][ffffff]CoreKill[-][/c]Farm,,,,,,,,[c][ff8080]B_Destr[-][/c] — [c][80ffff]CalSig8c[-][/c] — [c][ffffff]уничтожение ядра[-][/c] фермы,,,,,,,,
pda_WaWWmar,[-],,,,,,,,[-],,,,,,,,
pda_SlCOqOW,[-],,,,,,,,[-],,,,,,,,
pda_80qque8,--,,,,,,,,--,,,,,,,,
pda_auKGW8m,...,,,,,,,,...,,,,,,,,
pda_mduiaO8,--,,,,,,,,--,,,,,,,,
pda_queiauK,"[i]< Don't worry, we'll take care of the other things, too. >[/i]\n[i][/i]\n[i]< ... Now [c][ffff00]place your own Core[-][/c]. >[/i]",,,,,,,,"[i]< Не волнуйтесь, мы разберёмся и с остальным. >[/i]\n\n[i]< ... Теперь [c][ffff00]установите своё ядро[-][/c]. >[/i]",,,,,,,,
pda_4PhCiSa,Debug: Gain AssaultRifleDebug,,,,,,,,Отладка: получить штурмовую винтовку,,,,,,,,
pda_SW44auS,...,,,,,,,,...,,,,,,,,
pda_Wu0ieo0,...,,,,,,,,...,,,,,,,,
pda_8iKWSWn,--,,,,,,,,--,,,,,,,,
pda_E0uGeHq,Kill - [c][ffffff]AlienBug01 [-][/c]warning [c][ff8000][i](OnBy: MarshNavigate) (OffBy: SettleConsole)[/i][-][/c],,,,,,,,Убийство — предупреждение: [c][ffffff]чужой жук 01[-][/c] [c][ff8000][i](OnBy: MarshNavigate) (OffBy: SettleConsole)[/i][-][/c],,,,,,,,
pda_G0W0Squ,...,,,,,,,,...,,,,,,,,
pda_Wa8KQQW,...,,,,,,,,...,,,,,,,,
pda_WmC0Oe8,--,,,,,,,,--,,,,,,,,
pda_SK88lmi,"[i]< Careful with these ... >[/i]\n[i][/i]\n[i]< They are peaceful, 'mostly', - - But highly [b]territorial[/b]. [/i]\n[i] ... [b]Sneaking[/b] up to you when you least expect it! >[/i]",,,,,,,,"[i]< Осторожнее с ними... >[/i]\n\n[i]< Они в основном мирные, но крайне [b]территориальные[/b]. [/i]\n[i]... Подкрадываются, когда вы меньше всего этого ждёте! >[/i]",,,,,,,,
pda_iGeaSSh,"[i]< Your key to the [b]stars. [/b]\nFormer private vessel, of one of the Corpo's leaders. >[/i]\n[i]\n< Now it is [c][ffffff]yours[-][/c].\nGuessing, it wants to [b]leave [/b]this place, too. >[/i]",,,,,,,,"[i]< Ваш ключ к [b]звёздам[/b].\nБывшее личное судно одного из руководителей Корпорации. >[/i]\n\n[i]< Теперь оно [c][ffffff]ваше[-][/c].\nПолагаю, оно тоже хочет [b]покинуть[/b] это место. >[/i]",,,,,,,,
pda_8444u4O,(Access cargo palette),,,,,,,,(Откройте грузовую паллету),,,,,,,,
pda_W4KAimC,--,,,,,,,,--,,,,,,,,
pda_0MmGqk6,[i]< [c][ffff00]Prepare the vessel[-][/c] for liftoff. >[/i]\n\n[i]< Over there - - Check that [c][ffffff]cargo palette[-][/c] ...? [/i][i]>[/i],,,,,,,,[i]< [c][ffff00]Подготовьте судно[-][/c] к взлёту. >[/i]\n\n[i]< Вон там... Проверьте ту [c][ffffff]грузовую паллету[-][/c]...? >[/i],,,,,,,,
pda_Wu0GC8S,"[i]< Turn on [c][ffff00]Shields with[-][/c] [/i][c][00ff00][ X ][-][/c] ... [i]or use the [b]Control Panel[/b]. [/i]\n[i]They need a moment to activate, though. >[/i]\n\n[i]< Vessel main [c][ffffff]Power is [-][/c] [/i][c][00ff00][ Y ][-][/c][i] . [/i]\n[i]- - Ready when you are. >[/i]",,,,,,,,"[i]< Включите [c][ffff00]щиты клавишей[-][/c] [/i][c][00ff00][ X ][-][/c][i]... или через [b]панель управления[/b]. [/i]\n[i]Им потребуется немного времени на активацию. >[/i]\n\n[i]< Главное [c][ffffff]питание судна[-][/c] — клавиша [/i][c][00ff00][ Y ][-][/c][i]. [/i]\n[i]— Готовы, когда будете готовы. >[/i]",,,,,,,,
pda_qaOSqai,Hoverbike handling,,,,,,,,Управление ховербайком,,,,,,,,
pda_r08mOiG,[c][ffff00]Get to closer to the settlement.[-][/c]\n\n[c][c0c0c0]... Unlock camera:[-][/c][c][00ff00] [ Alt ][-][/c]\n[c][c0c0c0]Zoom in / out: [-][/c][c][00ff00][ MouseWheel ][-][/c],,,,,,,,[c][ffff00]Подъезжайте ближе к поселению.[-][/c]\n\n[c][c0c0c0]... Разблокировать камеру:[-][/c][c][00ff00][ Alt ][-][/c]\n[c][c0c0c0]Приблизить / отдалить:[-][/c][c][00ff00][ колёсико мыши ][-][/c],,,,,,,,
pda_a0Ke0Su,--,,,,,,,,--,,,,,,,,
pda_CiamK0c,"[i]< There are places where the [c][ffffff]water is shallow[-][/c][/i].[i] - [/i]\n[i]Your [b]Hoverbike [/b]is weak on water, but maybe it could still travel there ...? >[/i]\n[i][/i]\n[i]< ... You can see it better with the [b]distance camera[/b]. >[/i]",,,,,,,,"[i]< Есть места, где [c][ffffff]вода мелкая[-][/c].[/i]\n[i]Ваш [b]ховербайк[/b] плохо держится на воде, но, возможно, всё же сможет там проехать...? >[/i]\n\n[i]< ... Это лучше видно с [b]дальней камеры[/b]. >[/i]",,,,,,,,
pda_auYaOGA,...,,,,,,,,...,,,,,,,,
pda_JiuKC4e,--,,,,,,,,--,,,,,,,,
pda_SGO9u0K,[i]< Let's get out of here.[/i]\n[i]The ship is waiting in the hangar ... > [/i],,,,,,,,[i]< Давайте выбираться отсюда.[/i]\n[i]Корабль ждёт в ангаре... >[/i],,,,,,,,
pda_GkaqS4Y,\n\n-------[sup][/sup][c][c0c0c0]\n[sup]Brakes on/off[/sup][-][/c][sup]:[c][00ff00] [ i ][-][/c][/sup] [sup][c][c0c0c0]\nAuto-orient:[-][/c] [c][00ff00] [ O ][-][/c]\n[c][c0c0c0]Pilot modes:[-][/c] [c][00ff00][Shift] + [ i ][-][/c][/sup],,,,,,,,\n\n-------[sup][/sup][c][c0c0c0]\n[sup]Тормоза вкл./выкл.[-][/c][sup]: [c][00ff00][ I ][-][/c][/sup] [sup][c][c0c0c0]\nАвтовыравнивание:[-][/c] [c][00ff00][ O ][-][/c]\n[c][c0c0c0]Режимы пилота:[-][/c] [c][00ff00][Shift] + [ I ][-][/c][/sup],,,,,,,,
pda_WCmW4GQ,---,,,,,,,,---,,,,,,,,
pda_B4KSqme,Playtest - StartSpace: Trigger Attack wave,,,,,,,,Тестирование — начало в космосе: запуск волны атаки,,,,,,,,
pda_aKOui6u,...,,,,,,,,...,,,,,,,,
pda_M4S8uKS,...,,,,,,,,...,,,,,,,,
pda_aSq8aqC,--,,,,,,,,--,,,,,,,,
pda_aS480a4,TEST - Trigger space attack wave (Public),,,,,,,,ТЕСТ — запустить волну космической атаки (публичная),,,,,,,,
pda_W8KQnq4,(( Captain )),,,,,,,,(( Капитан )),,,,,,,,
pda_8SO0Si0,"[c][c0c0c0]([-][/c] [i][b][c][8080ff]Captain[-][/c][/b][/i] [c][c0c0c0]) :[-][/c]          ""... I [i]knew [/i]it! \n                              [b]- Drones incoming [/b]!!",,,,,,,,[c][c0c0c0]([-/c] [i][b][c][8080ff]Капитан[-][/c][/b][/i] [c][c0c0c0]):[-][/c] «... Я [i]так и знал[/i]!\n[b]— Дроны на подходе[/b]!!»,,,,,,,,
pda_Sa4Sumq,...,,,,,,,,...,,,,,,,,
pda_WKua0W4,--,,,,,,,,--,,,,,,,,
pda_GiWuuKG,TEST - Trigger space attack wave (Alien),,,,,,,,ТЕСТ — запустить волну космической атаки (чужие),,,,,,,,
pda_OetuWbq,(( Captain )),,,,,,,,(( Капитан )),,,,,,,,
pda_maiGeGM,"[c][c0c0c0]([-][/c] [i][b][c][8080ff]Captain[-][/c][/b][/i] [c][c0c0c0]) :[-][/c]          ""... I [i]knew [/i]it! \n                              [b]- Drones incoming [/b]!!",,,,,,,,[c][c0c0c0]([-/c] [i][b][c][8080ff]Капитан[-][/c][/b][/i] [c][c0c0c0]):[-][/c] «... Я [i]так и знал[/i]!\n[b]— Дроны на подходе[/b]!!»,,,,,,,,
pda_Wqe4O0m,...,,,,,,,,...,,,,,,,,
pda_OC4igSD,--,,,,,,,,--,,,,,,,,
pda_8GmeWHi,TEST - Trigger space attack wave (Zirax),,,,,,,,ТЕСТ — запустить волну космической атаки (зираксы),,,,,,,,
pda_qmeCGa8,(( Captain )),,,,,,,,(( Капитан )),,,,,,,,
pda_SI8Wa4S,"[c][c0c0c0]([-][/c] [i][b][c][8080ff]Captain[-][/c][/b][/i] [c][c0c0c0]) :[-][/c]          ""... I [i]knew [/i]it! \n                              [b]- Drones incoming [/b]!!",,,,,,,,[c][c0c0c0]([-/c] [i][b][c][8080ff]Капитан[-][/c][/b][/i] [c][c0c0c0]):[-][/c] «... Я [i]так и знал[/i]!\n[b]— Дроны на подходе[/b]!!»,,,,,,,,
pda_3iKa00S,...,,,,,,,,...,,,,,,,,
pda_GeCeei8,--,,,,,,,,--,,,,,,,,
pda_88eeOxq,[i]< This area is[b] abandoned. >[/b][/i]\n\n[i]< Suggesting that you [/i][i][c][ffff00]Search [-][/c]and [c][ffff00]Collect resources[-][/c]. \nFor [c][ffffff]food[-][/c]... and to craft [b]better gear[/b] ? >[/i],,,,,,,,[i]< Эта местность [b]заброшена[/b]. >[/i]\n\n[i]< Предлагаю вам [c][ffff00]искать[-][/c] и [c][ffff00]собирать ресурсы[-][/c].\nДля [c][ffffff]еды[-][/c]... и создания [b]лучшего снаряжения[/b]? >[/i],,,,,,,,
pda_mCZCaG8,Playtest - Planet: Nest - open hangar door,,,,,,,,"Тестирование — планета: гнездо, открыть дверь ангара",,,,,,,,
pda_4Gm45e0,...,,,,,,,,...,,,,,,,,
pda_a0FWqSe,...,,,,,,,,...,,,,,,,,
pda_KeEqOGW,--,,,,,,,,--,,,,,,,,
pda_8KiC8Oa,"[i]< These [c][ffffff]teleport pads[-][/c] ... [/i][i]Range is several [b]lightyears[/b][/i]. >\n[i][/i]\n[i]< With severe [b]risks[/b], but Zirax do not care much for their Clones. [/i]\n[i]- I cannot reprogram - - ... >[/i]",,,,,,,,"[i]< Эти [c][ffffff]телепортные площадки[-][/c]... Их радиус действия — несколько [b]световых лет[/b]. >[/i]\n\n[i]< С огромными [b]рисками[/b], но зираксы не слишком заботятся о своих клонах. [/i]\n[i]— Я не могу перепрограммировать... >[/i]",,,,,,,,
pda_qmiS40S,[c][ff80ff]OFF-DO NOT USE ANYMORE[-][/c][c][ffffff] RPT_[-][/c]itm - [c][ffffff]cockpitSV[-][/c] ClrMrkHV [c][ff8000][i](OnBy:ReachDB) (OffBy:SVHangarSig & HackDrill)[/i][-][/c]  [c][ff8000]>C_Off x2[-][/c],,,,,,,,[c][ff80ff]ВЫКЛ. — БОЛЬШЕ НЕ ИСПОЛЬЗОВАТЬ[-][/c][c][ffffff] RPT_[-][/c]itm — [c][ffffff]кабина SV[-][/c] ClrMrkHV [c][ff8000][i](OnBy:ReachDB) (OffBy:SVHangarSig & HackDrill)[/i][-][/c] [c][ff8000]>C_Off x2[-][/c],,,,,,,,
pda_mi8eleQ,...,,,,,,,,...,,,,,,,,
pda_Saf0W8m,[i]...[/i],,,,,,,,[i]...[/i],,,,,,,,
pda_qKu00W8,--,,,,,,,,--,,,,,,,,
pda_4aie8af,[c][0080ff](nPOI)[-][/c] -rw- [c][ffffff]DrillControl[-][/c] info [c][ff8000](RwBy: NestDrillHV)[-][/c],,,,,,,,[c][0080ff](nPOI)[-][/c] — rw — информация об [c][ffffff]управлении бурением[-][/c] [c][ff8000](RwBy: NestDrillHV)[-][/c],,,,,,,,
pda_eo00qeW,HV Drilling,,,,,,,,Бурение на ховерном судне,,,,,,,,
pda_KOiUi4N,[c][00ff00][Shift + O][-][/c] : Drill mode,,,,,,,,[c][00ff00][Shift + O][-][/c]: режим бура,,,,,,,,
pda_ii8u0gO,--,,,,,,,,--,,,,,,,,
pda_Wei4Kuu,[c][ff80ff]Off[-][/c][c][ffffff] RPT[-][/c]_itm - CockpitTank ClrMrkHV[c][ff8000][i] ([/i][-][/c][c][00ff00][i]Off[/i][-][/c][c][ff8000][i]By:ReachDB)  (OffBy:HackDrill)   >[/i]C_Off x2[-][/c],,,,,,,,[c][ff80ff]Выкл.[-][/c][c][ffffff] RPT[-][/c]_itm — кабина-танк ClrMrkHV [c][ff8000][i]([/i][-][/c][c][00ff00][i]Off[/i][-][/c][c][ff8000][i]By:ReachDB) (OffBy:HackDrill) >C_Off x2[-][/c],,,,,,,,
pda_nm2gqiC,...,,,,,,,,...,,,,,,,,
pda_uWnu8aa,...,,,,,,,,...,,,,,,,,
pda_CLG44iC,--,,,,,,,,--,,,,,,,,
pda_8SW0aqm,[i]< From this point on you could [c][ffffff]drill towards the Dronebase[-][/c]. >[/i]\n[i][/i]\n[i]< It will be out of the reach of all drones and turrets ... >[/i],,,,,,,,[i]< Отсюда вы можете [c][ffffff]пробурить путь к базе дронов[-][/c]. >[/i]\n\n[i]< Так вы будете вне досягаемости всех дронов и турелей... >[/i],,,,,,,,
pda_iaWgOKa,[i]< You seem committed to the Drilling ... ? >[/i]\n\n[i]< I feel [c][ffffff]honored[-][/c]. >[/i],,,,,,,,"[i]< Похоже, вы всерьёз увлечены бурением...? >[/i]\n\n[i]< Для меня это [c][ffffff]честь[-][/c]. >[/i]",,,,,,,,
pda_woaaqC6,[u]HV [c][ffffff]drill modules[-][/c][/u]:\n\n[c][00ff00][Shift + O][-][/c] : [c][ffffff]Adjust drilling angle[-][/c] & lock into autodrill,,,,,,,,[u]Буровые [c][ffffff]модули ховерного судна[-][/c][/u]:\n\n[c][00ff00][Shift + O][-][/c]: [c][ffffff]изменить угол бурения[-][/c] и зафиксировать автодобычу,,,,,,,,
pda_Cii60K8,[c][ff80ff]Check rw again[-][/c] itmPck_stone x40 -rw- DrillMalformed1 [c][ff8000][i](RwBy:MiningNote1)[/i][-][/c],,,,,,,,[c][ff80ff]Проверить rw снова[-][/c] itmPck_stone x40 — rw — бур «Искажённый1» [c][ff8000][i](RwBy:MiningNote1)[/i][-][/c],,,,,,,,
pda_qC8KCjW,...,,,,,,,,...,,,,,,,,
pda_OeOCm48,...,,,,,,,,...,,,,,,,,
pda_qCO8ueC,---,,,,,,,,---,,,,,,,,
pda_eKC4Smu,"[i]< I cannot stop to [b]wonder [/b]- [/i]\n[i]""Spider-Fan"", ""HoverVessel-Fan"", and now the Philosopher from the last Base - >[/i]\n[i][/i]\n[i]< Maybe I [/i][b]am[/b][i] malformed... - Like them. >[/i]",,,,,,,,"[i]< Не могу перестать [b]думать[/b]... [/i]\n[i]«Любитель пауков», «Любитель ховерных судов», а теперь ещё философ с последней базы... >[/i]\n\n[i]< Может, я [b]и есть[/b] искажённый... Как они. >[/i]",,,,,,,,
pda_a0KSUcO,[c][ff80ff]Check rw again[-][/c] [c][0080ff](nPOI)[-][/c] - DrillMalformed02 [c][ff8000][i](RwBy: Malformed01)[/i][-][/c],,,,,,,,[c][ff80ff]Проверить rw снова[-][/c] [c][0080ff](nPOI)[-][/c] — «Искажённый02» [c][ff8000][i](RwBy: Malformed01)[/i][-][/c],,,,,,,,
pda_e4uSiqu,...,,,,,,,,...,,,,,,,,
pda_bmWmWiW,...,,,,,,,,...,,,,,,,,
pda_iGWmCWi,---,,,,,,,,---,,,,,,,,
pda_uCau0WI,"[i]< ""To hack a [b]Core[/b]"" - ... That ... sounds really good... [/i]\n[i]It could be the '[b]heart[/b]' of all matters... >[/i]\n[i][/i]\n[i]< But, for me, somehow it all just [b]pales [/b]in comparison to [b]Mining[/b] ...? >[/i]",,,,,,,,[i]< «Взломать [b]ядро[/b]»... Это звучит действительно хорошо... [/i]\n[i]Это могло бы быть «[b]сердцем[/b]» всего сущего... >[/i]\n\n[i]< Но для меня всё это почему-то меркнет перед [b]добычей[/b]...? >[/i],,,,,,,,
pda_Km4kS89,"[i]< But if I would do that, hack a Core - [/i]\n[i]Would I then [b]stay [/b]in it, like all the other AI did ...? >[/i]\n[i][/i]\n[i]< It seems, as if someone has made me wings, [/i][i]but never wanted me to fly. >[/i]",,,,,,,,"[i]< Но если бы я это сделал, взломал ядро... [/i]\n[i]Остался бы я тогда [b]в нём[/b], как все остальные ИИ...? >[/i]\n\n[i]< Похоже, будто кто-то дал мне крылья, но никогда не хотел, чтобы я летал. >[/i]",,,,,,,,
pda_S00uGna,...,,,,,,,,...,,,,,,,,
pda_qaei9uO,...,,,,,,,,...,,,,,,,,
pda_JWOOSO3,..,,,,,,,,..,,,,,,,,
pda_uSS8urO,...,,,,,,,,...,,,,,,,,
pda_G48G8OG,...,,,,,,,,...,,,,,,,,
pda_04sS0SK,---,,,,,,,,---,,,,,,,,
pda_S8aaivW,"[i]< And, I am not sure if this 'Core repository' AI is so happy about all this, either ... ? >[/i]",,,,,,,,"[i]< И я не уверен, что ИИ этого «хранилища ядер» тоже так уж рад всему этому...? >[/i]",,,,,,,,
pda_4S40CeG,[u]HV [c][ffffff]drill modules[-][/c][/u]:\n\n[c][00ff00][Shift + O][-][/c] : [c][ffffff]Adjust drilling angle[-][/c] & lock into autodrill,,,,,,,,[u]Буровые [c][ffffff]модули ховерного судна[-][/c][/u]:\n\n[c][00ff00][Shift + O][-][/c]: [c][ffffff]изменить угол бурения[-][/c] и зафиксировать автодобычу,,,,,,,,
pda_0G0KeMC,...,,,,,,,,...,,,,,,,,
pda_umODMne,...,,,,,,,,...,,,,,,,,
pda_u8GagiA,--,,,,,,,,--,,,,,,,,
pda_S0WO4aC,Playtest - Planet Biofuel camp,,,,,,,,Тестирование — планета: лагерь биотоплива,,,,,,,,
pda_CisWi4C,...,,,,,,,,...,,,,,,,,
pda_ECiuCGa,...,,,,,,,,...,,,,,,,,
pda_eWWK0KK,--,,,,,,,,--,,,,,,,,
pda_OOOa4uK,Place the [c][ffffff]Wood into several Constructors[-][/c].\n[c][ffff00]Craft 15 Biofuel in parallel[-][/c] to save time,,,,,,,,"Поместите [c][ffffff]древесину в несколько конструкторов[-][/c].\n[c][ffff00]Создайте 15 единиц биотоплива параллельно[-][/c], чтобы сэкономить время.",,,,,,,,
pda_EKimKuG,--,,,,,,,,--,,,,,,,,
pda_NWu0Mm4,...,,,,,,,,...,,,,,,,,
pda_dOta44S,[c][ffff00]Head back to the farm[-][/c]\nto fill in fuel,,,,,,,,"[c][ffff00]Вернитесь на ферму[-][/c],\nчтобы заправиться топливом",,,,,,,,
pda_SKcu8U4,--,,,,,,,,--,,,,,,,,
pda_DSaqW4O,[c][ff8080][c][ff0000]DeepRed:[-][/c][-][/c][c][ff0000][-][/c][i]Exceptional chapters / Signals to explode cores (Loot placement)[/i],,,,,,,,[c][ff8080][c][ff0000]Тёмно-красный:[-][/c][-][/c][c][ff0000][-][/c][i]Исключительные главы / сигналы для взрыва ядер (размещение добычи)[/i],,,,,,,,
pda_CqmWuwk,--,,,,,,,,--,,,,,,,,
pda_WCSiqmW,--,,,,,,,,--,,,,,,,,
pda_Pi4aqMW,--,,,,,,,,--,,,,,,,,
pda_ACC4kKK,>> [c][00ffff]LightBlue:[-][/c] [i]Chapter relies on a signal from a POI[/i],,,,,,,,>> [c][00ffff]Голубой:[-][/c] [i]глава зависит от сигнала из POI[/i],,,,,,,,
pda_0iGqum0,"[sup][c][00ffff]CAL[-][/c]:[i] This queries the signal latch in the POI, and waits for a response[/i][/sup]",,,,,,,,[sup][c][00ffff]CAL[-][/c]: [i]запрашивает фиксатор сигнала в POI и ожидает ответа[/i][/sup],,,,,,,,
pda_mC8KSe4,--,,,,,,,,--,,,,,,,,
pda_ee0KCHp,--,,,,,,,,--,,,,,,,,
pda_Gui4K8S,[sup][c][00ffff]CalSig[-][/c]: [i]Autostart chapter that acts like an extended action check. Transfering data into a POI signal latch. [/i][/sup],,,,,,,,"[sup][c][00ffff]CalSig[-][/c]: [i]глава с автозапуском, работающая как расширенная проверка действия. Передаёт данные в фиксатор сигнала POI.[/i][/sup]",,,,,,,,
pda_e0GebWe,--,,,,,,,,--,,,,,,,,
pda_iGm88W6,--,,,,,,,,--,,,,,,,,
pda_gKiCamm,Hover Vessel Building\n[sup][c][c0c0c0](Optional)[-][/c][/sup],,,,,,,,Строительство ховерного судна\n[sup][c][c0c0c0](Необязательно)[-][/c][/sup],,,,,,,,
pda_ei8D4uG,- Check out markers?,,,,,,,,- Осмотрите маркеры?,,,,,,,,
pda_G8aO8uA,--,,,,,,,,--,,,,,,,,
pda_mSt8qce,- Find a Starter Block?,,,,,,,,- Найдите стартовый блок?,,,,,,,,
pda_uWeWqCS,--,,,,,,,,--,,,,,,,,
pda_CseeCiC,- Use [c][00ff00][N] [-][/c]building menu?\n---,,,,,,,,- Используйте меню строительства [c][00ff00][N][-][/c]?\n---,,,,,,,,
pda_4wCmWsq,--,,,,,,,,--,,,,,,,,
pda_SWiiYue,"[sup]Rotate:  [c][00ff00][HOME][-][/c] , [c][00ff00][END][-][/c]\n     Axis:  [c][00ff00][INS] [-][/c], [c][00ff00][DEL][-][/c]\nBlock styles[/sup] [sup][c][00ff00][RMB][-][/c][/sup]\n[sup]---\nDraw line: [c][00ff00]Hold [LMB]\n [-][/c]Draw plane: [c][00ff00]Hold [LMB] +[Shift][-][/c][/sup] [sup]\n(You need a [b]Core[/b] to pick up blocks.)[/sup]",,,,,,,,"[sup]Поворот: [c][00ff00][HOME][-][/c], [c][00ff00][END][-][/c]\nОсь: [c][00ff00][INS][-][/c], [c][00ff00][DEL][-][/c]\nСтили блоков: [c][00ff00][ПКМ][-][/c]\n---\nРисовать линию: удерживайте [c][00ff00][ЛКМ][-][/c]\nРисовать плоскость: удерживайте [c][00ff00][ЛКМ] + [Shift][-][/c]\n\n(Чтобы подбирать блоки, нужно [b]ядро[/b].)[/sup]",,,,,,,,
pda_iqSSSQC,--,,,,,,,,--,,,,,,,,
pda_WmiWOWS,---,,,,,,,,---,,,,,,,,
pda_5u4Si4O,--,,,,,,,,--,,,,,,,,
pda_4Sqa4S4,"[c][ffffff][c][ffff00][u]Continue Tutorial[/u][-][/c] [-][/c]/ Skip:\nOpen PDA [c][00ff00][ F1 ][-][/c] , select mission 'Done with Building'",,,,,,,,[c][ffffff][c][ffff00][u]Продолжить обучение[/u][-][/c][-][/c] / пропустить:\nОткройте PDA клавишей [c][00ff00][F1][-][/c] и выберите миссию «Закончили со строительством».,,,,,,,,
pda_068SSCW,--,,,,,,,,--,,,,,,,,
pda_eauaKGW,[c][ffffff]White[-][/c]: [i]Triggered by unusual checks or is a repeat chapter[/i],,,,,,,,[c][ffffff]Белый[-][/c]: [i]срабатывает от необычных проверок или является повторной главой[/i],,,,,,,,
pda_GGeSqK8,--,,,,,,,,--,,,,,,,,
pda_O08bq4K,--,,,,,,,,--,,,,,,,,
pda_eCkS8CS,--,,,,,,,,--,,,,,,,,
pda_WKmSmiO,...,,,,,,,,...,,,,,,,,
pda_MG4iSea,--,,,,,,,,--,,,,,,,,
pda_Gem8qeC,Playtest - Planet LostGarden,,,,,,,,Тестирование — планета: потерянный сад,,,,,,,,
pda_4iOeqO8,...,,,,,,,,...,,,,,,,,
pda_8b0GsGa,...,,,,,,,,...,,,,,,,,
pda_VM8MeG4,--,,,,,,,,--,,,,,,,,
pda_KCseOtC,[c][0080ff]Mrk[-][/c] - rw- Bunk [c][ffffff]Fridge[-][/c] [c][ff8000][i](RwBy: CaptChap) (OffBy:CaptChap & QuickTransf &Eat)[/i][-][/c],,,,,,,,[c][0080ff]Mrk[-][/c] — rw — холодильник в каюте [c][ffffff][-][/c] [c][ff8000][i](RwBy: CaptChap) (OffBy:CaptChap & QuickTransf &Eat)[/i][-][/c],,,,,,,,
pda_gqG9iGm,...,,,,,,,,...,,,,,,,,
pda_iSO4aOq,...,,,,,,,,...,,,,,,,,
pda_aeQum0i,--,,,,,,,,--,,,,,,,,
pda_OqiKO0u,ItmCns -on- [c][80ffff]CalSig1b[-][/c] - Use Bandage[c][ff8000] >C_Rw[-][/c],,,,,,,,ItmCns — вкл. — [c][80ffff]CalSig1b[-][/c] — использовать бинт [c][ff8000]>C_Rw[-][/c],,,,,,,,
pda_q0qaKK0,[-],,,,,,,,[-],,,,,,,,
pda_muiC828,[-],,,,,,,,[-],,,,,,,,
pda_eiKqWg0,--,,,,,,,,--,,,,,,,,
pda_KSSWK48,[c][0080ff](nPOI)[-][/c] -rw- [c][ffffff]CloseWindow[-][/c]Tip [c][ff8000][i](RwBy: UseBandage & Eating)[/i][-][/c],,,,,,,,[c][0080ff](nPOI)[-][/c] — rw — подсказка [c][ffffff]закрыть окно[-][/c] [c][ff8000][i](RwBy: UseBandage & Eating)[/i][-][/c],,,,,,,,
pda_KFSeeWC,[-],,,,,,,,[-],,,,,,,,
pda_qKO0mKS,[-],,,,,,,,[-],,,,,,,,
pda_G8iSqvW,--,,,,,,,,--,,,,,,,,
pda_40vu8Ou,itmCns -on- [c][80ffff]CalSig1c[-][/c] - Eating [c][ff8000]>C_Rw[-][/c],,,,,,,,itmCns — вкл. — [c][80ffff]CalSig1c[-][/c] — еда [c][ff8000]>C_Rw[-][/c],,,,,,,,
pda_Oiu4CSm,[-],,,,,,,,[-],,,,,,,,
pda_va0CqRZ,[-],,,,,,,,[-],,,,,,,,
pda_COeOCaW,--,,,,,,,,--,,,,,,,,
pda_uc8Kk00,You can [c][ffff00]close[-][/c][c][ffff00] any window[-][/c] with the [c][00ff00][ESC] [-][/c]key.,,,,,,,,Любое окно можно [c][ffff00]закрыть[-][/c] клавишей [c][00ff00][ESC][-][/c].,,,,,,,,
pda_mi8mumC,...,,,,,,,,...,,,,,,,,
pda_iS8OeO8,---,,,,,,,,---,,,,,,,,
pda_uOWaY7W,[b]Open your Inventory :[/b]\nPress [c][00ff00][Tab] [-][/c]key,,,,,,,,[b]Откройте инвентарь:[/b]\nНажмите клавишу [c][00ff00][Tab][-][/c].,,,,,,,,
pda_eCKiqiW,--,,,,,,,,--,,,,,,,,
pda_4KO8GKq,"[u][c][ffffff]Faction Reputation[-][/c][/u]: \n\n[c][ffffff][i]The Tutorial is protected - - But in the main[/i][i]game you will lose standing by stealing. [/i][-][/c]\n\n""[b]Unfriendly[/b]"" factions will already shoot at you.\n[b]Neutrals [/b]might not want your Vessels or Bases nearby.\n\nYou can see the [c][ffffff]effects of your actions[-][/c] by the change\nof[c][ffffff] ""Reputation Points"" (RP)[-][/c], at upper left screen edge.",,,,,,,,"[u][c][ffffff]Репутация фракций[-][/c][/u]:\n\n[c][ffffff][i]Обучение защищено, но в основной игре кража снижает репутацию.[/i][-][/c]\n\n«[b]Недружелюбные[/b]» фракции уже будут стрелять в вас.\n[b]Нейтральные[/b] могут не захотеть видеть ваши суда или базы рядом.\n\nПоследствия своих действий можно увидеть по изменению [c][ffffff]«очков репутации» (RP)[-][/c] в левом верхнем углу экрана.",,,,,,,,
pda_8eOeam4,...,,,,,,,,...,,,,,,,,
pda_Ck8ii8K,--,,,,,,,,--,,,,,,,,
pda_SEGaau8,...,,,,,,,,...,,,,,,,,
pda_iGSWS04,---,,,,,,,,---,,,,,,,,
pda_WiQGi0a,To heal:\n[c][ffff80] Open your Inventory[-][/c] [c][00ff00][Tab] [-][/c]...,,,,,,,,Чтобы вылечиться:\n[c][ffff80]откройте инвентарь[-][/c] клавишей [c][00ff00][Tab][-][/c]...,,,,,,,,
pda_aSq0CC0,Debug: Farm Trigger Hack and trigger explosives,,,,,,,,Отладка: ферма — активировать взлом и взрывчатку,,,,,,,,
pda_a8qGu4K,...,,,,,,,,...,,,,,,,,
pda_Kmeu2j0,...,,,,,,,,...,,,,,,,,
pda_OeiiiQW,--,,,,,,,,--,,,,,,,,
pda_SGiKm0W,Trigger hack & explosives,,,,,,,,Активировать взлом и взрывчатку,,,,,,,,
pda_OnKKCGe,[-],,,,,,,,[-],,,,,,,,
pda_CtuOOGo,[-],,,,,,,,[-],,,,,,,,
pda_iGeCOOa,--,,,,,,,,--,,,,,,,,
pda_auuueiM,"( [i][b][c][8080ff]Captain[-][/c][/b], over Comms[/i] ) :\n\n[i]„ ...Did that unarmed, useless Human just try to steal from MY ship?\n\n - Nah, let‘s ignore it.  - Once.“[/i]",,,,,,,,"( [i][b][c][8080ff]Капитан[-][/c][/b], по связи[/i] ):\n\n[i]«... Этот безоружный, бесполезный человек только что попытался украсть с МОЕГО корабля?\n\n— Нет, не будем обращать внимания. Один раз».[/i]",,,,,,,,
pda_uW8e4hW,nPOI - Change[c][ffffff]ZiraxHostile[-][/c] [c][ff8040][i](OffBy: DoneBuild)  [/i]>C_On >COff[-][/c][c][ffff00][i] RepChange[/i][-][/c],,,,,,,,nPOI — сменить [c][ffffff]отношение зираксов на враждебное[-][/c] [c][ff8040][i](OffBy: DoneBuild)[/i]>C_On >COff[-][/c][c][ffff00][i]изменение репутации[/i][-][/c],,,,,,,,
pda_4GWua8C,...,,,,,,,,...,,,,,,,,
pda_W0uSGeK,...,,,,,,,,...,,,,,,,,
pda_eW88GGu,--,,,,,,,,--,,,,,,,,
pda_GS4VajC,[i]-- (Vis chapter below has tags:[/i] [c][ff8000]>C_on x2 >C_off x1[-][/c][c][ffff00]0 Dlg_TurnZiraxHostile[-][/c],,,,,,,,[i]-- (Визуальная глава ниже имеет теги:[/i] [c][ff8000]>C_on x2 >C_off x1[-][/c][c][ffff00]0 Dlg_TurnZiraxHostile[-][/c],,,,,,,,
pda_tq8im08,...,,,,,,,,......,,,,,,,,
pda_KqGep88,...,,,,,,,,...,,,,,,,,
pda_QuWd0Cm,--,,,,,,,,--,,,,,,,,
pda_mC4SKOG,Building:  Grid sizes,,,,,,,,Строительство: размеры сетки,,,,,,,,
pda_SSiYC5W,-,,,,,,,,-,,,,,,,,
pda_8eSCaKi,"[i][b][c][c0c0c0]Note: For trying out building, the game's 'Creative Mode' is highly useful.[-][/c][/b]\n[c][c0c0c0]Select it in the Main Menu -> Start new game -> Creative mode.[-][/c][/i]\n\n- The game uses a Large grid and a Small grid.\n- Blocks of [b][c][ffffff]different grid sizes cannot mix.[-][/c][/b]\n- Each block fills a whole 'cube volume'.[i] (Compare to e.g. Minecraft)[/i]\n\n- Certain devices can only be placed on the right structure type \n[i](E.g. a Hover Vessel or a Base. - - [/i]\n[i]Check the block's description by hovering over it with your mouse in the inventory.)[/i]",,,,,,,,"[i][b][c][c0c0c0]Примечание: чтобы опробовать строительство, очень полезен творческий режим игры.[-][/c][/b]\n[c][c0c0c0]Выберите его: главное меню -> начать новую игру -> творческий режим.[-][/c][/i]\n\n- В игре используются большая и малая сетки.\n- Блоки [b][c][ffffff]разных размеров сетки нельзя смешивать.[-][/c][/b]\n- Каждый блок занимает целый «кубический объём».[i] (Сравните, например, с Minecraft.)[/i]\n\n- Некоторые устройства можно размещать только на подходящем типе конструкции\n[i](Например, на ховерном судне или базе. — [/i]\n[i]Проверьте описание блока, наведя на него курсор в инвентаре.)[/i]",,,,,,,,
pda_Ki0e0eO,Block pickup vs. Salvage,,,,,,,,Подбор блоков и разбор на детали,,,,,,,,
pda_WKWuGu0,"[i][c][c0c0c0][-][/c][/i]\n[i][c][c0c0c0]Note: Block handling is much easier in the game's [b]Creative Mode![/b][-][/c][/i]\n\nDuring a Survival game: \nIf a structure already has a [c][ffffff][b]Core[/b][-][/c], that one might protect it from modifying blocks.\nDestroy enemy / NPC Cores, if needed.\n\n[b][c][ffffff]To pick up intact blocks:  [-][/c][/b]\n- Have your [b]own Core [/b]placed on the target structure\n- Use a [b]Multitool in the ""Retrieve Blocks""[/b] mode [i]( [c][00ff00][RMB] [-][/c]to select. )[/i]\n\n[i]Note: Logistics [c][00ff00][ F4 ] [-][/c]will help you handle large blocks, as long as you are close to a structure with containers.[/i]",,,,,,,,"[i][c][c0c0c0][-][/c][/i]\n[i][c][c0c0c0]Примечание: работать с блоками гораздо проще в [b]творческом режиме![/b][-][/c][/i]\n\nВ режиме выживания:\nесли у конструкции уже есть [c][ffffff][b]ядро[/b][-][/c], оно может защищать её от изменения блоков.\nПри необходимости уничтожайте ядра врагов или NPC.\n\n[b][c][ffffff]Чтобы подобрать целые блоки:[-][/c][/b]\n- Установите [b]своё ядро[/b] на целевой конструкции.\n- Используйте [b]мультитул в режиме «Извлечь блоки»[/b] [i](выбор: [c][00ff00][ПКМ][-][/c]).[/i]\n\n[i]Примечание: логистика [c][00ff00][F4][-][/c] поможет перемещать большие блоки, если вы находитесь рядом с конструкцией, имеющей контейнеры.[/i]",,,,,,,,
pda_0i8iGm0,Playtest - Planet: Promethium deposit,,,,,,,,Тестирование — планета: залежь прометия,,,,,,,,
pda_Y4O4OGG,..,,,,,,,,..,,,,,,,,
pda_aW0i6G4,...,,,,,,,,...,,,,,,,,
pda_KjiiqW8,--,,,,,,,,--,,,,,,,,
pda_q5u4i0G,Playtest - Planet: Promethium deposit drilling,,,,,,,,Тестирование — планета: бурение залежи прометия,,,,,,,,
pda_emeGai8,...,,,,,,,,...,,,,,,,,
pda_K8w8K0i,...,,,,,,,,...,,,,,,,,
pda_iK8KG8a,--,,,,,,,,--,,,,,,,,
pda_GSquaau,--- \n(Back to the Hover Vessels),,,,,,,,---\n(Вернуться к ховерным судам),,,,,,,,
pda_eaKiaqS,Playtest - Planet: Builder's workshop checklist,,,,,,,,Тестирование — планета: контрольный список мастерской строителей,,,,,,,,
pda_04emaiS,...,,,,,,,,...,,,,,,,,
pda_uSa4m0j,...,,,,,,,,...,,,,,,,,
pda_qOO0e6a,--,,,,,,,,--,,,,,,,,
pda_Q0aKwea,Debug chapters activated.,,,,,,,,Отладочные главы активированы.,,,,,,,,
pda_KOuWu1G,Playtest - Planet: Beach: Crafted Portable Constructor,,,,,,,,Тестирование — планета: пляж — создан переносной конструктор,,,,,,,,
pda_w88q4n8,...,,,,,,,,...,,,,,,,,
pda_OmqSuOa,...,,,,,,,,...,,,,,,,,
pda_joEW5s8,--,,,,,,,,--,,,,,,,,
pda_iuu40O4,[c][ffffff]InvC[-][/c]_SurvC - [c][80ffff]CalSig4b[-][/c] - on- [c][ffffff]PlasticMat[-][/c] in SurvC   [c][ff8000]>ToRw[-][/c],,,,,,,,[c][ffffff]InvC[-][/c]_SurvC — [c][80ffff]CalSig4b[-][/c] — вкл. — [c][ffffff]пластиковый материал[-][/c] в SurvC [c][ff8000]>ToRw[-][/c],,,,,,,,
pda_40eiOmm,_______________ [b]Portable Constructor Craft:s[/b],,,,,,,,_______________ [b]Создание в переносном конструкторе[/b],,,,,,,,
pda_4u4OmFS,--,,,,,,,,--,,,,,,,,
pda_8eWOCu0,--,,,,,,,,--,,,,,,,,
pda_WqWO88Y,--,,,,,,,,--,,,,,,,,
pda_uGQim8O,Portable Constructor,,,,,,,,Переносной конструктор,,,,,,,,
pda_aq0uSmm,Put[c][ffff00] 5x Carbon Substrate into 'INPUT' field[-][/c]\n[sup][i][c][c0c0c0](Center top crafting inventory)[-][/c][/i][/sup],,,,,,,,Поместите [c][ffff00]5 ед. углеродного субстрата в поле «ВХОД»[-][/c]\n[sup][i][c][c0c0c0](Вверху по центру окна создания.)[-][/c][/i][/sup],,,,,,,,
pda_WiKaSee,--,,,,,,,,--,,,,,,,,
pda_OWmmWWq,[u]Portable Constructor:[/u]\n\nHas its [c][ffffff]own inventory[-][/c].\n('INPUT' field)\n\n- Needs to be stocked \nwith crafting materials.\n\n---\n[ [c][ffffff]OK [-][/c]] for next page (1/3),,,,,,,,[u]Переносной конструктор:[/u]\n\nИмеет [c][ffffff]собственный инвентарь[-][/c]\n(поле «ВХОД»).\n\n- Его нужно заполнять\nматериалами для создания предметов.\n\n---\n[[c][ffffff]ОК[-][/c]] для следующей страницы (1/3),,,,,,,,
pda_Waaaeie,"[c][0080ff](nPOI)[-][/c] off - [c][80ffff][b]CAL4c [/b][-][/c]- [c][0080ff]Tasks3[-][/c] [c][ffffff]PCCrafts[-][/c] [c][ff8000][i](OnBy: HoverbikeCraft)[/i][i] (ToRwBy: BikeCrafted, BikeFound) [/i][-][/c][c][ff8080][i](RwBy: Tasks1, HoverbikeCraft, 1Bridge3)[/i][-][/c]      [c][ff8080] >RwTx2 [-][/c][c][ff8080]>COnT&CoffT >ToRw[-][/c]",,,,,,,,"[c][0080ff](nPOI)[-][/c] выкл. — [c][80ffff][b]CAL4c[-][/b][-][/c] — [c][0080ff]задания3[-][/c] [c][ffffff]создание в переносном конструкторе[-][/c] [c][ff8000][i](OnBy: HoverbikeCraft) (ToRwBy: BikeCrafted, BikeFound)[/i][-][/c][c][ff8080][i](RwBy: Tasks1, HoverbikeCraft, 1Bridge3)[/i][-][/c] [c][ff8080]>RwTx2[-][/c][c][ff8080]>COnT&CoffT >ToRw[-][/c]",,,,,,,,
pda_8GeJa2K,"[c][ffff00]Get Survival Gear[-][/c]\n[sup][i][c][c0c0c0](Craft in [b]Portable Constructor[/b],[-][/c][/i][/sup]\n[sup][i][c][c0c0c0]- or find these)[-][/c][/i][/sup]",,,,,,,,"[c][ffff00]Получите снаряжение для выживания[-][/c]\n[sup][i][c][c0c0c0](Создайте в [b]переносном конструкторе[/b],[-][/c][/i][/sup]\n[sup][i][c][c0c0c0]или найдите.)[-][/c][/i][/sup]",,,,,,,,
pda_aum8GWS,"Hold a Weapon\n[sup][c][c0c0c0][i]([b]Needs:[/b] Iron/Steel, Copper)[/i][-][/c][/sup]",,,,,,,,"Возьмите оружие\n[sup][c][c0c0c0][i]([b]Нужно:[/b] железо/сталь, медь.)[/i][-][/c][/sup]",,,,,,,,
pda_0hiiaWK,--,,,,,,,,--,,,,,,,,
pda_8SiW4uC,"... have its ammo\n[sup][c][c0c0c0][i](Copper, Wood)[/i][-][/c][/sup]",,,,,,,,"... и боеприпасы к нему\n[sup][c][c0c0c0][i](Медь, древесина.)[/i][-][/c][/sup]",,,,,,,,
pda_8e0eWGS,--,,,,,,,,--,,,,,,,,
pda_qGKIaWm,Hold a Detector\n[c][c0c0c0][i][sup](Carbon)[/sup][/i][-][/c],,,,,,,,Возьмите детектор\n[c][c0c0c0][i][sup](Углерод.)[/sup][/i][-][/c],,,,,,,,
pda_K8q4SS4,--,,,,,,,,--,,,,,,,,
pda_hGem04O,Craft a Hoverbike\n[sup][c][c0c0c0]([i]Carbon)[/i][-][/c][/sup],,,,,,,,Создайте ховербайк\n[sup][c][c0c0c0]([i]Углерод.)[/i][-][/c][/sup],,,,,,,,
pda_KiOGSK8,--,,,,,,,,--,,,,,,,,
pda_a7CC06u,Better prepared,,,,,,,,Лучше подготовлены,,,,,,,,
pda_SmqSeeu,...,,,,,,,,...,,,,,,,,
pda_K8i4WeG,--,,,,,,,,--,,,,,,,,
pda_m70WW84,"[i]< With this gear, you should be prepared for the worst. >[/i]",,,,,,,,[i]< С этим снаряжением вы должны быть готовы к худшему. >[/i],,,,,,,,
pda_uG0GiOu,Better prepared,,,,,,,,Лучше подготовлены,,,,,,,,
pda_C8KmC4u,...,,,,,,,,...,,,,,,,,
pda_aOKePCC,--,,,,,,,,--,,,,,,,,
pda_SK44OWu,"[i]< ... If you move on, [/i]\n[i]- Don't forget to [c][ffff00]pick up your [b]constructor[/b].[-][/c] >[/i]",,,,,,,,"[i]< ... Если пойдёте дальше, не забудьте [c][ffff00]забрать свой [b]конструктор[/b].[-][/c] >[/i]",,,,,,,,
pda_eGqWj4q,...,,,,,,,,...,,,,,,,,
pda_qOiSQ8q,...,,,,,,,,...,,,,,,,,
pda_Waii48S,---,,,,,,,,---,,,,,,,,
pda_EmC0SGm,[i]< This opens up a lot of possibilities... ![/i]\n[i] ... You'll need [c][ffffff]better gear.  [-][/c]>[/i]\n[i][/i]\n[i]< [c][ffff00]Marking[-][/c] a few places with [c][ffffff]resources [-][/c]... >[/i],,,,,,,,[i]< Это открывает много возможностей...![/i]\n[i]... Вам понадобится [c][ffffff]лучшее снаряжение[-][/c]. >[/i]\n\n[i]< [c][ffff00]Отмечаю[-][/c] несколько мест с [c][ffffff]ресурсами[-][/c]... >[/i],,,,,,,,
pda_iqSWaeG,...,,,,,,,,...,,,,,,,,
pda_4oueiae,...,,,,,,,,...,,,,,,,,
pda_GiuGCmS,--,,,,,,,,--,,,,,,,,
pda_mqqmeTi,...,,,,,,,,...,,,,,,,,
pda_CWCuqKe,--,,,,,,,,--,,,,,,,,
pda_qqGOu0G,Access Portable Constructor,,,,,,,,Откройте переносной конструктор,,,,,,,,
pda_eOGSK2K,--,,,,,,,,--,,,,,,,,
pda_KOSOOjW,Craft Hoverbike in\nPortable Constructor,,,,,,,,Создайте ховербайк\nв переносном конструкторе,,,,,,,,
pda_qKS80OC,"1- Select ""[c][ffff00]Devices"" Category[-][/c] symbol [sup][i][c][c0c0c0](Looks like pathways of a chip)[-][/c][/i][/sup]\n2- [c][ffff00]Click on Hoverbike[-][/c] template to craft\n[c][c0c0c0][i][sup](Needs 5 Carbon Substrate, ""Show all Templates'""filter)[/sup][/i][-][/c]",,,,,,,,"1 — Выберите категорию «[c][ffff00]Устройства[-][/c]»\n[sup][i][c][c0c0c0](Значок похож на дорожки микросхемы.)[-][/c][/i][/sup]\n2 — [c][ffff00]Нажмите шаблон ховербайка[-][/c], чтобы создать его.\n[c][c0c0c0][i][sup](Нужно 5 ед. углеродного субстрата; фильтр «Показать все шаблоны».)[/sup][/i][-][/c]",,,,,,,,
pda_8CiuiIW,---,,,,,,,,---,,,,,,,,
pda_u0eMtiq,"Upper right [c][ffffff]symbol row.[-][/c] >>\n\n1- Select the ""[c][ffff00]Devices"" symbol[-][/c] (Looks like pathways of a microchip)\n\n2- [c][ffff00]Click on Hoverbike[-][/c] template to craft",,,,,,,,"... Верхний правый ряд [c][ffffff]значков[-][/c]. >>\n\n1 — Выберите значок «[c][ffff00]Устройства[-][/c]» (похож на дорожки микросхемы).\n\n2 — [c][ffff00]Нажмите шаблон ховербайка[-][/c], чтобы создать его.",,,,,,,,
pda_WCOgSq6,[i]< [c][ffffff][b]5[/b] Carbon Substrate[-][/c] will give you a Hoverbike ... >[/i],,,,,,,,[i]< [c][ffffff][b]5[/b] ед. углеродного субстрата[-][/c] дадут вам ховербайк... >[/i],,,,,,,,
pda_4maCC8G,"[i]< This constructor has [c][ffffff]much more templates[-][/c].[/i]\n[i]The list at the right side - That's just a [b]part [/b]... >[/i]\n\n[i]< To see more templates, [/i]\n[i][c][ffffff]switch the display filters[-][/c]. >[/i]\n\n[i]---[/i]\n[ [c][ffffff]OK[-][/c] ] for next page (2/3)[i][/i]",,,,,,,,"[i]< У этого конструктора [c][ffffff]намного больше шаблонов[-][/c].[/i]\n[i]Список справа — лишь [b]часть[/b]... >[/i]\n\n[i]< Чтобы увидеть больше шаблонов, [/i]\n[i][c][ffffff]переключите фильтры отображения[-][/c]. >[/i]\n\n[i]---[/i]\n[[c][ffffff]ОК[-][/c]] для следующей страницы (2/3)[i][/i]",,,,,,,,
pda_KCqiaCC,"[i]< To use, [c][ffff00]place into your Toolbar.[-][/c][/i] >",,,,,,,,"[i]< Чтобы использовать, [c][ffff00]поместите на панель быстрого доступа.[-][/c] >[/i]",,,,,,,,
pda_JoOKWKK,...,,,,,,,,...,,,,,,,,
pda_aSOmk4C,--,,,,,,,,--,,,,,,,,
pda_afm8e8q,"[i]To start [b]crafting a Hoverbike[/b]:[/i]\n[i][/i]\n[i]Put [c][ffff00]Carbon Substrate [-][/c][c][ffffff]from your inventory into the [-][/c][c][ffff00]Constructor's 'INPUT' field[-][/c].[/i]\n[i](Middle screen, top)[/i]",,,,,,,,"[i]Чтобы начать [b]создание ховербайка[/b]:[/i]\n\n[i]поместите [c][ffff00]углеродный субстрат[-][/c][c][ffffff] из инвентаря в поле «ВХОД»[-][/c] [c][ffff00]конструктора[-][/c].[/i]\n[i](Верхняя часть экрана, по центру.)[/i]",,,,,,,,
pda_Cu8ACm0,InvOp_PC [c][80ffff]CalSig4c[-][/c]- off - [c][ffffff]BikeRemind[-][/c]er[c][ff8040][i] (OnBy:BikeCrafted) (OffBy:BikeFound & BikePlaced) >C_off[/i][-][/c],,,,,,,,InvOp_PC [c][80ffff]CalSig4c[-][/c] — выкл. — напоминание о [c][ffffff]байке[-][/c][c][ff8040][i](OnBy:BikeCrafted) (OffBy:BikeFound & BikePlaced) >C_off[/i][-][/c],,,,,,,,
pda_GOfuaSi,...,,,,,,,,...,,,,,,,,
pda_80g8KlR,...,,,,,,,,...,,,,,,,,
pda_4q8nOuC,---,,,,,,,,---,,,,,,,,
pda_OiQFaiS,"[i]< To use, [c][ffff00]take the Hoverbike[-][/c][c][ffffff],[-][/c] and place it in your [c][ffffff]Toolbar[-][/c]. >[/i]",,,,,,,,"[i]< Чтобы использовать, [c][ffff00]возьмите ховербайк[-][/c][c][ffffff] и поместите его на[-][/c] [c][ffffff]панель быстрого доступа[-][/c]. >[/i]",,,,,,,,
pda_eeibipm,[sup]-on- /-rw-/-off- : [/sup][i][sup]Activatable state of the chapter before PDADataOps[/sup][/i],,,,,,,,[sup]-on- / -rw- / -off-:[/sup] [i][sup]состояние активации главы перед PDADataOps[/sup][/i],,,,,,,,
pda_Kiqe0Ca,--,,,,,,,,--,,,,,,,,
pda_0Cq4CSm,--,,,,,,,,--,,,,,,,,
pda_ma2GuW4,>> Grey : [i]PDADataOps Activatable state[/i],,,,,,,,>> Серый: [i]состояние активации PDADataOps[/i],,,,,,,,
pda_WCG10uq,"[sup][c][ffff00][b][u]Layout:[/u][/b] ""Header"" // ""CenterInfo"" // [i]""EnderInfo""[/i][-][/c][/sup]",,,,,,,,[sup][c][ffff00][b][u]Макет:[/u][/b] «Заголовок» // «Центральная информация» // [i]«Конечная информация»[/i][-][/c][/sup],,,,,,,,
pda_e8m0CmC,--,,,,,,,,--,,,,,,,,
pda_Ge0Ke8q,--,,,,,,,,--,,,,,,,,
pda_qh4CS0n,--,,,,,,,,--,,,,,,,,
pda_CauiC9W,[sup]- but 'already waiting' autostarts in the stack will interrupt - - Use this with care[/sup],,,,,,,,"[sup]— но автозапуски в стеке, уже ожидающие выполнения, будут прерывать — используйте с осторожностью.[/sup]",,,,,,,,
pda_qKImmuK,--,,,,,,,,--,,,,,,,,
pda_i8sWSO0,"[i]< If my data is still correct, - - there will be [b]hostile fauna [/b]beyond this point ...  >[/i]\n\n[i]<  Suggesting to [c][ffffff][c][ffff00]prepare yourself[-][/c] a bit better[-][/c]. >[/i]",,,,,,,,"[i]< Если мои данные всё ещё верны, дальше будет [b]враждебная фауна[/b]... >[/i]\n\n[i]< Предлагаю вам [c][ffffff][c][ffff00]подготовиться[-][/c] немного лучше[-][/c]. >[/i]",,,,,,,,
pda_KO4eauu,[c][0080ff]Mrk[-][/c] -rw- [c][ffffff]Wreck [-][/c]salvage [c][ff8000][i](OnBy:PCCrafts) (RwBy:SteelDestr) (OffBy:SteelSalvage & FastSalvage)[/i][-][/c],,,,,,,,[c][0080ff]Mrk[-][/c] — rw — разбор [c][ffffff]обломков[-][/c] [c][ff8000][i](OnBy:PCCrafts) (RwBy:SteelDestr) (OffBy:SteelSalvage & FastSalvage)[/i][-][/c],,,,,,,,
pda_4KuOKmK,...,,,,,,,,...,,,,,,,,
pda_LqiK4Wa,...,,,,,,,,...,,,,,,,,
pda_qWm4AWq,--,,,,,,,,--,,,,,,,,
pda_qmGCe0O,[i]< That [c][ffffff]power source[-][/c] over there- - I think it has an [c][ffff00]antenna[-][/c]. >[/i]\n[i][/i]\n[i]< It could [b]help us [/b]to find out where we are...? >[/i],,,,,,,,"[i]< Тот [c][ffffff]источник питания[-][/c]... Думаю, у него есть [c][ffff00]антенна[-][/c]. >[/i]\n\n[i]< Она могла бы [b]помочь нам[/b] выяснить, где мы...? >[/i]",,,,,,,,
pda_4ramGp4,Repeat TEST - window overlayHelmet,,,,,,,,Повторный тест — наложение интерфейса шлема,,,,,,,,
pda_iMCeG04,New Task,,,,,,,,Новое задание,,,,,,,,
pda_Ga0aqeW,New Action,,,,,,,,Новое действие,,,,,,,,
pda_O6O8SvC,--,,,,,,,,--,,,,,,,,
pda_MSHKeGe,< Helmet Overlay triggered >,,,,,,,,< Наложение шлема активировано >,,,,,,,,
pda_Oiie8HC,WinOp &lvl2 -off- [c][ffffff]TT ammo remind[-][/c] [c][ff8000][i](OnBy: Techtree & DirectUnlock)[/i][-][/c] [c][ff8000][i] (OffBy: NewShoresReady)[/i][-][/c],,,,,,,,WinOp &lvl2 — выкл. — напоминание о боеприпасах TT [c][ff8000][i](OnBy: Techtree & DirectUnlock)[/i][-][/c] [c][ff8000][i](OffBy: NewShoresReady)[/i][-][/c],,,,,,,,
pda_0m0FKwa,...,,,,,,,,...,,,,,,,,
pda_WqGmmim,...,,,,,,,,...,,,,,,,,
pda_GW0Jahe,--,,,,,,,,--,,,,,,,,
pda_iG8icqK,"[c][ffffff][u]Found weapons[/u][-][/c] or tools:\n\n[b]Unlock them here[/b], too - \n... to be able to craft the \nammo for them.",,,,,,,,"[c][ffffff][u]Найденное оружие[-][/u][-][/c] или инструменты:\n\n[b]Разблокируйте их здесь[/b] тоже,\nчтобы иметь возможность создавать\nбоеприпасы для них.",,,,,,,,
pda_uuW88ie,Better prepared,,,,,,,,Лучше подготовлены,,,,,,,,
pda_YSXqeCO,...,,,,,,,,...,,,,,,,,
pda_oGGuiiO,--,,,,,,,,--,,,,,,,,
pda_iKKGi4C,[i](( Found Salvage! ))[/i],,,,,,,,[i](( Найдено: материалы для разбора! ))[/i],,,,,,,,
pda_qO88GSa,...,,,,,,,,...,,,,,,,,
pda_iumae1i,---,,,,,,,,---,,,,,,,,
pda_GeaSGWu,TbC -rw- [c][80ffff]CalSig2[-][/c] [c][ffffff]EquipDrill [i][c][ff8000](RwBy: HangarLeave) [-][/c][/i][-][/c][c][80ffff][i]>Sig to start next chapter[/i][-][/c],,,,,,,,TbC — rw — [c][80ffff]CalSig2[-][/c] — [c][ffffff]экипировать бур[-][/c] [i][c][ff8000](RwBy: HangarLeave)[-][/c][/i][-][/c][c][80ffff][i]>Sig для запуска следующей главы[/i][-][/c],,,,,,,,
pda_0uiSK44,(( Cursed Drill )),,,,,,,,(( Проклятый бур )),,,,,,,,
pda_0KOKSSC,...,,,,,,,,...,,,,,,,,
pda_GsGG2iS,--,,,,,,,,--,,,,,,,,
pda_KGaWWqm,[i]< Brzzt. bt ! >[/i]\n\n[i]< bzzt - [b]bzzt [/b]? >  [/i],,,,,,,,[i]< Брззт. бт! >[/i]\n\n[i]< бззт... [b]бззт[/b]? >[/i],,,,,,,,
pda_mieaWiu,Playtest: Leaving [c][ffffff]Weat[-][/c]her Station,,,,,,,,Тестирование: покидаем метеостанцию,,,,,,,,
pda_mSmuWq0,...,,,,,,,,...,,,,,,,,
pda_0OiiOu8,...,,,,,,,,...,,,,,,,,
pda_CG4aUa4,--,,,,,,,,--,,,,,,,,
pda_8eSCuWS,Locate the leak,,,,,,,,Найдите утечку,,,,,,,,
pda_tYKWauS,[c][ffff00]Follow trail[-][/c] of\n[b]black[/b] O2 markers,,,,,,,,[c][ffff00]Следуйте по следу[-][/c]\n[b]чёрных[/b] маркеров O2,,,,,,,,
pda_qSiSWhK,--,,,,,,,,--,,,,,,,,
pda_uaSWqSW,"- Once done, press [c][00ff00][N][-][/c]\nto close Debug Menu",,,,,,,,"- Закончив, нажмите [c][00ff00][N][-][/c],\nчтобы закрыть меню отладки.",,,,,,,,
pda_Oi0F8G4,--,,,,,,,,--,,,,,,,,
pda_m9u0WEu,([c][ffff00] Follow the trail[-][/c] of the black O2 markers to locate the leak.),,,,,,,,"([c][ffff00]Следуйте по следу[-][/c] чёрных маркеров O2, чтобы найти утечку.)",,,,,,,,
pda_8848euS,"[c][c0c0c0][i][sup](If no markers are there:[/sup][/i][-][/c]\n[c][c0c0c0][i][sup][N], select 'Show Oxygen')[/sup][/i][-][/c]",,,,,,,,"[c][c0c0c0][i][sup](Если маркеры не отображаются:[/sup][/i][-][/c]\n[c][c0c0c0][i][sup][N], выберите «Показать кислород».)[/sup][/i][-][/c]",,,,,,,,
pda_eem8ime,---,,,,,,,,---,,,,,,,,
pda_Kme8GU0,itm- [c][ffffff]Tank ExtView [-][/c]reminder [c][ff8000][i]([/i][-][/c][c][ff8000][i]OnBy: DBDifficulty)[/i][-][/c],,,,,,,,itm — [c][ffffff]расширенный вид бака[-][/c] — напоминание [c][ff8000][i](OnBy: DBDifficulty)[/i][-][/c],,,,,,,,
pda_GiOeeqC,...,,,,,,,,...,,,,,,,,
pda_PuC40Sq,...,,,,,,,,...,,,,,,,,
pda_PCmeia8,--,,,,,,,,--,,,,,,,,
pda_RuwOOMa,"[c][ffffff][u]Useful controls[/u][-][/c] for the tank: [c][ffffff][-][/c]\n\n- [b]Exterior view[/b] [c][00ff00][V][-][/c], then [c][00ff00][alt][-][/c]\n- [b]Manually access turrets[/b] with the control panel [c][00ff00][P], [-][/c][[Devices]] tab",,,,,,,,"[c][ffffff][u]Полезное управление[-][/c] для танка:[c][ffffff][-][/c]\n\n- [b]Внешний вид[/b]: [c][00ff00][V][-][/c], затем [c][00ff00][Alt][-][/c]\n- [b]Ручной доступ к турелям[/b]: панель управления [c][00ff00][P][-][/c], вкладка [[Устройства]]",,,,,,,,
pda_qKO0mSC,[c][0080ff](nPOI)[-][/c] - Dvil[c][ffffff]HackMsg_1[-][/c][c][ff8000][i] (OnBy: HackCounter)[/i][-][/c],,,,,,,,[c][0080ff](nPOI)[-][/c] — Dvil[c][ffffff]HackMsg_1[-][/c][c][ff8000][i](OnBy: HackCounter)[/i][-][/c],,,,,,,,
pda_u4ue4iS,...,,,,,,,,...,,,,,,,,
pda_CvG2ymu,...,,,,,,,,...,,,,,,,,
pda_SWuG4PC,--,,,,,,,,--,,,,,,,,
pda_O4mOCui,"[i]< No, you [b]WON'T[/b]. >[/i]",,,,,,,,"[i]< Нет, вы [b]НЕ БУДЕТЕ[/b]. >[/i]",,,,,,,,
pda_m0Ka4Wu,[c][0080ff](nPOI)[-][/c] -  Dril[c][ffffff]HackMsg_2[-][/c] [c][ff8000][i](RwBy: DrHackMsg_1)  [/i]>C_On x2 >C_rw >ToRwBy[-][/c],,,,,,,,[c][0080ff](nPOI)[-][/c] — Dril[c][ffffff]HackMsg_2[-][/c] [c][ff8000][i](RwBy: DrHackMsg_1)[/i]>C_On x2 >C_rw >ToRwBy[-][/c],,,,,,,,
pda_WaqW4C0,...,,,,,,,,...,,,,,,,,
pda_oWSmKKi,...,,,,,,,,...,,,,,,,,
pda_maOaa8g,---,,,,,,,,---,,,,,,,,
pda_C8qqOQG,"[i]< Better [c][ffff00][b]take off [/b]the EVA booster[-][/c] for now. >[/i]\n\n[i]< It protects against cold, but makes you [/i]\n[i]really [c][ffffff]vulnerable [-][/c]against bullets ... >[/i]",,,,,,,,"[i]< Лучше пока [c][ffff00][b]снимите[/b] EVA-усилитель[-][/c]. >[/i]\n\n[i]< Он защищает от холода, но делает вас [/i]\n[i]очень [c][ffffff]уязвимыми[-][/c] для пуль... >[/i]",,,,,,,,
pda_OiWrGO0,How to Swim,,,,,,,,Как плавать,,,,,,,,
pda_WCGK8eH,...,,,,,,,,...,,,,,,,,
pda_qaau0qm,--,,,,,,,,--,,,,,,,,
pda_mmOKa0m,Sig - off- Nest[c][ffffff]Catchall activate DB[-][/c] task [i][c][ff8000](OnBy: FightBoost) (OffBy: HackMsg2)[-][/c][/i],,,,,,,,Sig — выкл. — Nest[c][ffffff]Catchall активировать задание базы дронов[-][/c] [i][c][ff8000](OnBy: FightBoost) (OffBy: HackMsg2)[-][/c][/i],,,,,,,,
pda_SmiagSS,...,,,,,,,,...,,,,,,,,
pda_uSQmaWk,...,,,,,,,,...,,,,,,,,
pda_uaOm8qK,--,,,,,,,,--,,,,,,,,
pda_K0O0KgW,(Debug) - [c][8080ff]Autostarting with POI [-][/c]- Explode the starterCV when using test-teleporter,,,,,,,,(Отладка) — [c][8080ff]автозапуск с POI[-][/c] — взорвать стартовый CV при использовании тестового телепортера,,,,,,,,
pda_eKmAusW,(Exploding the ship...),,,,,,,,(Взрываем корабль...),,,,,,,,
pda_OumEwKO,... activating the teleporter,,,,,,,,... активация телепортера,,,,,,,,
pda_808SmKS,--,,,,,,,,--,,,,,,,,
pda_OC8KJqW,[c][0080ff](nPOI) [-][/c]-rw- [c][ffffff]Bike controls[-][/c] [i][c][ff8000](RwBy: Hoverbike place)[-][/c][/i],,,,,,,,[c][0080ff](nPOI)[-][/c] — rw — [c][ffffff]управление байком[-][/c] [i][c][ff8000](RwBy: Hoverbike place)[-][/c][/i],,,,,,,,
pda_m4KeuGq,...,,,,,,,,...,,,,,,,,
pda_4KqGCEG,...,,,,,,,,...,,,,,,,,
pda_eamGWOu,--,,,,,,,,--,,,,,,,,
pda_me8KKGa,"[u][c][ffffff]Hover controls:[-][/c][/u][c][ffffff][-][/c]\n\n[c][00ff00][Space][-][/c] to gain height, [c][00ff00][C[-][/c][c][00ff00]][-][/c] to lower it to the ground.\n\n[i][c][c0c0c0][sub](Land travel only. - Pick up after use)[/sub][-][/c][/i]",,,,,,,,"[u][c][ffffff]Управление ховером:[-][/c][/u][c][ffffff][-][/c]\n\n[c][00ff00][Пробел][-][/c] — набрать высоту, [c][00ff00][C][-][/c] — опустить к земле.\n\n[i][c][c0c0c0][sub](Только наземное передвижение. После использования подберите.)[/sub][-][/c][/i]",,,,,,,,
pda_4a8Me4C,Hoverbike,,,,,,,,Ховербайк,,,,,,,,
pda_WkOkOCn,...,,,,,,,,...,,,,,,,,
pda_0uGWei0,--,,,,,,,,--,,,,,,,,
pda_Ak0CK4C,(Debug) -Planet: Turn on swim message detectors,,,,,,,,(Отладка) — планета: включить детекторы сообщения о плавании,,,,,,,,
pda_i0SSsM8,activating water message,,,,,,,,активация сообщения о воде,,,,,,,,
pda_aSuiii4,...,,,,,,,,...,,,,,,,,
pda_WmqOSG4,--,,,,,,,,--,,,,,,,,
pda_Wm2WaqK,...,,,,,,,,...,,,,,,,,
pda_K0CiqmG,--,,,,,,,,--,,,,,,,,
pda_GSqSOWb,[i]< Sorry- - This is far beyond my hacking reach... [/i]\n[i]You have to [c][ffff00]be closer to the Farm[-][/c] for it to work...! >[/i],,,,,,,,"[i]< Простите... Это слишком далеко для моего взлома. [/i]\n[i]Чтобы это сработало, вам нужно [c][ffff00]быть ближе к ферме[-][/c]...! >[/i]",,,,,,,,
pda_KSe8e0q,[i]< ... Easy. >[/i],,,,,,,,[i]< ... Легко. >[/i],,,,,,,,
pda_Ge4qSKq,[i][c][c0c0c0]( Be close to the Farm... )[-][/c][/i],,,,,,,,[i][c][c0c0c0]( Будьте ближе к ферме... )[-][/c][/i],,,,,,,,
pda_CeuA0Sm,\n[c][ffff00]Please click again [-][/c]on the title: [c][ffffff]'This is a mission chapter'[-][/c],,,,,,,,"\n[c][ffff00]Пожалуйста, нажмите ещё раз[-][/c] на заголовок: [c][ffffff]«Это глава миссии»[-][/c]",,,,,,,,
pda_u8SaGiA,...,,,,,,,,...,,,,,,,,
pda_e4C8uCu,--,,,,,,,,--,,,,,,,,
pda_Aml88O0,[i]< Sorry- - This is far beyond my priming reach... [/i]\n[i]You have to [c][ffff00]be closer to the Farm[-][/c] for it to work...! >[/i],,,,,,,,"[i]< Простите... Это слишком далеко даже для моей подготовки. [/i]\n[i]Чтобы это сработало, вам нужно [c][ffff00]быть ближе к ферме[-][/c]...! >[/i]",,,,,,,,
pda_KSWeSW4,[i]< Fire in the hole ... ! >[/i],,,,,,,,[i]< Огонь в дыре...! >[/i],,,,,,,,
pda_ouuYKNK,[c][ff8080]B_Dstr[-][/c] - [c][00ffff]CalSig15[-][/c] - Arty[c][ffffff]CoreKill[-][/c] (OnBy:,,,,,,,,[c][ff8080]B_Dstr[-][/c] — [c][00ffff]CalSig15[-][/c] — артиллерия: [c][ffffff]уничтожение ядра[-][/c] (OnBy:,,,,,,,,
pda_a0QaWO4,...,,,,,,,,...,,,,,,,,
pda_am0nK04,...,,,,,,,,...,,,,,,,,
pda_eeI8weG,--,,,,,,,,--,,,,,,,,
pda_0GW6aG4,[c][ff8080]B_Dstr[-][/c] - [c][ff8080]N[-][/c] -off-  [c][00ffff]CalSig14[-][/c] - Arty SentryKill Norm [c][ff8080][i](OnByT: CloneHome)[/i][-][/c],,,,,,,,"[c][ff8080]B_Dstr[-][/c] — [c][ff8080]N[-][/c] — выкл. — [c][00ffff]CalSig14[-][/c] — уничтожение артиллерийского часового, обычный путь [c][ff8080][i](OnByT: CloneHome)[/i][-][/c]",,,,,,,,
pda_KeeaqSO,...,,,,,,,,...,,,,,,,,
pda_Gna49mG,...,,,,,,,,...,,,,,,,,
pda_OC00WwM,--,,,,,,,,--,,,,,,,,
pda_44AaeOq,[c][ff8080]BlcPlc[-][/c] - [c][00ffff]CalSig15[-][/c] - Arty [c][ffffff]core place[-][/c] (OnBy:,,,,,,,,[c][ff8080]BlcPlc[-][/c] — [c][00ffff]CalSig15[-][/c] — артиллерия: [c][ffffff]установить ядро[-][/c] (OnBy:,,,,,,,,
pda_K4SOamq,...,,,,,,,,...,,,,,,,,
pda_WmSWkiq,...,,,,,,,,...,,,,,,,,
pda_KuiCkGq,--,,,,,,,,--,,,,,,,,
pda_WWKuKCm,"[i]< Vulnerable to any weapon... [/i]\n[i]Although, [b]rocket launchers[/b] are best. >[/i]",,,,,,,,[i]< Уязвима для любого оружия... [/i]\n[i]Хотя [b]ракетницы[/b] лучше всего. >[/i],,,,,,,,
pda_CS0uuS0,Playtest - Planet: Foothold BA in reach,,,,,,,,Тестирование — планета: опорный пункт базы в пределах досягаемости,,,,,,,,
pda_gm44uuO,...,,,,,,,,...,,,,,,,,
pda_mO4SOGK,...,,,,,,,,...,,,,,,,,
pda_j8mu8ia,--,,,,,,,,--,,,,,,,,
pda_SWSKG4u,Claim Artillery Base,,,,,,,,Захватите артиллерийскую базу,,,,,,,,
pda_geBaS4w,...,,,,,,,,...,,,,,,,,
pda_OWeuieK,--,,,,,,,,--,,,,,,,,
pda_0e8mSOC,"[i]< You know it already... - [/i][i][c][ffff00]Claim this Base[-][/c]. >[/i]\n[i][/i]\n[i]< ... ""Find, and [c][ffffff]destroy the other Core[-][/c]. - Then [c][ffffff]place your own[-][/c].[/i]\n[i]That allows you to reach the Control Panel"" >[/i]",,,,,,,,[i]< Вы уже знаете... [c][ffff00]захватите эту базу[-][/c]. >[/i]\n\n[i]< ... «Найдите и [c][ffffff]уничтожьте другое ядро[-][/c]. Затем [c][ffffff]установите своё[-][/c].[/i]\n[i]Это позволит вам получить доступ к панели управления». >[/i],,,,,,,,
pda_CO4eSqm,"[i]< Okay, really good ! [/i]\n[i]All this Base now belongs to you. >[/i]",,,,,,,,"[i]< Хорошо, очень хорошо! [/i]\n[i]Теперь вся эта база принадлежит вам. >[/i]",,,,,,,,
pda_meiqG0W,"[i]< If you lack a [b]Core [/b]- [/i]\n[i]... There seems to be one left, in a [c][ffffff]Repository[-][/c] Container of this Base. >[/i]",,,,,,,,"[i]< Если у вас нет [b]ядра[/b]... [/i]\n[i]... Похоже, одно осталось в контейнере [c][ffffff]хранилища[-][/c] этой базы. >[/i]",,,,,,,,
pda_KSaOWaK,- [b]Access[/b] it with [c][00ff00][F][-][/c],,,,,,,,- Получите [b]доступ[/b] клавишей [c][00ff00][F][-][/c],,,,,,,,
pda_0MEiGiJ,--,,,,,,,,--,,,,,,,,
pda_0GKe4EG,_________ [i](Foothold)[/i],,,,,,,,_________ [i](Опорный пункт)[/i],,,,,,,,
pda_K0giiWi,--,,,,,,,,--,,,,,,,,
pda_eO4Cqae,--,,,,,,,,--,,,,,,,,
pda_KWGOqiG,--,,,,,,,,--,,,,,,,,
pda_SmiGmKS,[i]< [c][ffffff]Starters [-][/c]are the only blocks that you can [c][ffff00]place directly on ground[-][/c]. >[/i],,,,,,,,"[i]< [c][ffffff]Стартовые блоки[-][/c] — единственные блоки, которые можно [c][ffff00]размещать прямо на земле[-][/c]. >[/i]",,,,,,,,
pda_eUuFigq,BlcPlc - off- Catchall: CloneCh on Junk [c][ff8000][i](OnBy: ZiraxHostile & )[/i][-][/c],,,,,,,,BlcPlc — выкл. — общий обработчик: глава клонов на хламе [c][ff8000][i](OnBy: ZiraxHostile & )[-][/c][/i],,,,,,,,
pda_5GLeO4q,"[i]A ""junk"" Base ...?[/i]",,,,,,,,[i]База из «хлама»...?[/i],,,,,,,,
pda_8044KGO,...,,,,,,,,...,,,,,,,,
pda_0OSeG48,--,,,,,,,,--,,,,,,,,
pda_ireK4KS,"[i]< Huh? - - Um, yes... [/i][b]That[/b][b][/b][i] is also possible! >[/i]\n[i][/i]\n[i]< ... Any [b]junk you see here could be an own Base[/b]...! >[/i]\n[i][/i]\n[i]< Starter blocks just allow to build something fron scratch ...[/i] >",,,,,,,,"[i]< А? Эм, да... [b]Это[/b] тоже возможно! >[/i]\n\n[i]< ... Любой [b]хлам, который вы здесь видите, может быть отдельной базой[/b]...! >[/i]\n\n[i]< Стартовые блоки лишь позволяют строить что-то с нуля... >[/i]",,,,,,,,
pda_qiq8CSa,[i]Needs a Core ...![/i],,,,,,,,[i]Нужно ядро...![/i],,,,,,,,
pda_s4G4CCi,...,,,,,,,,...,,,,,,,,
pda_ESK4SWa,--,,,,,,,,--,,,,,,,,
pda_meCq0EG,"[i]< But to turn this box into a 'real' Base, it then [c][ffff00]needs a Core[-][/c] ! >[/i]\n[i][/i]\n[i]< Otherwise you cannot reach the Control Panel ... >[/i]",,,,,,,,"[i]< Но чтобы превратить этот ящик в «настоящую» базу, ему понадобится [c][ffff00]ядро[-][/c]! >[/i]\n\n[i]< Иначе вы не сможете получить доступ к панели управления... >[/i]",,,,,,,,
pda_a844i0W,[c][ff80ff]OFF[-][/c] ItmPck - OtherFood [c][ff8000][i](offBy: PlantProt)[/i][-][/c],,,,,,,,[c][ff80ff]ВЫКЛ.[-][/c] ItmPck — другая еда [c][ff8000][i](offBy: PlantProt)[/i][-][/c],,,,,,,,
pda_G4OiuCK,...,,,,,,,,...,,,,,,,,
pda_m4SGCiW,...,,,,,,,,...,,,,,,,,
pda_OAiqKKu,--,,,,,,,,--,,,,,,,,
pda_uWmqCWi,[i]<  This - I cannot recognize it ... [/i]\n[i]- Could you maybe search further ...? [/i][i]>[/i],,,,,,,,"[i]< Я не могу это распознать... [/i]\n[i]— Может, вы поищете дальше...? >[/i]",,,,,,,,
pda_Gm6e800,...,,,,,,,,...,,,,,,,,
pda_80AuNga,--,,,,,,,,--,,,,,,,,
pda_ua00a7m,[i]< Good stuff ! >[/i]\n[i][/i]\n[i]< ... But still [c][ffff00]needs a bit more[-][/c] Carbon ... >[/i],,,,,,,,[i]< Хорошие вещи! >[/i]\n\n[i]< ... Но всё ещё нужно немного больше [c][ffff00]углерода[-][/c]... >[/i],,,,,,,,
pda_0muGSqi,...,,,,,,,,...,,,,,,,,
pda_00OeuYG,--,,,,,,,,--,,,,,,,,
pda_S8isuum,"[i]< But, I have seen people getting [b]sick [/b]from eating this raw  ... >[/i]\n\n[i]< [/i][i]It also [c][ffffff]spoils [-][/c]fast. >[/i]",,,,,,,,"[i]< Но я видел, как люди заболевали, поев это сырым... >[/i]\n\n[i]< Оно также быстро [c][ffffff]портится[-][/c]. >[/i]",,,,,,,,
pda_aGaCu48,[i]< Your [b]suit[/b] helmet has an integrated [/i][c][ffffff]light. [-][/c]\n... [c][ffff00]Turn it on[-][/c] with [c][00ff00][L][-][/c].[i] >[/i],,,,,,,,[i]< В шлем вашего [b]скафандра[/b] встроен [c][ffffff]фонарь[-][/c].\n... [c][ffff00]Включите его[-][/c] клавишей [c][00ff00][L][-][/c]. >[/i],,,,,,,,
pda_q2K0iOO,[i]< Your [b]suit[/b] helmet has an integrated [/i][c][ffffff]light. [-][/c]\n... [c][ffff00]Turn it on[-][/c] with [c][00ff00][L][-][/c].[i] >[/i],,,,,,,,[i]< В шлем вашего [b]скафандра[/b] встроен [c][ffffff]фонарь[-][/c].\n... [c][ffff00]Включите его[-][/c] клавишей [c][00ff00][L][-][/c]. >[/i],,,,,,,,
pda_u4OU8m8,[c][0080ff](nPOI_2)[-][/c] - rw -[c][ff8080]V[-][/c]- [c][ffffff]1BridgeHoverbike[-][/c] [c][ff8000][i](RwBy:1BridgToTask3) (OffBy: BikeFound & BikeCrafted) [/i]>C_On[-][/c],,,,,,,,[c][0080ff](nPOI_2)[-][/c] — rw — [c][ff8080]V[-][/c] — [c][ffffff]1-й мост: ховербайк[-][/c] [c][ff8000][i](RwBy:1BridgToTask3) (OffBy: BikeFound & BikeCrafted) >C_On[-][/c],,,,,,,,
pda_CO4u0OG,Back to Crafting,,,,,,,,Вернуться к созданию,,,,,,,,
pda_CGOCuqi,...,,,,,,,,...,,,,,,,,
pda_u0eeaSE,--,,,,,,,,--,,,,,,,,
pda_ueWiSqe,"[i]< - Now, there's all the time to prepare some [b]better gear.[/b] [/i][i]>[/i]\n[i][/i]\n[i]< Please [c][ffff00]access the Portable Constructor[-][/c] again - >[/i]",,,,,,,,"[i]< Теперь есть время подготовить [b]снаряжение получше[/b]. >[/i]\n\n[i]< Пожалуйста, снова [c][ffff00]откройте переносной конструктор[-][/c]. >[/i]",,,,,,,,
pda_40G4GeG,Access Portable Constructor,,,,,,,,Откройте переносной конструктор,,,,,,,,
pda_KGiMai0,--,,,,,,,,--,,,,,,,,
pda_oSWWOOh,Sig -rw- [c][ffffff]HRLoot Remider[-][/c] [c][ff8000][i](Rwby: HeatRadEarly & GoToHeatRad)  (OffBy: BoomHeal)[/i][-][/c],,,,,,,,Sig — rw — напоминание о [c][ffffff]добыче в зоне жары и радиации[-][/c] [c][ff8000][i](Rwby: HeatRadEarly & GoToHeatRad) (OffBy: BoomHeal)[/i][-][/c],,,,,,,,
pda_qCWimau,[i](Missing loot?)[/i],,,,,,,,[i](Не хватает добычи?)[/i],,,,,,,,
pda_q4ae4G4,...,,,,,,,,...,,,,,,,,
pda_KCoSJC8,--,,,,,,,,--,,,,,,,,
pda_a6eeWCm,[i]< ... [/i][i]I think ... the [c][ffff00]Cargo Palette in this cellar[-][/c] has good loot...[/i]\n[i]- Putting a marker on it ! >[/i],,,,,,,,"[i]< ... Думаю, в [c][ffff00]грузовой паллете в этом подвале[-][/c] есть хорошая добыча...[/i]\n[i]— Ставлю на неё маркер! >[/i]",,,,,,,,
pda_m8WCOKo,[c][0080ff]Mrk[-][/c] - rw- Reminder[c][ffffff]HRCargo [-][/c][c][ff8000][i](RwBy: HRLootRemind) (OffBy: HR BoomHeal)[/i][-][/c],,,,,,,,[c][0080ff]Mrk[-][/c] — rw — напоминание: груз в зоне жары/радиации [c][ffffff][-][/c] [c][ff8000][i](RwBy: HRLootRemind) (OffBy: HR BoomHeal)[/i][-][/c],,,,,,,,
pda_imKauSU,...,,,,,,,,...,,,,,,,,
pda_uq8qi8K,...,,,,,,,,...,,,,,,,,
pda_ei80iuO,--,,,,,,,,--,,,,,,,,
pda_qW84l8K,"______________ [i]( WeatherStation, Other )[/i]",,,,,,,,"______________ [i](Метеостанция, другое)[/i]",,,,,,,,
pda_4AeSWC4,--,,,,,,,,--,,,,,,,,
pda_u4GeKSe,--,,,,,,,,--,,,,,,,,
pda_mOZ0m8O,--,,,,,,,,--,,,,,,,,
pda_OeauOea,...,,,,,,,,...,,,,,,,,
pda_OOa8AKq,--,,,,,,,,--,,,,,,,,
pda_0OchCe8,...,,,,,,,,...,,,,,,,,
pda_04i4S0G,--,,,,,,,,--,,,,,,,,
pda_40qKuWO,Playtest: Entering weather station (Standard path),,,,,,,,Тестирование: вход на метеостанцию (стандартный путь),,,,,,,,
pda_qaKA4YC,...,,,,,,,,...,,,,,,,,
pda_YmWx60F,...,,,,,,,,...,,,,,,,,
pda_eXSCoe8,--,,,,,,,,--,,,,,,,,
pda_wOMm4G2,Debug - Farm door mission primer,,,,,,,,Отладка — подготовка миссии с дверью фермы,,,,,,,,
pda_m8eGSO0,...,,,,,,,,...,,,,,,,,
pda_0OiWeiK,...,,,,,,,,...,,,,,,,,
pda_0XoKSmn,--,,,,,,,,--,,,,,,,,
pda_W8i1u4m,[c][ff80ff]Test -OFF[-][/c] - rw - [c][00ffff]CAL [-][/c]Opened Mission PDA,,,,,,,,[c][ff80ff]Тест — ВЫКЛ.[-][/c] — rw — [c][00ffff]CAL[-][/c] — открыта миссия PDA,,,,,,,,
pda_qKGaRqe,Select a mission,,,,,,,,Выберите миссию,,,,,,,,
pda_Gn4qamS,[c][c0c0c0][i]- PDA [/i][ F1 ] [i]: Have [/i][-][/c][c][00ff00][b][[Tutorial]] [/b][-][/c][c][c0c0c0][i][b]tab[/b] [/i][-][/c][c][c0c0c0][i][b]selected[/b].)\n--[/i][-][/c]\n- Click on a mission from left PDA list,,,,,,,,[c][c0c0c0][i]— PDA [/i][F1][i]: выберите вкладку [/i][-][/c][c][00ff00][b][[Обучение]][/b][-][/c][c][c0c0c0][i][b].[/b][/i][-][/c]\n--\n- Выберите миссию в левом списке PDA.,,,,,,,,
pda_YlKI0qe,--,,,,,,,,--,,,,,,,,
pda_KWmGCYH,[i]< ... Let's check [c][ffffff]inside[-][/c]... >[/i],,,,,,,,[i]< ... Давайте осмотримся [c][ffffff]внутри[-][/c]... >[/i],,,,,,,,
pda_OOequOW,Entering the Farm,,,,,,,,Вход на ферму,,,,,,,,
pda_uWCqqqi,"Open PDA [c][00ff00][ F1 ] [-][/c], [[Tutorial]] tab, choose a mission",,,,,,,,"Откройте PDA [c][00ff00][F1][-][/c], вкладка [[Обучение]], выберите миссию",,,,,,,,
pda_0CWK0OK,--,,,,,,,,--,,,,,,,,
pda_Csa84ad,"[i]< Your [c][ffffff]choice[-][/c]. >[/i]\n\n[i]< Please, [c][ffff00]select a mission[-][/c] in the PDA [c][00ff00][ F1 ] [-][/c]. [/i]\n[i]Tell me how to proceed. >[/i]",,,,,,,,"[i]< Ваш [c][ffffff]выбор[-][/c]. >[/i]\n\n[i]< Пожалуйста, [c][ffff00]выберите миссию[-][/c] в PDA [c][00ff00][F1][-][/c]. [/i]\n[i]Скажите мне, как действовать дальше. >[/i]",,,,,,,,
pda_C4CuEWC,"\n[u][c][ffffff]PDA mission[-][/c][/u]:\n[sub][i][c][c0c0c0]([c][ffff00]Tutorial [-][/c]tab)[-][/c][/i][/sub]\n\n[c][ffff00]Select one[-][/c] from the left list, \nthen press  [c][00ff00][[Activate]][-][/c] button below.",,,,,,,,"\n[u][c][ffffff]Миссия PDA[-][/c][/u]:\n[sub][i][c][c0c0c0]([c][ffff00]вкладка «Обучение»[-][/c])[-][/c][/i][/sub]\n\n[c][ffff00]Выберите одну[-][/c] из списка слева,\nзатем нажмите кнопку [c][00ff00][[Активировать]][-][/c] внизу.",,,,,,,,
pda_SW8uq0u,[i]< This thing is full to the brim with [c][ffffff]survival templates .[-][/c].. >[/i]\n\n[i]< Maybe some better [b]transportation[/b] ...? [/i]\n[i]- Let's see ... [/i][i]- Just one sec ... >[/i],,,,,,,,"[i]< Эта штука набита [c][ffffff]шаблонами для выживания[-][/c]... >[/i]\n\n[i]< Может, найдётся транспорт получше...? [/i]\n[i]— Давайте посмотрим... Секунду... >[/i]",,,,,,,,
pda_8GCeWha,[-],,,,,,,,[-],,,,,,,,
pda_K0ea4WC,[i](Pilot the ship ...)[/i],,,,,,,,[i](Управляйте кораблём...)[/i],,,,,,,,
pda_KKoOWWf,--,,,,,,,,--,,,,,,,,
pda_iKG8qGG,"[c][0080ff]nPOI[-][/c] - off-[c][ff8080]V[-][/c]- [c][ffffff]TurnBackToCopper[-][/c][c][ff8000] [i](OnBy: Sprin&ResNote) (OffBy: WeatherToCopper, [/i][i]EnterMine, Cu Drone )[/i][-][/c]",,,,,,,,"[c][0080ff]nPOI[-][/c] — выкл. — [c][ff8080]V[-][/c] — [c][ffffff]вернуться к меди[-][/c] [c][ff8000][i](OnBy: Sprin&ResNote) (OffBy: WeatherToCopper, EnterMine, Cu Drone)[/i][-][/c]",,,,,,,,
pda_OuCCa44,...,,,,,,,,...,,,,,,,,
pda_e0aCre0,...,,,,,,,,...,,,,,,,,
pda_OaieqSK,--,,,,,,,,--,,,,,,,,
pda_KK44WuQ,"[c][0080ff]Mrk[-][/c] - Copper[c][ffffff]TowerReminder[-][/c] [i][c][ff8000](OnBy:TurnBackCop)  (OffBy: EnterMine, CuDrone, UsedConsole)[-][/c][/i]",,,,,,,,"[c][0080ff]Mrk[-][/c] — напоминание о [c][ffffff]медной башне[-][/c] [i][c][ff8000](OnBy:TurnBackCop) (OffBy: EnterMine, CuDrone, UsedConsole)[-][/c][/i]",,,,,,,,
pda_4e4eeaY,...,,,,,,,,...,,,,,,,,
pda_uWESm4S,...,,,,,,,,...,,,,,,,,
pda_S400Gek,--,,,,,,,,--,,,,,,,,
pda_eW4iiSO,"[i]< [/i][i][c][ffffff]Behind you... ![-][/c] - [/i]\n[i]-[/i][i]There seems to be a [c][ffff00]very large building[-][/c], on the island you just left. [/i]\n[i]It could offer us some clues, where we are ...? >[/i]\n\n[i]< ... Putting a [c][ffff00]Marker [-][/c]on it!  >[/i]",,,,,,,,"[i]< [c][ffffff]Позади вас...![-][/c] [/i]\n[i]На острове, который вы только что покинули, похоже, есть [c][ffff00]очень большое здание[-][/c]. [/i]\n[i]Оно может дать нам подсказки, где мы находимся...? >[/i]\n\n[i]< ... Ставлю на него [c][ffff00]маркер[-][/c]! >[/i]",,,,,,,,
pda_QG0aqW8,"[c][0080ff]nPOI[-][/c] - off- [c][ff8080]V[-][/c]- [c][ffffff]Offtrack Farm[-][/c]Cluster Hint[c][ff8000] [i](OnBy: Sprint&Res) (Offby: EnterMine, CuDrone)[/i][-][/c]",,,,,,,,"[c][0080ff]nPOI[-][/c] — выкл. — [c][ff8080]V[-][/c] — [c][ffffff]ферма в стороне от маршрута[-][/c] [c][ff8000][i](OnBy: Sprint&Res) (Offby: EnterMine, CuDrone)[/i][-][/c]",,,,,,,,
pda_4mOOi74,[i](Off the beaten Track)[/i],,,,,,,,[i](В стороне от проторённой дороги)[/i],,,,,,,,
pda_82O8WS4,...,,,,,,,,...,,,,,,,,
pda_0Wi0c8e,--,,,,,,,,--,,,,,,,,
pda_qeOXee8,"[i]< I cannot stop to wonder, if we [b][c][ff8000]somehow missed some important things [-][/c][/b]back where we came from.... >[/i]\n\n[c][ffffff]--------[-][/c]\n[c][ffffff]([b]Tutorial[/b]: Skipped info on Tool Drone, Healing of afflictions...? )[-][/c]",,,,,,,,"[i]< Не могу перестать думать: может, мы [b][c][ff8000]упустили что-то важное[-][/c][/b] там, откуда пришли... >[/i]\n\n[c][ffffff]--------[-][/c]\n[c][ffffff]([b]Обучение[/b]: пропущена информация о дроне-инструменте, лечении недугов...?) [-][/c]",,,,,,,,
pda_8CW40u4,_____________[b] [i]Player[c][ffff00] SKIP [-][/c]WARNINGS[/i] [/b] ______________,,,,,,,,_____________[b] [i]ПРЕДУПРЕЖДЕНИЯ О ПРОПУСКЕ ИГРОКОМ[/i] [/b] ______________,,,,,,,,
pda_KOeemGe,--,,,,,,,,--,,,,,,,,
pda_WqMKUCa,--,,,,,,,,--,,,,,,,,
pda_0OOOCea,--,,,,,,,,--,,,,,,,,
pda_KOwKiSC,_________ [i](Checking to progress to Settlement)[/i],,,,,,,,_________ [i](Проверка перехода к поселению)[/i],,,,,,,,
pda_OeeKqYa,--,,,,,,,,--,,,,,,,,
pda_G8OQmea,--,,,,,,,,--,,,,,,,,
pda_seGKC89,--,,,,,,,,--,,,,,,,,
pda_uGSmKW4,Sig -rw- Player at [c][ffffff]MineBottom[-][/c] [i][c][ff8000](RwBy: EnterSignal) [-][/c][c][ff8000](OffBy: CuDrone)[-][/c][/i],,,,,,,,Sig — rw — игрок у [c][ffffff]дна шахты[-][/c] [i][c][ff8000](RwBy: EnterSignal) (OffBy: CuDrone)[-][/c][/i],,,,,,,,
pda_uiWusRW,...,,,,,,,,...,,,,,,,,
pda_4qmSGi8,...,,,,,,,,...,,,,,,,,
pda_iacuWHq,--,,,,,,,,--,,,,,,,,
pda_4iOj8su,"[i]< Well, nevermind... >[/i]",,,,,,,,[i]< Ну и ладно... >[/i],,,,,,,,
pda_CuUW8GK,[c][ff8080]ResD[-][/c] -on- [c][80ffff]CalSig5[-][/c] - [c][ffffff]CopperDiscover[-][/c] [c][ff8000][i](OffBy: NewShores) >C_On[/i][-][/c],,,,,,,,[c][ff8080]ResD[-][/c] — вкл. — [c][80ffff]CalSig5[-][/c] — [c][ffffff]найдена медь[-][/c] [c][ff8000][i](OffBy: NewShores) >C_On[/i][-][/c],,,,,,,,
pda_0O0OAKm,[i](Discovered: Copper)[/i],,,,,,,,[i](Обнаружено: медь)[/i],,,,,,,,
pda_44WiKi4,...,,,,,,,,...,,,,,,,,
pda_4O0SGaa,--,,,,,,,,--,,,,,,,,
pda_i48eSG8,Sig - On-[c][80ffff] CalSig6 [-][/c]-[c][ffffff]EnterSignal[-][/c] Mine >C_Rw,,,,,,,,Sig — вкл. — [c][80ffff]CalSig6[-][/c] — [c][ffffff]сигнал входа[-][/c] в шахту >C_Rw,,,,,,,,
pda_quaWGOi,...,,,,,,,,...,,,,,,,,
pda_0aSWeGW,...,,,,,,,,...,,,,,,,,
pda_KmSWaKW,--,,,,,,,,--,,,,,,,,
pda_WmKmOWX,[c][ffff00]Get inside[-][/c] of the mining tower,,,,,,,,[c][ffff00]Войдите[-][/c] в горную башню,,,,,,,,
pda_aG4OejS,--,,,,,,,,--,,,,,,,,
pda_OuYOqOO,[c][ffff00]Get inside[-][/c] of the mining tower,,,,,,,,[c][ffff00]Войдите[-][/c] в горную башню,,,,,,,,
pda_Wi4uiim,--,,,,,,,,--,,,,,,,,
pda_CquWSeW,[i]< A [b]Copper [/b][c][ffffff]Deposit[-][/c]! >[/i],,,,,,,,[i]< [b]Залежь[/b] [c][ffffff]меди[-][/c]! >[/i],,,,,,,,
pda_M0OaKde,...,,,,,,,,...,,,,,,,,
pda_CwSEC44,--,,,,,,,,--,,,,,,,,
pda_CKuu4q0,"[i]< This tower seems too [b]old [/b]... >[/i]\n\n[i]< But the [c][ffffff]Copper [-][/c]could be still [b]useful[/b]. [/i]\n[i]- [/i][i]On this planet, Copper is rare[b]. [/b]>[/i]",,,,,,,,[i]< Эта башня кажется слишком [b]старой[/b]... >[/i]\n\n[i]< Но [c][ffffff]медь[-][/c] всё ещё может быть [b]полезной[/b]. [/i]\n[i]— На этой планете медь редка. >[/i],,,,,,,,
pda_4eKGCGi,...,,,,,,,,...,,,,,,,,
pda_WGK7aqS,--,,,,,,,,--,,,,,,,,
pda_0GG0aC8,"[i]< Your suit seems equipped with a[/i][i][c][ffff00] Tool Drone[-][/c][c][00ff00] [ F5 ][-][/c] ! >[/i]\n\n[i] < - [b]Tunnelling[/b] is [b]fun[/b], [/i]\n[i]-  ...But this could be much [b]more [/b][c][ffffff]comfortable[-][/c]. >[/i]",,,,,,,,"[i]< Похоже, ваш скафандр оснащён [c][ffff00]дроном-инструментом[-][/c] [c][00ff00][F5][-][/c]! >[/i]\n\n[i]< Прокладывать [b]туннели[/b] весело, [/i]\n[i]но так это будет гораздо [b]удобнее[-][/b]. >[/i]",,,,,,,,
pda_GuiWiGa,[c][ffffff]1 - [b]Move the Armor[/b][-][/c]\ninto the 'Armor' slot[i]\n[c][c0c0c0](Right of Character)[-][/c][/i],,,,,,,,[c][ffffff]1 — [b]Переместите броню[/b][-][/c]\nв слот «Броня»\n[i][c][c0c0c0](справа от персонажа).[-][/c][/i],,,,,,,,
pda_C8uCsOm,--,,,,,,,,--,,,,,,,,
pda_4840Oq0,-  Put the [c][ffff00]EVA booster into the slot to the left[-][/c] of your character.,,,,,,,,- Поместите [c][ffff00]EVA-усилитель в слот слева[-][/c] от персонажа.,,,,,,,,
pda_e0eG80K,[c][ffffff]2 - [b]Add EVA Booster[/b][-][/c] to\nthe 'Boosters' slots\n[i][c][c0c0c0](Left of Character)[-][/c][/i],,,,,,,,[c][ffffff]2 — [b]Добавьте EVA-усилитель[/b][-][/c]\nв слоты «Усилители»\n[i][c][c0c0c0](слева от персонажа).[-][/c][/i],,,,,,,,
pda_mSuGBKG,--,,,,,,,,--,,,,,,,,
pda_u8iSaO0,[c][0080ff]Mrk[-][/c] -rw- Teleporter Location New [i][c][ff8000](RwBy: Tele&Core)[-][/c] (OffBy: Same)[/i],,,,,,,,[c][0080ff]Mrk[-][/c] — rw — новое расположение телепортера [i][c][ff8000](RwBy: Tele&Core) (OffBy: Same)[-][/c],,,,,,,,
pda_4mamueC,...,,,,,,,,...,,,,,,,,
pda_C00mGU4,...,,,,,,,,...,,,,,,,,
pda_S08muOm,--,,,,,,,,--,,,,,,,,
pda_Jm4S0qi,...,,,,,,,,...,,,,,,,,
pda_aW4e58q,--,,,,,,,,--,,,,,,,,
pda_84qi8WK,[i]< Please [c][ffffff]hurry ![-][/c][c][ffffff][-][/c][/i]\n[i] Trying to ... [/i]> [c][c0c0c0]Chirp[-][/c][i] < convince these drones of the[/i][b][i] joys of mining[/i][/b][i] ... >[/i],,,,,,,,"[i]< Пожалуйста, [c][ffffff]поторопитесь![-][/c] [/i]\n[i]Пытаюсь... > [c][c0c0c0]Чирик[-][/c][i] < убедить этих дронов в [b]прелестях добычи[/b]... >[/i]",,,,,,,,
pda_uc8GWqg,"[c][c0c0c0][i](To turn off Oxygen markers:[/i][-][/c]\n[i][c][00ff00][N][-][/c] [/i][c][c0c0c0][i], deselect checkbox)[/i][-][/c]",,,,,,,,"[c][c0c0c0][i](Чтобы отключить маркеры кислорода:[/i][-][/c]\n[i][c][00ff00][N][-][/c][/i][c][c0c0c0][i], снимите флажок.)[/i][-][/c]",,,,,,,,
pda_UKwm8qS,--,,,,,,,,--,,,,,,,,
pda_0usPW8q,[c][c0c0c0][sup](Close locker)[/sup][-][/c],,,,,,,,[c][c0c0c0][sup](Закройте шкафчик.)[/sup][-][/c],,,,,,,,
pda_0KRGq00,--,,,,,,,,--,,,,,,,,
pda_Gm0eQ04,[i]( Close the window with[/i][i][/i][c][00ff00][ F][-][/c] [i]or [/i][ESC][i][/i][i])[/i],,,,,,,,[i](Закройте окно клавишей [/i][c][00ff00][F][-][/c][i] или [/i][ESC][i].)[/i],,,,,,,,
pda_G8eS4Wm,[-],,,,,,,,[-],,,,,,,,
pda_CaCgOq8,Farm is behind you,,,,,,,,Ферма позади вас,,,,,,,,
pda_Cw44KKO,New Action,,,,,,,,Новое действие,,,,,,,,
pda_4q8e2qm,--,,,,,,,,--,,,,,,,,
pda_ZCWmWKe,[-],,,,,,,,[-],,,,,,,,
pda_iSi4S4a,--,,,,,,,,--,,,,,,,,
pda_8qaauaa,[-],,,,,,,,[-],,,,,,,,
pda_0OKK4We,--,,,,,,,,--,,,,,,,,
pda_6aa4auI,...,,,,,,,,...,,,,,,,,
pda_4eSZGCe,--,,,,,,,,--,,,,,,,,
pda_uaWKWOu,[c][ff8080]Kill[-][/c] - [c][80ffff]CalSig8a[-][/c] - [c][ffffff]RoboShot[-][/c],,,,,,,,[c][ff8080]Убийство[-][/c] — [c][80ffff]CalSig8a[-][/c] — [c][ffffff]робот уничтожен[-][/c],,,,,,,,
pda_igG4iiW,[i](Robot destroyed)[/i],,,,,,,,[i](Робот уничтожен.)[/i],,,,,,,,
pda_m0m4MGm,...,,,,,,,,...,,,,,,,,
pda_KOKGKWC,--,,,,,,,,--,,,,,,,,
pda_SCOGS0s,[c][ff8080]B_Destr[-][/c] - [c][80ffff]Calsig8b[-][/c] - [c][ffffff]PadShot[-][/c][i][c][ff8040] >C_Off[-][/c][/i],,,,,,,,[c][ff8080]B_Destr[-][/c] — [c][80ffff]Calsig8b[-][/c] — [c][ffffff]площадка уничтожена[-][/c][i][c][ff8040] >C_Off[-][/c][/i],,,,,,,,
pda_O0eoOu0,[i](Teleport pad destroyed)[/i],,,,,,,,[i](Телепортная площадка уничтожена.)[/i],,,,,,,,
pda_OKOOKKu,...,,,,,,,,...,,,,,,,,
pda_mmmTaOK,--,,,,,,,,--,,,,,,,,
pda_aeOeSKu,Sig- [c][ffffff]PadWarn[-][/c] ([c][80ffff]TrigBy: [-][/c]CalSig8a&b),,,,,,,,Sig — [c][ffffff]предупреждение о площадке[-][/c] ([c][80ffff]TrigBy:[-][/c] CalSig8a&b),,,,,,,,
pda_3aWCqq8,Destroy Pad,,,,,,,,Уничтожьте площадку,,,,,,,,
pda_0amcm4S,...,,,,,,,,...,,,,,,,,
pda_SWmWu44,--,,,,,,,,--,,,,,,,,
pda_qae8Oae,[c][0080ff]Mrk (nUnit) [-][/c]- Destroy[c][ffffff]Arty Core[-][/c] [i][c][ff8000](OnOffBy: ArtilleryBase)[-][/c][/i],,,,,,,,[c][0080ff]Mrk (nUnit)[-][/c] — уничтожить [c][ffffff]ядро артиллерии[-][/c] [i][c][ff8000](OnOffBy: ArtilleryBase)[-][/c][/i],,,,,,,,
pda_t6M8044,...,,,,,,,,...,,,,,,,,
pda_Wi4e0vC,...,,,,,,,,...,,,,,,,,
pda_Giqu880,--,,,,,,,,--,,,,,,,,
pda_auiqiiK,[c][0080ff]Mrk(nUnit)[-][/c] - Arty [c][ffffff]Toolbox[-][/c] [i][c][ff8000](OnOffBy: ArtilleryBase)[-][/c][/i],,,,,,,,[c][0080ff]Mrk(nUnit)[-][/c] — артиллерийский [c][ffffff]ящик с инструментами[-][/c] [i][c][ff8000](OnOffBy: ArtilleryBase)[-][/c][/i],,,,,,,,
pda_GOD8q0K,...,,,,,,,,...,,,,,,,,
pda_OimGKei,...,,,,,,,,...,,,,,,,,
pda_qOOae8q,--,,,,,,,,--,,,,,,,,
pda_STiYKsG,"[c][0080ff]Mrk [-][/c]- rw- [c][ffffff]PadMark[-][/c] ([c][ff8000]RwBy: RoboShot, OffBy: PadShot[-][/c], Shoot&Core, changeZiraxHostile)",,,,,,,,"[c][0080ff]Mrk[-][/c] — rw — [c][ffffff]маркер площадки[-][/c] [c][ff8000](RwBy: RoboShot, OffBy: PadShot, Shoot&Core, changeZiraxHostile)[-][/c]",,,,,,,,
pda_mGWemmJ,...,,,,,,,,...,,,,,,,,
pda_C8i004Y,...,,,,,,,,...,,,,,,,,
pda_ma404aO,--,,,,,,,,--,,,,,,,,
pda_X8G04Ca,...,,,,,,,,...,,,,,,,,
pda_iKWOe0q,--,,,,,,,,--,,,,,,,,
pda_0KkWuKZ,"[i]< Before you go to the Dronebase - >\n\n< This is still [b]dangerous[/b]...\nBetter you have a 'foothold', a [c][ffff00]safe place[-][/c] on this island, first? >[/i]",,,,,,,,"[i]< Прежде чем идти к базе дронов... >[/i]\n\n[i]< Там всё ещё [b]опасно[/b]...\nЛучше сначала обзавестись на этом острове опорным пунктом — [c][ffff00]безопасным местом[-][/c], верно? >[/i]",,,,,,,,
pda_aWWO8OX,< Good. >,,,,,,,,< Хорошо. >,,,,,,,,
pda_44qSyOW,"[i]< On the floor - That's a [c][ffffff]Zirax teleport pad[-][/c]. >[/i]\n\n[i]< You have to [c][ffff00]destroy it[-][/c], too. [/i]\n[i]- Or there will be [b]reinforcements [/b]shortly. >[/i]",,,,,,,,[i]< На полу — [c][ffffff]телепортная площадка зираксов[-][/c]. >[/i]\n\n[i]< Её тоже нужно [c][ffff00]уничтожить[-][/c]. [/i]\n[i]Иначе скоро прибудет [b]подкрепление[/b]. >[/i],,,,,,,,
pda_GQ4a0mS,Hostiles detected...,,,,,,,,Обнаружены враги...,,,,,,,,
pda_WC0amWa,Destroy Hostile Robot,,,,,,,,Уничтожьте враждебного робота,,,,,,,,
pda_8C04uCO,---,,,,,,,,---,,,,,,,,
pda_0O8eSAG,Destroy Teleport Pad[i]\n[sup][c][c0c0c0](Enemy respawn point)[-][/c][/sup][/i],,,,,,,,Уничтожьте телепортную площадку[i]\n[sup][c][c0c0c0](Точка возрождения врагов.)[-][/c][/sup][/i],,,,,,,,
pda_eGamWSO,---,,,,,,,,---,,,,,,,,
pda_OSCq0KI,[i]( Danger )[/i],,,,,,,,[i](Опасность)[/i],,,,,,,,
pda_eoomeOC,...,,,,,,,,...,,,,,,,,
pda_bOiWeme,--,,,,,,,,--,,,,,,,,
pda_VKG0CuC,"\n\n\n[c][c0c0c0][sup][i](T[b]utorial Note:[/b] Pad is vulnerable, block below it might be too hard)[/i][/sup][-][/c]",,,,,,,,"\n\n\n[c][c0c0c0][sup][i](Примечание к [b]обучению:[/b] площадка уязвима, но блок под ней может оказаться слишком прочным.)[/i][/sup][-][/c]",,,,,,,,
pda_SCu8Om8,---,,,,,,,,---,,,,,,,,
pda_SqeeWiW,[c][0080ff](nPOI2)[-][/c] -rw- [c][ffffff]CntrlHV[-][/c] Steering  [c][ff8000][i](RwBy: HVrider)[/i][-][/c],,,,,,,,[c][0080ff](nPOI2)[-][/c] — rw — [c][ffffff]управление ховерным судном[-][/c] [c][ff8000][i](RwBy: HVrider)[/i][-][/c],,,,,,,,
pda_iGOemui,[c][ffff00]Travel to northern Island[-][/c],,,,,,,,[c][ffff00]Отправляйтесь на северный остров[-][/c],,,,,,,,
pda_WaOSem4,[u]Hover Controls[/u]:\n\n[b]Upright[/b]: [c][00ff00][Shift][-][/c]\n[b]Horizont align[/b]:  [c][00ff00][O][-][/c]\n\n---------------------\n[sup]Hover height:\n[c][00ff00][Space][-][/c] / [c][00ff00][ C ][-][/c][/sup]\n[sup]Main Power: [c][00ff00][Z] [-][/c](Y)[/sup],,,,,,,,[u]Управление ховером[/u]:\n\n[b]Выравнивание:[/b] [c][00ff00][Shift][-][/c]\n[b]Горизонтальное выравнивание:[/b] [c][00ff00][O][-][/c]\n\n---------------------\n[sup]Высота ховера:\n[c][00ff00][Пробел][-][/c] / [c][00ff00][C][-][/c][/sup]\n[sup]Главное питание: [c][00ff00][Z][-][/c] (Y)[/sup],,,,,,,,
pda_8K8QOW0,--,,,,,,,,--,,,,,,,,
pda_aCGmK8W,"[u][c][ffffff]Thrust contols[-][/c][/u]:\n\n [c][00ff00]Move + [Cntrl] [-][/c] : Lock movement speed\n---\n( [b]Outside view[/b] : [b][V][/b] , then unlock camera : [b] [Alt][/b] )",,,,,,,,"[u][c][ffffff]Управление тягой[-][/c][/u]:\n\n[c][00ff00]Движение + [Ctrl][-][/c]: зафиксировать скорость движения\n---\n([b]Внешний вид:[/b] [b][V][/b], затем разблокировать камеру: [b][Alt][/b])",,,,,,,,
pda_Amiq8a4,[u][c][ffffff]Helper controls[-][/c][/u]:[c][00ff00][-][/c]\n[c][00ff00][-][/c]\n[c][00ff00][O] [-][/c]: [c][ffffff]Auto-orient[-][/c] vessel to horizon\n[c][00ff00][-][/c]\n[c][00ff00][Shift][-][/c] : [c][ffffff]Upright[-][/c] Hover when fallen,,,,,,,,"[u][c][ffffff]Вспомогательное управление[-][/c][/u]:\n\n[c][00ff00][O][-][/c]: [c][ffffff]автовыравнивание[-][/c] судна по горизонту\n\n[c][00ff00][Shift][-][/c]: [c][ffffff]выровнять[-][/c] ховер, если он перевернулся",,,,,,,,
pda_KGqO8mG,[c][ffff00]Travel to northern Island[-][/c],,,,,,,,[c][ffff00]Отправляйтесь на северный остров[-][/c],,,,,,,,
pda_IcuO8i8,[u]Hover Controls[/u]:\n\n[b]Cruise lock[/b]:[c][00ff00] [Cntrl] + Move[-][/c]\n[b]Pilot modes:[/b]: [c][00ff00][Shift] + [ i ][-][/c]\n\n---------------------\n[sup]Upright: [c][00ff00][Shift][-][/c]\nHorizont align:  [c][00ff00][O][-][/c][/sup]\n[sup]Hover height:\n[c][00ff00][Space][-][/c] / [c][00ff00][ C ][-][/c][/sup]\n[sup]Main Power: [c][00ff00][Z] [-][/c](Y)[/sup],,,,,,,,[u]Управление ховером[/u]:\n\n[b]Круиз-фиксатор:[/b] [c][00ff00][Ctrl] + движение[-][/c]\n[b]Режимы пилота:[/b] [c][00ff00][Shift] + [ I ][-][/c]\n\n---------------------\n[sup]Выравнивание: [c][00ff00][Shift][-][/c]\nГоризонтальное выравнивание: [c][00ff00][O][-][/c][/sup]\n[sup]Высота ховера:\n[c][00ff00][Пробел][-][/c] / [c][00ff00][C][-][/c][/sup]\n[sup]Главное питание: [c][00ff00][Z][-][/c] (Y)[/sup],,,,,,,,
pda_qFqGSmu,--,,,,,,,,--,,,,,,,,
pda_fmSaWGw,[i]< There is a lot of [b]comm chatter[/b] over there... all of it encrypted. >[/i],,,,,,,,[i]< Там много [b]переговоров по связи[/b]... и все они зашифрованы. >[/i],,,,,,,,
pda_q0GCWOG,[c][ffff00]Travel to northern Island[-][/c],,,,,,,,[c][ffff00]Отправляйтесь на северный остров[-][/c],,,,,,,,
pda_0uG4i50,[u]Hover Controls[/u]:\n\n[b]Cruise lock[/b]:[c][00ff00] [Cntrl] + Move[-][/c]\n[b]Pilot modes:[/b]: [c][00ff00][Shift] + [ i ][-][/c]\n\n---------------------\n[sup]Upright: [c][00ff00][Shift][-][/c]\nHorizont align:  [c][00ff00][O][-][/c][/sup]\n[sup]Hover height:\n[c][00ff00][Space][-][/c] / [c][00ff00][ C ][-][/c][/sup]\n[sup]Main Power: [c][00ff00][Z] [-][/c](Y)[/sup],,,,,,,,[u]Управление ховером[/u]:\n\n[b]Круиз-фиксатор:[/b] [c][00ff00][Ctrl] + движение[-][/c]\n[b]Режимы пилота:[/b] [c][00ff00][Shift] + [ I ][-][/c]\n\n---------------------\n[sup]Выравнивание: [c][00ff00][Shift][-][/c]\nГоризонтальное выравнивание: [c][00ff00][O][-][/c][/sup]\n[sup]Высота ховера:\n[c][00ff00][Пробел][-][/c] / [c][00ff00][C][-][/c][/sup]\n[sup]Главное питание: [c][00ff00][Z][-][/c] (Y)[/sup],,,,,,,,
pda_iaKGOCV,--,,,,,,,,--,,,,,,,,
pda_oiGCmma,TB_sel (Block_L) Select L styles (Full)[c][ffffff][c][ff80ff]  OnBy  [-][/c][-][/c][c][ff8000][i](OffBy: CtftBlocksL)[/i][-][/c],,,,,,,,TB_sel (Block_L) Выбрать стили больших блоков (полные)[c][ffffff][c][ff80ff] OnBy[-][/c][-][/c][c][ff8000][i](OffBy: CtftBlocksL)[/i][-][/c],,,,,,,,
pda_KmqauaC,...,,,,,,,,...,,,,,,,,
pda_SeGNq0q,...,,,,,,,,...,,,,,,,,
pda_8SuCaaS,---,,,,,,,,---,,,,,,,,
pda_GKSKmme,[i]< Place on a [c][ffffff]Large Grid[-][/c] only. >[/i]\n\n[i]< ... [/i][c][00ff00][RMB][-][/c] [i]to select [b]styles[/b]. >[/i],,,,,,,,[i]< Размещать только на [c][ffffff]большой сетке[-][/c]. >[/i]\n\n[i]< ... [/i][c][00ff00][ПКМ][-][/c] [i]для выбора [b]стилей[/b]. >[/i],,,,,,,,
pda_S8q8qmo,"- Use ""[c][ffff00]Retrieve Blocks[-][/c]"" mode of Multitool\n[i][sup]( [/sup][/i][c][00ff00][sup][RMB][/sup][-][/c][i][sup] to select modes.[c][c0c0c0])[-][/c][/sup][/i]",,,,,,,,- Используйте режим мультитула «[c][ffff00]Извлечь блоки[-][/c]».\n[i][sup]([/sup][/i][c][00ff00][sup][ПКМ][/sup][-][/c][i][sup] — выбрать режим.)[/sup][/i],,,,,,,,
pda_kcCW4ee,---,,,,,,,,---,,,,,,,,
pda_eWqKiWK,"[i]< For [b]precious [/b]blocks like these... M[/i][i]ake sure that you have corect mode. [/i]- [i][c][ffffff]""[-][/c][/i][i][c][ffffff]Retrieve"" will lower a block's hitpoints[-][/c] very similar to ""Salvage"". >[/i]\n--\n[i]< Now, [c][ffff00]retrieve [-][/c][/i][i][c][ffff00]the Artillery[-][/c], [/i][i]with the Multitool. >[/i]",,,,,,,,"[i]< Для [b]ценных[/b] блоков вроде этих убедитесь, что выбран правильный режим. [/i]\n[i]«[c][ffffff]Извлечь[-][/c]» уменьшает прочность блока почти так же, как «Разобрать». >[/i]\n--\n[i]< Теперь [c][ffff00]извлеките[-][/c] [c][ffff00]артиллерию[-][/c] мультитулом. >[/i]",,,,,,,,
pda_qWm4G8e,...,,,,,,,,...,,,,,,,,
pda_YmOeEaQ,--,,,,,,,,--,,,,,,,,
pda_iuSSAiK,...,,,,,,,,...,,,,,,,,
pda_aGWeq6u,---,,,,,,,,---,,,,,,,,
pda_m0euWCa,nearpoi zirax DB,,,,,,,,рядом с POI базы дронов зираксов,,,,,,,,
pda_4am4e0W,--,,,,,,,,--,,,,,,,,
pda_WO0qG2K,... ((Destroy Arty Core)),,,,,,,,... ((Уничтожить ядро артиллерии)),,,,,,,,
pda_KCiSe4i,--,,,,,,,,--,,,,,,,,
pda_uiuWUeP,Claim Artillery Base,,,,,,,,Захватите артиллерийскую базу,,,,,,,,
pda_Kaq8KSi,- Place own Core,,,,,,,,- Установите своё ядро,,,,,,,,
pda_S4OO84O,--,,,,,,,,--,,,,,,,,
pda_WqKYq0k,[i]( Base Captured ! )[/i],,,,,,,,[i](База захвачена!)[/i],,,,,,,,
pda_o8uC8Gi,- Open Control Panel [c][00ff00][P][-][/c]\n- Switch to[c][00ff00] [[ Devices ]][-][/c] tab,,,,,,,,- Откройте панель управления [c][00ff00][P][-][/c]\n- Перейдите на вкладку [c][00ff00][[ Устройства ]][-][/c],,,,,,,,
pda_q4KKCm8,--,,,,,,,,--,,,,,,,,
pda_q4O4SKW,"[i]< [c][ffff00]Click on the Artillery[-][/c] in the list to the left.[/i]\n\n[i]Then, to the upper right, there will be a button[/i] [c][ffff00][[ Access ]][-][/c][i]. >[/i]\n[i][/i]< [i][b]Press that[/b] to manually control the turret. >[/i]",,,,,,,,"[i]< [c][ffff00]Нажмите на артиллерию[-][/c] в списке слева.[/i]\n\n[i]< Затем вверху справа появится кнопка [/i][c][ffff00][[ Доступ ]][-][/c][i]. >[/i]\n\n[i]< [b]Нажмите её[/b], чтобы вручную управлять турелью. >[/i]",,,,,,,,
pda_eXqiWuq,...,,,,,,,,...,,,,,,,,
pda_GaGGeuK,--,,,,,,,,--,,,,,,,,
pda_q4WiGWm,[i]< [c][ffff00]Let's use it[-][/c]...? [/i]\n[i]You can do all of this from here ! >[/i]\n[i][/i]\n[i]< Open the Control Panel [c][00ff00][P][-][/c]  ... >[/i],,,,,,,,[i]< [c][ffff00]Давайте её используем[-][/c]...? [/i]\n[i]Отсюда можно делать всё это! >[/i]\n\n[i]< Откройте панель управления [c][00ff00][P][-][/c]... >[/i],,,,,,,,
pda_KiHOumO,...,,,,,,,,...,,,,,,,,
pda_SmuW0gq,--,,,,,,,,--,,,,,,,,
pda_4qWmIKq,[i]< Please switch to the [/i][c][ffff00][[ Devices ]][-][/c][i] tab... >[/i],,,,,,,,"[i]< Пожалуйста, перейдите на вкладку [/i][c][ffff00][[ Устройства ]][-][/c][i]... >[/i]",,,,,,,,
pda_0G80GS0,--,,,,,,,,--,,,,,,,,
pda_8KG80e8,[c][0080ff]Mrk[-][/c] - Zirax[c][ffffff]Dronebase[-][/c] [i][c][ff8000](OnOffBy: ArtilleryBase)[-][/c][/i],,,,,,,,[c][0080ff]Mrk[-][/c] — база дронов [c][ffffff]зираксов[-][/c] [i][c][ff8000](OnOffBy: ArtilleryBase)[-][/c][/i],,,,,,,,
pda_GiSOW0V,...,,,,,,,,...,,,,,,,,
pda_4GmnG2W,...,,,,,,,,...,,,,,,,,
pda_Oml0vmK,---,,,,,,,,---,,,,,,,,
pda_44i8iq0,Take a Generator,,,,,,,,Возьмите генератор,,,,,,,,
pda_8KWaGae,--,,,,,,,,--,,,,,,,,
pda_44eeK8C,Take a Fuel Tank,,,,,,,,Возьмите топливный бак,,,,,,,,
pda_RCC4Kqq,--,,,,,,,,--,,,,,,,,
pda_WSSm0uB,Pick up devices\n[i][sub][c][c0c0c0][RMB] on items to split stacks[-][/c][/sub][/i],,,,,,,,"Подберите устройства\n[i][sub][c][c0c0c0][ПКМ] по предметам, чтобы разделять стопки.[-][/c][/sub][/i]",,,,,,,,
pda_SKq88UC,...,,,,,,,,...,,,,,,,,
pda_8OeasKS,--,,,,,,,,--,,,,,,,,
pda_mcimGKA,"[i]< Please [b]switch to the[/b] [c][ffff00][[ Main ]] [-][/c]tab, above ... >[/i]",,,,,,,,"[i]< Пожалуйста, [b]перейдите на[/b] вкладку [c][ffff00][[ Главная ]][-][/c] сверху... >[/i]",,,,,,,,
pda_mGWUWa8,[sub][i](Then close Cargo Array window)[/i][/sub],,,,,,,,[sub][i](Затем закройте окно грузового массива.)[/i][/sub],,,,,,,,
pda_WO0mGGO,--,,,,,,,,--,,,,,,,,
pda_mKtq1uO,Queue - [c][80ffff]CalSig4b[-][/c] - on - Queued Bike (Early),,,,,,,,Очередь — [c][80ffff]CalSig4b[-][/c] — вкл. — ховербайк в очереди (ранний),,,,,,,,
pda_meqSGam,...,,,,,,,,...,,,,,,,,
pda_u8GeiSC,...,,,,,,,,...,,,,,,,,
pda_e0aW8qC,--,,,,,,,,--,,,,,,,,
pda_COe4aWD,"[sup]Right side of PC crafting screen, upper small symbol row, left row:[/sup]\n1- Select ""[c][ffff00]Devices"" Category[-][/c] symbol [sup][i][c][c0c0c0](Looks like pathways of a chip)[-][/c][/i][/sup]\n2- [c][ffff00]Click on Hoverbike[-][/c] template to craft\n[c][c0c0c0][i][sup](Needs 5 Carbon Substrate, ""Show all Templates'""filter)[/sup][/i][-][/c]",,,,,,,,"[sup]Правая сторона экрана создания в переносном конструкторе, верхний ряд маленьких значков, левый ряд:[/sup]\n1 — выберите категорию «[c][ffff00]Устройства[-][/c]»\n[sup][i][c][c0c0c0](Значок похож на дорожки микросхемы.)[-][/c][/i][/sup]\n2 — [c][ffff00]нажмите шаблон ховербайка[-][/c], чтобы создать его.\n[c][c0c0c0][i][sup](Нужно 5 ед. углеродного субстрата; фильтр «Показать все шаблоны».)[/sup][/i][-][/c]",,,,,,,,
pda_4KuCCWW,---,,,,,,,,---,,,,,,,,
pda_4iuq4uG,[b]_______________ [i](Hoverbike handling)[/i][/b],,,,,,,,[b]_______________ [i](Управление ховербайком)[/i][/b],,,,,,,,
pda_40SaqiO,--,,,,,,,,--,,,,,,,,
pda_GP48SG6,--,,,,,,,,--,,,,,,,,
pda_apWCOWS,--,,,,,,,,--,,,,,,,,
pda_iKSu888,"[sup][c][c0c0c0]Right side of PC crafting screen, upper small symbol row, left row:[-][/c][/sup]",,,,,,,,"[sup][c][c0c0c0]Правая сторона экрана создания в переносном конструкторе, верхний ряд маленьких значков, левый ряд:[-][/c][/sup]",,,,,,,,
pda_i44u0Kq,--,,,,,,,,--,,,,,,,,
pda_0miTOmK,"[c][ff8080]BDestr[-][/c] - [c][ff8080]V1 [-][/c]- on- [c][ffffff]SteelDestr[-][/c] [c][ff8000][i](OffBy: NextGoal, SteelSalvage, RightJunk) [/i]>C_On >C_Off[-][/c]",,,,,,,,"[c][ff8080]BDestr[-][/c] — [c][ff8080]V1[-][/c] — вкл. — [c][ffffff]стальной блок уничтожен[-][/c] [c][ff8000][i](OffBy: NextGoal, SteelSalvage, RightJunk) >C_On >C_Off[-][/c]",,,,,,,,
pda_00O4Ymm,[i](Destroyed a block)[/i],,,,,,,,[i](Блок уничтожен.)[/i],,,,,,,,
pda_a0eWqCi,...,,,,,,,,...,,,,,,,,
pda_a8eKaia,--,,,,,,,,--,,,,,,,,
pda_04mGGK0,[c][80ffff]Sig[-][/c] - [c][80ffff]CALTent[-][/c] - Get[c][ffffff]TentNow[-][/c]Plz,,,,,,,,[c][80ffff]Sig[-][/c] — [c][80ffff]CALTent[-][/c] — получить [c][ffffff]палатку сейчас[-][/c],,,,,,,,
pda_SS0Oea0,Portable Shelter,,,,,,,,Переносное убежище,,,,,,,,
pda_Ke4iKeu,[c][ffff00]Take the tent[-][/c] from the palette,,,,,,,,[c][ffff00]Возьмите палатку[-][/c] из паллеты,,,,,,,,
pda_ea8K6KC,--,,,,,,,,--,,,,,,,,
pda_eWOSmk8,Portable Shelter,,,,,,,,Переносное убежище,,,,,,,,
pda_SMaaCmK,[sup][c][c0c0c0](Close tool Drone with [c][00ff00][ F5 ][-][/c] )[-][/c][/sup]\nFind Cargo Palette next to Destroyed Mining Towers\n[c][c0c0c0][sup](outside)[/sup][-][/c],,,,,,,,[sup][c][c0c0c0](Закройте дрон-инструмент клавишей [c][00ff00][F5][-][/c].)[-][/c][/sup]\nНайдите грузовую паллету возле уничтоженных горных башен\n[c][c0c0c0][sup](снаружи).[/sup][-][/c],,,,,,,,
pda_4aOVCSC,--,,,,,,,,--,,,,,,,,
pda_mUemSSG,Open it,,,,,,,,Откройте её,,,,,,,,
pda_0qCCSqS,[i]< ... See?  [/i]\n[i]- - Loot! >[/i],,,,,,,,[i]< ... Видите? [/i]\n[i]— Добыча! >[/i],,,,,,,,
pda_eqWaCG4,--,,,,,,,,--,,,,,,,,
pda_iiSm0G8,...,,,,,,,,...,,,,,,,,
pda_pWiqK04,--,,,,,,,,--,,,,,,,,
pda_WqKucQS,[i]< Such [b]run-down buildings[/b] ... They don't make for a good place to rest.[/i]\n[i][/i]\n[i]< Detecting something that could be [b]useful [/b]nearby - [/i]\n[i]... Check out that [c][ffff00]marker.[-][/c] >[/i],,,,,,,,"[i]< Такие [b]обветшалые здания[/b]... В них не лучшее место для отдыха.[/i]\n\n[i]< Я обнаружил неподалёку что-то, что может быть [b]полезным[/b]. [/i]\n[i]... Проверьте [c][ffff00]маркер[-][/c]. >[/i]",,,,,,,,
pda_Ww2O8q8,[i]( ... scanning ... )[/i],,,,,,,,[i](... сканирование...)[/i],,,,,,,,
pda_iKjCWOK,[i]...[/i],,,,,,,,[i]...[/i],,,,,,,,
pda_GOeGaaM,--,,,,,,,,--,,,,,,,,
pda_qeKmuWC,Playtest - Planet: BA turret activation,,,,,,,,Тестирование — планета: активация турели базы,,,,,,,,
pda_GC3umGE,...,,,,,,,,...,,,,,,,,
pda_ieGGaC0,...,,,,,,,,...,,,,,,,,
pda_SC0uqap,--,,,,,,,,--,,,,,,,,
pda_OueGi88,"[c][0080ff]nPOI [-][/c]- Rw-  Det_TooFar [c][80ffff]CalSig_c1[-][/c] [i][c][ff8080](RwByT: WeatherToCopper) (OffBy:EnterMine) [-][/c][/i][c][ff8000]>C_On x2, >C_Off[-][/c]",,,,,,,,"[c][0080ff]nPOI[-][/c] — rw — Det_TooFar [c][80ffff]CalSig_c1[-][/c] [i][c][ff8080](RwByT: WeatherToCopper) (OffBy:EnterMine)[-][/c][/i][c][ff8000]>C_On x2, >C_Off[-][/c]",,,,,,,,
pda_80qauia,[c][80ffff]Sig_c1[-][/c] - [c][80ffff]CalSig_c2[-][/c] Det_SomethingCloser,,,,,,,,[c][80ffff]Sig_c1[-][/c] — [c][80ffff]CalSig_c2[-][/c] — обнаружено что-то ближе,,,,,,,,
pda_iGQ84uc,[c][80ffff]Sig_c2[-][/c] - [c][80ffff]CAL5[-][/c] - [c][0080ff]Task [-][/c]- Det_Discov deposit,,,,,,,,[c][80ffff]Sig_c2[-][/c] — [c][80ffff]CAL5[-][/c] — [c][0080ff]задание[-][/c] — обнаружить залежь,,,,,,,,
pda_WqWGaC4,Discover nearby Deposit\n[sup](See [c][ffff00]new Marker[-][/c] position)[/sup],,,,,,,,Обнаружьте залежь поблизости\n[sup](Смотрите новое положение [c][ffff00]маркера[-][/c].)[/sup],,,,,,,,
pda_umqW0ir,Get closer to building ...,,,,,,,,Подойдите ближе к зданию...,,,,,,,,
pda_C40KSeu,--,,,,,,,,--,,,,,,,,
pda_OGeiKKO,"[b]... Discover the Deposit[/b]\n[i](while riding on Hoverbike[/i]\n[i]or fire Detector nearby)[/i][c][c0c0c0][i]\n\n(See new [/i][-][/c][c][ffffff][i]Marker[/i][-][/c][c][c0c0c0],[-][/c][i][c][c0c0c0] Map[-][/c] [/i][c][00ff00][M][-][/c] [i][c][c0c0c0]for location)[-][/c][/i]",,,,,,,,"[b]... Обнаружьте залежь[/b]\n[i](на ховербайке[/i]\n[i]или используйте детектор поблизости.)[/i]\n[c][c0c0c0][i]\n\n(Смотрите новый [/i][-][/c][c][ffffff][i]маркер[-][/c][/i][c][c0c0c0][i], карту [-][/c][/i][c][00ff00][i][M][-][/c][i][c][c0c0c0] для местоположения.)[-][/c][/i]",,,,,,,,
pda_KCS84OC,--,,,,,,,,--,,,,,,,,
pda_qWfCGq4,...,,,,,,,,...,,,,,,,,
pda_m8eqiC4,--,,,,,,,,--,,,,,,,,
pda_8KmmRqO,"[i]< Only a rough location, too ... [/i]\n[i]For it to be shown on your Map, you need to [c][ffffff]discover [-][/c]it. >[/i]\n\n[i]< Either fire your [b]Detector [/b]nearby, or [c][ffff00]get close with a vessel[-][/c], a [/i][i]drill [/i][i]...>[/i]",,,,,,,,"[i]< Лишь примерное местоположение... [/i]\n[i]Чтобы оно отображалось на карте, нужно [c][ffffff]обнаружить[-][/c] его. >[/i]\n\n[i]< Либо используйте рядом [b]детектор[/b], либо [c][ffff00]подойдите на судне[-][/c], на [/i][i]буре[/i][i]... >[/i]",,,,,,,,
pda_OaeGO4K,[i](Marker is too far away)[/i],,,,,,,,[i](Маркер слишком далеко.)[/i],,,,,,,,
pda_c8Ca00K,...,,,,,,,,...,,,,,,,,
pda_imAWGq8,--,,,,,,,,--,,,,,,,,
pda_G8qqUWM,Discover nearby Deposit,,,,,,,,Обнаружьте залежь поблизости,,,,,,,,
pda_4qKqKGi,Get closer to building ...,,,,,,,,Подойдите ближе к зданию...,,,,,,,,
pda_aSGQuem,--,,,,,,,,--,,,,,,,,
pda_HqSGui0,"[i]< But there seems to be a [/i][c][ffffff][i]structure[/i][-][/c][i] with a [c][ffff00]ground deposit [-][/c]nearby. [/i]\n[i]That could mean, [b]people[/b] ...? >[/i]\n\n[i]< [/i][i]Check out at your side - [/i]\n[i]I[/i][i]'m [c][ffffff][b]moving [/b]the Marker[-][/c]  ... [/i][i]>[/i]",,,,,,,,"[i]< Но поблизости, похоже, есть [c][ffffff]сооружение[-][/c] с [c][ffff00]наземной залежью[-][/c]. [/i]\n[i]Это может означать, что там есть [b]люди[/b]...? >[/i]\n\n[i]< Посмотрите рядом с собой... [/i]\n[i]Я [c][ffffff][b]перемещаю[/b] маркер[-][/c]... >[/i]",,,,,,,,
pda_eueXOSW,___________________ [i](Discovering & Entering)[/i],,,,,,,,___________________ [i](Обнаружение и вход)[/i],,,,,,,,
pda_sa2iS4G,--,,,,,,,,--,,,,,,,,
pda_uS4GbWS,--,,,,,,,,--,,,,,,,,
pda_8W4eq08,--,,,,,,,,--,,,,,,,,
pda_OeGu4qu,__________________ [i](Player Drone & Mining)[/i],,,,,,,,__________________ [i](Дрон игрока и добыча)[/i],,,,,,,,
pda_445Sm0W,--,,,,,,,,--,,,,,,,,
pda_MqSmCog,--,,,,,,,,--,,,,,,,,
pda_0iemNSS,--,,,,,,,,--,,,,,,,,
pda_0aaOaAu,__________________ [i](Variant paths & Redirects)[/i],,,,,,,,__________________ [i](Вариантные пути и перенаправления)[/i],,,,,,,,
pda_0i4SL4K,--,,,,,,,,--,,,,,,,,
pda_O4qmm0G,--,,,,,,,,--,,,,,,,,
pda_aSCiOCW,--,,,,,,,,--,,,,,,,,
pda_qWKOCSq,"[i]< Wait - Before you [b]jump down [/b]in that [b]hole , [/b]- - one thing ... >[/i]",,,,,,,,"[i]< Подождите: прежде чем [b]спуститься[/b] в эту [b]дыру[/b], есть ещё кое-что... >[/i]",,,,,,,,
pda_4qCu8Cq,Queue - on - CrftBlocksL [c][ff8000][i](OffBy: SelectLStyleFull) [/i]>C_Off >C_On[-][/c],,,,,,,,Очередь — вкл. — создать большие блоки [c][ff8000][i](OffBy: SelectLStyleFull) >C_Off >C_On[-][/c],,,,,,,,
pda_Cq4mO0a,Large Blocks,,,,,,,,Большие блоки,,,,,,,,
pda_KWKSeK8,..,,,,,,,,..,,,,,,,,
pda_mC4W00S,--,,,,,,,,--,,,,,,,,
pda_8em0uw0,"[i]< [c][ffffff]Large Blocks[-][/c] ...  - For a large grid structure, like [c][ffffff]Bases [-][/c](BA) or [c][ffffff]Capital Vessels[-][/c] (CV) ... >[/i]",,,,,,,,"[i]< [c][ffffff]Большие блоки[-][/c]... Для конструкций на большой сетке, таких как [c][ffffff]базы[-][/c] (BA) или [c][ffffff]капитальные суда[-][/c] (CV)... >[/i]",,,,,,,,
pda_KXAe0Wj,ItmPck - Gained Large Block [c][ff8040]>C_On[-][/c],,,,,,,,ItmPck — получен большой блок [c][ff8040]>C_On[-][/c],,,,,,,,
pda_SuoSQuW,(Gained a Large Block),,,,,,,,(Получен большой блок.),,,,,,,,
pda_mSeaKuC,...,,,,,,,,...,,,,,,,,
pda_88Oq4OC,--,,,,,,,,--,,,,,,,,
pda_aa044O8,"BlkPlc - Placed L Block, Info 'needs MT & Core' [i][c][ff8040](OnBy: GainedLargeBlock)[-][/c][/i]",,,,,,,,"BlkPlc — размещён большой блок, информация «нужны мультитул и ядро» [i][c][ff8040](OnBy: GainedLargeBlock)[-][/c][/i]",,,,,,,,
pda_SeWKi0k,[i](Placed Large Block)[/i],,,,,,,,[i](Размещён большой блок.)[/i],,,,,,,,
pda_xW84WeN,...,,,,,,,,...,,,,,,,,
pda_4SSeKuq,--,,,,,,,,--,,,,,,,,
pda_wOaa7Sa,"[i]< Just as a reminder: [/i]\n[i]To be able to [c][ffffff]pick up any block [-][/c]safely, you need to[b] own the structure with your [/b][c][ffffff][b]Core[/b][-][/c] ... >[/i]\n\n[i]< Your [b]Multitool [/b]simply needs that extra computing power... >[/i]",,,,,,,,"[i]< Напоминаю: [/i]\n[i]Чтобы безопасно [c][ffffff]подобрать любой блок[-][/c], вы должны [b]владеть конструкцией с помощью своего[/b] [c][ffffff][b]ядра[-][/b][/c]... >[/i]\n\n[i]< Вашему [b]мультитулу[/b] просто нужна эта дополнительная вычислительная мощность... >[/i]",,,,,,,,
pda_u8GWS04,Queue  - Craft no S Block w/o Starter,,,,,,,,Очередь — создание малого блока без стартового блока,,,,,,,,
pda_aK0cmuS,New Task,,,,,,,,Новое задание,,,,,,,,
pda_GeOSiGq,...,,,,,,,,...,,,,,,,,
pda_aIseKGK,--,,,,,,,,--,,,,,,,,
pda_e8qqCi4,_________ [i](Foothold BA building)[/i],,,,,,,,_________ [i](Строительство опорной базы)[/i],,,,,,,,
pda_W4aR45G,--,,,,,,,,--,,,,,,,,
pda_0mZCaCG,--,,,,,,,,--,,,,,,,,
pda_qaKOC6i,--,,,,,,,,--,,,,,,,,
pda_iixe8KO,_________ [i](Crafting flow messages)[/i],,,,,,,,_________ [i](Сообщения о процессе создания)[/i],,,,,,,,
pda_C0uueqo,--,,,,,,,,--,,,,,,,,
pda_W8kAmqi,--,,,,,,,,--,,,,,,,,
pda_vqjuaGm,--,,,,,,,,--,,,,,,,,
pda_80KkGdq,(Debug) Turn Zirax hostile,,,,,,,,(Отладка) — сделать зираксов враждебными,,,,,,,,
pda_GeG4K4U,...,,,,,,,,...,,,,,,,,
pda_m84s8eQ,...,,,,,,,,...,,,,,,,,
pda_G0umSSo,--,,,,,,,,--,,,,,,,,
pda_a0G1Alm,[b]Zirax faciton set to hostile [/b]\n(As if getting close to island),,,,,,,,[b]Фракция зираксов установлена как враждебная[/b]\n(Как если бы вы приблизились к острову.),,,,,,,,
pda_OuG4uii,TB_sel (Block L) -[c][ff8080]V[-][/c]-  Select L Styles (redux) [c][ff8000][i](OnBy: CraftBlockL)[/i][-][/c],,,,,,,,TB_sel (блок L) — [c][ff8080]V[-][/c] — выбрать стили больших блоков (обновлённые) [c][ff8000][i](OnBy: CraftBlockL)[/i][-][/c],,,,,,,,
pda_qqauGWF,...,,,,,,,,...,,,,,,,,
pda_mWiWuGW,...,,,,,,,,...,,,,,,,,
pda_OGneeqC,--,,,,,,,,--,,,,,,,,
pda_000GD8K,[i]< ... [/i][c][00ff00][RMB][-][/c] [i]to select [b]styles[/b]. >[/i],,,,,,,,[i]< ... [/i][c][00ff00][ПКМ][-][/c] [i]для выбора [b]стилей[/b]. >[/i],,,,,,,,
pda_4OuWiKG,Gained debug rifle. \n[i]( With great power comes ... )[/i],,,,,,,,Получена отладочная винтовка.\n[i](С большой силой приходит...)[/i],,,,,,,,
pda_4iRmAOq,Prepare to Claim,,,,,,,,Подготовьтесь к захвату,,,,,,,,
pda_KhK8C8G,...,,,,,,,,...,,,,,,,,
pda_GSGuuuu,---,,,,,,,,---,,,,,,,,
pda_Ce8CSqq,"Take Core from Palette, put into Toolbar",,,,,,,,Возьмите ядро из паллеты и поместите на панель быстрого доступа,,,,,,,,
pda_iWkKKuq,--,,,,,,,,--,,,,,,,,
pda_CWmeiWm,...,,,,,,,,...,,,,,,,,
pda_O4O8WWE,--,,,,,,,,--,,,,,,,,
pda_mAeu0eu,[c][80ffff]Sig(CalSig11)[-][/c] - [c][ffffff]Timeout DroneShoot[-][/c] [c][ff8000](OffBy: POI)[-][/c],,,,,,,,[c][80ffff]Sig(CalSig11)[-][/c] — [c][ffffff]тайм-аут стрельбы дронов[-][/c] [c][ff8000](OffBy: POI)[-][/c],,,,,,,,
pda_uKeSGOW,[i](Timeout warning)[/i],,,,,,,,[i](Предупреждение об истечении времени.)[/i],,,,,,,,
pda_maS8GHa,...,,,,,,,,...,,,,,,,,
pda_qWMCemq,--,,,,,,,,--,,,,,,,,
pda_e8OuuEq,Note: \n[b]Tutorial will continue[/b] in about [c][ffffff]1 minute.[-][/c],,,,,,,,Примечание:\n[b]Обучение продолжится[/b] примерно через [c][ffffff]1 минуту.[-][/c],,,,,,,,
pda_aCGKq0K,"[c][ff80ff](SecCopy, non-CAL, keep for now) [-][/c][c][0080ff]nPOI[-][/c] &Trig- [c][ffffff]UseOreScan[-][/c] Promethium [c][ff8000][i](OnByT: OreProcess)  [/i]C_OnTx2 >C_Off[-][/c]",,,,,,,,"[c][ff80ff](SecCopy, не-CAL, оставить пока)[-][/c][c][0080ff]nPOI[-][/c] &Trig — [c][ffffff]использовать сканирование руды[-][/c] прометий [c][ff8000][i](OnByT: OreProcess)[/i] C_OnTx2 >C_Off[-][/c]",,,,,,,,
pda_iOeCgKq,Mine Promethium nodes,,,,,,,,Добывайте узлы прометия,,,,,,,,
pda_WiiemiC,"[i]Keep [c][ffffff]Ore Scanner[-][/c] in inventory, \n[c][ffff00]Hold better Drill.[-][/c][/i]\n\nThen:[c][ffff00] Search for blue outlines[-][/c]\nin the ground, and [c][ffff00]drill [-][/c]them\n\n[i](Better visible with Tool Drone [/i][c][00ff00][ F5 ][-][/c][i], while moving)[/i]",,,,,,,,"[i]Держите [c][ffffff]сканер руды[-][/c] в инвентаре,\n[c][ffff00]возьмите улучшенный бур.[-][/c][/i]\n\nЗатем: [c][ffff00]ищите синие контуры[-][/c]\nв земле и [c][ffff00]бурите[-][/c] их.\n\n[i](Лучше видно с дроном-инструментом [/i][c][00ff00][F5][-][/c][i], во время движения.)[/i]",,,,,,,,
pda_mqK8eie,---,,,,,,,,---,,,,,,,,
pda_Sui2OKu,"[i]< Yes ! That's it !![/i]\n\n[i]- For [b]fuel[/b], [b]Multitool [/b]clips, better drills ... >[/i]",,,,,,,,"[i]< Да! Вот оно!![/i]\n\n[i]— Для [b]топлива[/b], зарядов [b]мультитула[/b], улучшенных буров... >[/i]",,,,,,,,
pda_OaaKS5q,[i]( Strange noise? )[/i],,,,,,,,[i](Странный шум?)[/i],,,,,,,,
pda_C0WWOUS,...,,,,,,,,...,,,,,,,,
pda_0KqmOK4,---,,,,,,,,---,,,,,,,,
pda_48CGi0u,[i]( Getting closer? )[/i],,,,,,,,[i](Приближается?)[/i],,,,,,,,
pda_WKiY4Wc,...,,,,,,,,...,,,,,,,,
pda_aI8S00G,--,,,,,,,,--,,,,,,,,
pda_mCOmWCi,[i]< - -  Something[b] isn't right here ... [/b][/i][i]!? >[/i],,,,,,,,[i]< — Здесь что-то [b]не так...[/b] [/i][i]!? >[/i],,,,,,,,
pda_0CSO0aa,Ambush,,,,,,,,Засада,,,,,,,,
pda_0aSBSe4,...,,,,,,,,...,,,,,,,,
pda_uaG4Cqs,--,,,,,,,,--,,,,,,,,
pda_C84amGG,\n[i]< [c][ffffff]Incoming![-][/c] >[/i],,,,,,,,\n[i]< [c][ffffff]Приближается![-][/c] >[/i],,,,,,,,
pda_fCmKeum,Enemy drone[c][ffffff][-][/c],,,,,,,,Вражеский дрон[c][ffffff][-][/c],,,,,,,,
pda_Wu0aSWG,[c][ffffff][c][ffff00]Destroy [c][ffffff]attacking drone\n(Red dot[-][/c][-][/c][-][/c] on radar)\n\n[i](Shoot eye for max damage)[/i],,,,,,,,[c][ffffff][c][ffff00]Уничтожьте атакующего дрона\n(красная точка[-][/c][-][/c][-][/c] на радаре)\n\n[i](Стреляйте в глаз для максимального урона.)[/i],,,,,,,,
pda_qOCu04a,---,,,,,,,,---,,,,,,,,
pda_SqC8aqe,[i]< Over there! A [c][ffffff]Zirax [b]drone[/b][-][/c] ! >[/i]\n\n[i]< - [c][ffff00]Shoot it in the 'eye[-][/c]' ! >[/i],,,,,,,,[i]< Вон там! [c][ffffff]Дрон [b]зираксов[-][/b][/c]! >[/i]\n\n[i]< — [c][ffff00]Стреляйте ему в «глаз»[-][/c]! >[/i],,,,,,,,
pda_OK4iWaK,Loot the Drone,,,,,,,,Обыщите дрона,,,,,,,,
pda_40q0q4G,Access enemy drone with [c][00ff00][F][-][/c],,,,,,,,Получите доступ к вражескому дрону клавишей [c][00ff00][F][-][/c],,,,,,,,
pda_Ja40aK4,---,,,,,,,,---,,,,,,,,
pda_a8CWSOK,[i]< A [c][ffffff]Zirax drone[-][/c]... >[/i]\n[i]< ... >[/i]\n[i][/i]\n[i]< ... They must be really close. >[/i],,,,,,,,"[i]< Дрон [c][ffffff]зираксов[-][/c]... >[/i]\n[i]< ... >[/i]\n\n[i]< ... Значит, они совсем близко. >[/i]",,,,,,,,
pda_Kie4uqG,...,,,,,,,,...,,,,,,,,
pda_OW48tiu,--,,,,,,,,--,,,,,,,,
pda_W40q0IG,"[i]< Lucky us. That was just a [b]wildlife monitor.  [/b]>[/i]\n\n[i]< Usually, these have [c][ffffff]guns[-][/c]... [/i][i]>[/i]\n[i][/i]\n[i]< - Please, [c][ffff00]loot it.[-][/c] [/i][i]>[/i]",,,,,,,,"[i]< Нам повезло. Это был всего лишь [b]наблюдатель за фауной[/b]. >[/i]\n\n[i]< Обычно у них есть [c][ffffff]оружие[-][/c]... >[/i]\n\n[i]< — Пожалуйста, [c][ffff00]обыщите его[-][/c]. >[/i]",,,,,,,,
pda_S8SCaWV,...,,,,,,,,...,,,,,,,,
pda_KS84OqS,--,,,,,,,,--,,,,,,,,
pda_SiWWv4a,[i]( ... Extrapolating Flight Path... )[/i],,,,,,,,[i](... Экстраполяция траектории полёта...)[/i],,,,,,,,
pda_U8xW6mC,...,,,,,,,,...,,,,,,,,
pda_k4GCmGW,--,,,,,,,,--,,,,,,,,
pda_CGOOiWq,"[i]< Running a [c][ffffff]Drone patrol[-][/c] Op... that requires [b]a lot[/b] of buildings. >[/i]\n[i]< - Production, Defenses, Radars, Fuel stores ... >[/i]\n[i][/i]\n[i]< ... But ... this island does [b]not have[/b] these...? >[/i]",,,,,,,,"[i]< Для патрулирования [c][ffffff]дронами[-][/c] нужно [b]множество[/b] зданий. >[/i]\n[i]< Производство, оборона, радары, склады топлива... >[/i]\n\n[i]< ... Но на этом острове этого [b]нет[/b]...? >[/i]",,,,,,,,
pda_Oq40WK4,[i]< They teleported it here ... >[/i],,,,,,,,[i]< Они телепортировали его сюда... >[/i],,,,,,,,
pda_C4GeaS2,[i]( Zirax base location ? )[/i],,,,,,,,[i](Расположение базы зираксов?)[/i],,,,,,,,
pda_C8aWume,...,,,,,,,,...,,,,,,,,
pda_mw806iO,--,,,,,,,,--,,,,,,,,
pda_uO88WK4,[i]< They must be over the ocean. [/i]\n[i]- On the [c][ffffff]northern isle[-][/c]. >[/i]\n\n[i]<  ... but still no good [b]way to get there[/b] ... >[/i],,,,,,,,[i]< Они должны быть за океаном. [/i]\n[i]— На [c][ffffff]северном острове[-][/c]. >[/i]\n\n[i]< ... Но всё ещё нет хорошего [b]способа добраться туда[/b]... >[/i],,,,,,,,
pda_i4kGbKO,...,,,,,,,,...,,,,,,,,
pda_GGC0iqC,--,,,,,,,,--,,,,,,,,
pda_WGK0GOo,[c][80ffff]Sig(CalSig11)[-][/c] - [c][ffffff]Timeout DroneLoot[-][/c] [c][ff8000](OffBy: POI)[-][/c],,,,,,,,[c][80ffff]Sig(CalSig11)[-][/c] — [c][ffffff]тайм-аут обыска дрона[-][/c] [c][ff8000](OffBy: POI)[-][/c],,,,,,,,
pda_1umKiO0,[i](Timeout warning)[/i],,,,,,,,[i](Предупреждение об истечении времени.)[/i],,,,,,,,
pda_iVuqaiW,...,,,,,,,,...,,,,,,,,
pda_O8amiea,--,,,,,,,,--,,,,,,,,
pda_iKWiiSm,Note: \n[b]Tutorial will continue[/b] in about [c][ffffff]1 minute.[-][/c],,,,,,,,Примечание:\n[b]Обучение продолжится[/b] примерно через [c][ffffff]1 минуту.[-][/c],,,,,,,,
pda_GSOiECC,...,,,,,,,,...,,,,,,,,
pda_GKBsK0W,--,,,,,,,,--,,,,,,,,
pda_SGeqi0i,[i]< Over there! A [c][ffffff]Zirax [b]drone[/b][-][/c] ! >[/i]\n\n[i]< - [c][ffff00]Shoot it in the 'eye[-][/c]' ! >[/i],,,,,,,,[i]< Вон там! [c][ffffff]Дрон [b]зираксов[-][/b][/c]! >[/i]\n\n[i]< — [c][ffff00]Стреляйте ему в «глаз»[-][/c]! >[/i],,,,,,,,
pda_8mCGKi4,[c][ff8080]Kill [-][/c]-rw- [c][80ffff]CalSig11a[-][/c] - Prom[c][ffffff]DroneShot[-][/c] [c][ff8040][i](RwBy: UseOreScan)[/i][-][/c],,,,,,,,[c][ff8080]Убийство[-][/c] — rw — [c][80ffff]CalSig11a[-][/c] — прометиевый [c][ffffff]дрон уничтожен[-][/c] [c][ff8040][i](RwBy: UseOreScan)[/i][-][/c],,,,,,,,
pda_IOKcAmq,[i](Drone Destroyed)[/i],,,,,,,,[i](Дрон уничтожен.)[/i],,,,,,,,
pda_WWWaWmW,...,,,,,,,,...,,,,,,,,
pda_eeiG4E4,--,,,,,,,,--,,,,,,,,
pda_OauqEim,[i]< Good shot ! >[/i],,,,,,,,[i]< Хороший выстрел! >[/i],,,,,,,,
pda_MWW4PUe,InvOp (StunDrone)- [c][80ffff]CalSig11b [-][/c]-[c][ffffff]LootPromDrone[-][/c],,,,,,,,InvOp (оглушённый дрон) — [c][80ffff]CalSig11b[-][/c] — [c][ffffff]обыскать прометиевого дрона[-][/c],,,,,,,,
pda_uSc8aOC,Drone Loot,,,,,,,,Добыча с дрона,,,,,,,,
pda_4GCGWG0,[i]< A [c][ffffff]Zirax drone[-][/c]... >[/i]\n[i]< ... >[/i]\n[i][/i]\n[i]< ... They must be really close. >[/i],,,,,,,,"[i]< Дрон [c][ffffff]зираксов[-][/c]... >[/i]\n[i]< ... >[/i]\n\n[i]< ... Значит, они совсем близко. >[/i]",,,,,,,,
pda_mewSi8W,\n\n\n\n\n[c][c0c0c0][sup][i](Note: Timeout for task is ca. 5 minutes)[/i][/sup][-][/c]\n\n\n\n\n[c][400040].[-][/c],,,,,,,,\n\n\n\n\n[c][c0c0c0][sup][i](Примечание: время на задание — примерно 5 минут.)[/i][/sup][-][/c]\n\n\n\n\n[c][400040].[-][/c],,,,,,,,
pda_iOuC0ii,--,,,,,,,,--,,,,,,,,
pda_aeqOmie,"[i]< Vessel trimming... [/i]\n[i]You can adjust how much a vessel reacts to your steering.[/i]\n[i]Do this in the Control Panel [P], [[Statistics]] tab. >[/i]",,,,,,,,"[i]< Настройка управляемости судна... [/i]\n[i]Можно изменить, насколько сильно судно реагирует на управление.[/i]\n[i]Сделайте это в панели управления [P], на вкладке [[Статистика]]. >[/i]",,,,,,,,
pda_aOiOOGx,[c][80ffff]Sig(CalSig12)[-][/c] - Timeout BAattack Warn (OffBy: POI),,,,,,,,[c][80ffff]Sig(CalSig12)[-][/c] — тайм-аут предупреждения об атаке на базу (OffBy: POI),,,,,,,,
pda_aKeKWej,[i][c][c0c0c0](Cannot find attackers?)[-][/c][/i],,,,,,,,[i][c][c0c0c0](Не можете найти атакующих?)[-][/c][/i],,,,,,,,
pda_GCa4iSW,...,,,,,,,,...,,,,,,,,
pda_u4mmemQ,--,,,,,,,,--,,,,,,,,
pda_GCOPSK4,[i]< Hmm... Part of these attackers seem to be still very [b]unorganized[/b] ... >[/i]\n\n----\nNote: \n[b]Tutorial will continue[/b] in about [c][ffffff]1 minute.[-][/c],,,,,,,,"[i]< Хм... Похоже, часть этих атакующих всё ещё очень [b]неорганизованна[/b]... >[/i]\n\n----\nПримечание:\n[b]Обучение продолжится[/b] примерно через [c][ffffff]1 минуту.[-][/c]",,,,,,,,
pda_WZOCOea,"[c][ff80ff](Seccopy, keep for now)[-][/c][c][0080ff] (nPOI)[-][/c] - [c][ffffff]BAattack[-][/c] Troop transport [i][c][ff8000](OnBy: EndBuild) [-][/c][/i][c][ff8000]>C_OnT x2[-][/c]",,,,,,,,"[c][ff80ff](Секкопия, оставить пока)[-][/c][c][0080ff](nPOI)[-][/c] — [c][ffffff]атака на базу[-][/c], транспорт с войсками [i][c][ff8000](OnBy: EndBuild)[-][/c][/i][c][ff8000]>C_OnT x2[-][/c]",,,,,,,,
pda_iGmeKma,[i]( Noises... )[/i],,,,,,,,[i](Шумы...)[/i],,,,,,,,
pda_0WIeKmS,...,,,,,,,,...,,,,,,,,
pda_0OuSCqq,--,,,,,,,,--,,,,,,,,
pda_8K4GiGm,"[i](( [c][ffffff]System message[-][/c] from ""Farm"" : [/i]\n[i][/i]\n[i]Your [c][ffffff][c][ff8000]Base is under attack[-][/c][-][/c]! ))[/i]",,,,,,,,[i](( [c][ffffff]Системное сообщение[-][/c] от «Фермы»: [/i]\n\n[i]Ваша [c][ffffff][c][ff8000]база атакована[-][/c][-][/c]! ))[/i],,,,,,,,
pda_mSW4qui,Your Base is under attack !,,,,,,,,Ваша база атакована!,,,,,,,,
pda_80quGWi,Destroy Minigun Drone,,,,,,,,Уничтожьте дрона с миниганом,,,,,,,,
pda_4a0OY04,--,,,,,,,,--,,,,,,,,
pda_OZiSKii,Kill Ripper Dogs,,,,,,,,Убейте риппер-псов,,,,,,,,
pda_qK8CeOq,--,,,,,,,,--,,,,,,,,
pda_K4oGGqe,Base Attacks,,,,,,,,Атаки на базу,,,,,,,,
pda_iuieCiS,...,,,,,,,,...,,,,,,,,
pda_800maKm,--,,,,,,,,--,,,,,,,,
pda_WOKGKuq,"[i]< Seems, this was some kind an [b]automated [/b]response. >[/i]\n[i][/i]\n[i]< ... The[c][ffffff] real troops[-][/c] have [b]not [/b]arrived yet ... >[/i]",,,,,,,,"[i]< Похоже, это была своего рода [b]автоматическая[/b] реакция. >[/i]\n\n[i]< ... Настоящие [c][ffffff]войска[-][/c] ещё [b]не[/b] прибыли... >[/i]",,,,,,,,
pda_8KaKMuE,Base Attacks,,,,,,,,Атаки на базу,,,,,,,,
pda_KiqWCam,"Get close to Farm, open Control Panel [c][00ff00][ P ][-][/c]",,,,,,,,"Подойдите к ферме, откройте панель управления [c][00ff00][P][-][/c]...",,,,,,,,
pda_8Wu0mw0,"[i]< [c][ffff00]Switch to the[-][/c] [c][ffff00][[ Statistics ]][-][/c] tab ... [/i]\n\n[i]< ... In galactic warfare, enemy [/i]\n[i]Factions [b]call out their targets[/b]. [/i]\n[i]At least, the more [b]civilized [/b]ones do - >[/i]",,,,,,,,"[i]< [c][ffff00]Перейдите на[-][/c] вкладку [c][ffff00][[ Статистика ]][-][/c]... >[/i]\n\n[i]< ... В галактической войне вражеские фракции [b]объявляют свои цели[/b]. [/i]\n[i]По крайней мере, так поступают более [b]цивилизованные[/b] из них... >[/i]",,,,,,,,
pda_em4KjkC,--,,,,,,,,--,,,,,,,,
pda_ZSmiWum,Switch to [[Statistics]] tab,,,,,,,,Перейдите на вкладку [[Статистика]],,,,,,,,
pda_uCO08CX,"[i]< Right side of screen, second row: [/i]\n[i]""[c][ffffff]Base Attack""[-][/c][/i]\n[i]Your Farm has been [b]marked[/b]. >\n\n< ... For Zirax, this is considered as 'polite'.>[/i]\n\n[i]---[/i]\n( [b]Close [/b]Control Panel when done)[i][/i]",,,,,,,,"[i]< Справа на экране, второй ряд: [/i]\n[i]«[c][ffffff]Атака на базу[-][/c]». [/i]\n[i]Ваша ферма была [b]помечена[/b]. >[/i]\n\n[i]< ... Для зираксов это считается «вежливостью». >[/i]\n\n[i]---[/i]\n([b]Закройте[/b] панель управления, когда закончите.)[/i]",,,,,,,,
pda_4oiGtGi,--,,,,,,,,--,,,,,,,,
pda_8SCn80o,...,,,,,,,,...,,,,,,,,
pda_W4i0auK,--,,,,,,,,--,,,,,,,,
pda_Oe8E84i,"[i]< It seems, they already built a [c][ff8000]Drone Base[-][/c][/i] [i]...?[/i] >\n\n[i]< ...  [b]Those attacks will never stop[/b]. [/i][i]And each wave will be [b]worse [/b]than before. >[/i]\n\n[i]< - [/i][i]... Once they claim a planet, Zirax 'negotiate' just with their [b]guns[/b]. >[/i]",,,,,,,,"[i]< Похоже, они уже построили [c][ff8000]базу дронов[-][/c]...? >[/i]\n\n[i]< ... [b]Эти атаки никогда не прекратятся[/b]. [/i]\n[i]И каждая волна будет [b]хуже[/b] предыдущей. >[/i]\n\n[i]< ... Захватив планету, зираксы «ведут переговоры» только своими [b]пушками[/b]. >[/i]",,,,,,,,
pda_qi0vie4,...,,,,,,,,...,,,,,,,,
pda_Gw8qSEm,--,,,,,,,,--,,,,,,,,
pda_queCGGv,"[i]< Please, could you [c][ffff00]open the Control Panel[-][/c] of your [c][ffff00]Farm[-][/c]? >[/i]\n[i][/i]\n[i]< Let me check something ... >[/i]",,,,,,,,"[i]< Пожалуйста, можете [c][ffff00]открыть панель управления[-][/c] вашей [c][ffff00]фермы[-][/c]? >[/i]\n\n[i]< Дайте мне кое-что проверить... >[/i]",,,,,,,,
pda_BuESaYO,Base Defense,,,,,,,,Защита базы,,,,,,,,
pda_SGaA44u,...,,,,,,,,...,,,,,,,,
pda_aqW4ASQ,--,,,,,,,,--,,,,,,,,
pda_qUG2uxW,"[i]< We [b]cannot [/b]sit here and wait. - - And we [b]cannot leave [/b]the planet either.[/i]\n[i][c][ffff00][-][/c][/i]\n[i]< [c][ffff00]Secure your Base[-][/c], [/i]\n[i]and have an [c][ffff00]HV [-][/c]ready. >[/i]",,,,,,,,[i]< Мы [b]не можем[/b] сидеть здесь и ждать. И [b]не можем покинуть[/b] планету.[/i]\n\n[i]< [c][ffff00]Укрепите базу[-][/c] [/i]\n[i]и подготовьте [c][ffff00]ховерное судно[-][/c]. >[/i],,,,,,,,
pda_a40uuMq,...,,,,,,,,...,,,,,,,,
pda_0Wu8aC8,--,,,,,,,,--,,,,,,,,
pda_Iai2CG0,[i]< - Because -  - That [c][ff8000]spaceship [-][/c]I told you about... [/i]\n[i]It is on the [c][ffffff]same island[-][/c] as their Drone Base ... ! >[/i],,,,,,,,"[i]< Потому что тот [c][ff8000]космический корабль[-][/c], о котором я вам говорил... [/i]\n[i]Он находится на [c][ffffff]том же острове[-][/c], что и их база дронов...! >[/i]",,,,,,,,
pda_uW0iOuG,[i]< ... ? >[/i],,,,,,,,[i]< ... ? >[/i],,,,,,,,
pda_suGC0OG,\n\n\n\n\n[c][c0c0c0][sup][i](Note: Timeout for task is ca. 5 minutes)[/i][/sup][-][/c]\n\n\n\n\n[c][400040].[-][/c],,,,,,,,\n\n\n\n\n[c][c0c0c0][sup][i](Примечание: время на задание — примерно 5 минут.)[/i][/sup][-][/c]\n\n\n\n\n[c][400040].[-][/c],,,,,,,,
pda_8ISOmKJ,--,,,,,,,,--,,,,,,,,
pda_j8qSmiK,[c][ff8080]Kill[-][/c] -rw- [c][80ffff]CalSig12b[-][/c] - KilledRipperDogs [c][ff8040][i](RwBy: BAattack)[/i][-][/c],,,,,,,,[c][ff8080]Убийство[-][/c] — rw — [c][80ffff]CalSig12b[-][/c] — убиты риппер-псы [c][ff8040][i](RwBy: BAattack)[-][/c],,,,,,,,
pda_GCquqma,[i][c][c0c0c0](All Ripperdogs killed)[-][/c][/i],,,,,,,,[i][c][c0c0c0](Все риппер-псы убиты.)[-][/c][/i],,,,,,,,
pda_GCaesaC,...,,,,,,,,...,,,,,,,,
pda_WWa1Km9,--,,,,,,,,--,,,,,,,,
pda_COWYemC,[c][ff8080]Kill[-][/c] -rw- [c][80ffff]CalSig12a[-][/c] - AttDroneShot [i][c][ff8040](RwBy & OnBy:BaAttack) OffBy: ChangeZiraxHostile)[-][/c][/i],,,,,,,,[c][ff8080]Убийство[-][/c] — rw — [c][80ffff]CalSig12a[-][/c] — атакующий дрон уничтожен [i][c][ff8040](RwBy & OnBy:BaAttack) OffBy: ChangeZiraxHostile)[-][/c][/i],,,,,,,,
pda_X0W4aeW,[i][c][c0c0c0](Drone Destroyed)[-][/c][/i],,,,,,,,[i][c][c0c0c0](Дрон уничтожен.)[-][/c][/i],,,,,,,,
pda_exqq4ee,...,,,,,,,,...,,,,,,,,
pda_a48uqmS,---,,,,,,,,---,,,,,,,,
pda_CO8iiee,"[c][0080ff](nPOIv)[-][/c] -rw- [c][ff8080]V1&2[-][/c] - [c][ffffff]FastSalvage[-][/c] [i][c][ff8000](rwBy:SteelDestr, RightJunk) (OffBy:SteelSalvage)[-][/c] [/i][c][ff8000]>COffToRw[-][/c]",,,,,,,,"[c][0080ff](nPOIv)[-][/c] — rw — [c][ff8080]V1&2[-][/c] — [c][ffffff]быстрый разбор[-][/c] [i][c][ff8000](rwBy:SteelDestr, RightJunk) (OffBy:SteelSalvage)[-][/c] >COffToRw[-][/c]",,,,,,,,
pda_4a4WOeq,[i](Wreck nearby)[/i],,,,,,,,[i](Поблизости обломки.)[/i],,,,,,,,
pda_iqeCG8C,...,,,,,,,,...,,,,,,,,
pda_0GeKCCe,--,,,,,,,,--,,,,,,,,
pda_0eCKGxq,Faster Salvage,,,,,,,,Быстрый разбор,,,,,,,,
pda_iMuCWWe,...,,,,,,,,...,,,,,,,,
pda_6K0aKeL,--,,,,,,,,--,,,,,,,,
pda_OK4K4qS,"[i]< [c][ffffff]Block Salvage... [-][/c][/i]\n[i]There could be something interesting to make it [b]faster[/b]? [/i]\n[i]Let me check, maybe there is [b]something nearby[/b] to try it out... >[/i]",,,,,,,,"[i]< [c][ffffff]Разбор блоков...[-][/c] [/i]\n[i]Может, есть способ делать это [b]быстрее[/b]? [/i]\n[i]Дайте проверить: возможно, поблизости найдётся [b]что-нибудь[/b], на чём это можно испытать... >[/i]",,,,,,,,
pda_C8uPkSO,"[i]< Hey, really smart! Yes, that is a thing ...! [/i]\n... [i][c][ffffff]Block Salvage[-][/c]. >[/i]",,,,,,,,"[i]< Эй, очень умно! Да, это действительно работает...! [/i]\n[i]... [c][ffffff]Разбор блоков[-][/c]. >[/i]",,,,,,,,
pda_SKSqiWa,Collect 10 steel plates from wreck,,,,,,,,Соберите 10 стальных пластин из обломков,,,,,,,,
pda_4aSSqKS,"[u]Smart cutting:[/u] (Planetside only)\n\nYou can [c][ffffff]salvage much faster[-][/c], if you [c][ffff00]remove the support[-][/c] of blocks, and [c][ffff00]pick up the debris by hand[-][/c] [c][00ff00][ F ] [-][/c].",,,,,,,,"[u]Умная резка:[/u] (только на планете)\n\nМожно [c][ffffff]разбирать намного быстрее[-][/c], если [c][ffff00]убрать опору[-][/c] у блоков и [c][ffff00]подбирать обломки вручную[-][/c] клавишей [c][00ff00][F][-][/c].",,,,,,,,
pda_CeKGa2m,(Use [c][ffffff][b]Salvage mode[/b][-][/c] [RMB] of Survival tool)\n- [c][ffff00]Cut trough a section[-][/c] so that the upper part will fall down.\n- [c][ffff00]Pick it up[-][/c] by hand with [c][00ff00][ F ][-][/c],,,,,,,,"(Используйте [c][ffffff][b]режим «Разобрать»[-][/b][/c] [ПКМ] инструмента выживания.)\n- [c][ffff00]Прорежьте участок[-][/c], чтобы верхняя часть рухнула.\n- [c][ffff00]Подберите её[-][/c] вручную клавишей [c][00ff00][F][-][/c].",,,,,,,,
pda_SCASuuC,--,,,,,,,,--,,,,,,,,
pda_qaCqi0O,...,,,,,,,,...,,,,,,,,
pda_uuCqjM8,...,,,,,,,,...,,,,,,,,
pda_Kiommiu,--,,,,,,,,--,,,,,,,,
pda_OaS6OKq,"[i]< ... You will [c][ffffff]lose [-][/c][b]some [/b]of the materials, though ... >[/i]\n[i][/i]\n[i]< Just do it [b]for basic [/b]things. >[/i]",,,,,,,,"[i]< ... Правда, часть материалов будет [c][ffffff]потеряна[-][/c]... >[/i]\n\n[i]< Делайте так только с [b]простыми[/b] вещами. >[/i]",,,,,,,,
pda_WeSOea0,...,,,,,,,,...,,,,,,,,
pda_mOKmCmX,...,,,,,,,,...,,,,,,,,
pda_SeaQKC0,--,,,,,,,,--,,,,,,,,
pda_SWGHeiR,[i](Wreck nearby)[/i],,,,,,,,[i](Поблизости обломки.)[/i],,,,,,,,
pda_uWGqWWO,...,,,,,,,,...,,,,,,,,
pda_mS0qMO0,---,,,,,,,,---,,,,,,,,
pda_COeACiq,[i]< This [c][ffff00]wreck[-][/c] here is a good [b]test case[/b] for [c][ffffff]speed salvage [-][/c]... [/i]\n[i]Want to give it a try ...? >[/i],,,,,,,,[i]< Эти [c][ffff00]обломки[-][/c] — хороший [b]тестовый случай[/b] для [c][ffffff]быстрого разбора[-][/c]... [/i]\n[i]Хотите попробовать...? >[/i],,,,,,,,
pda_uae4iqO,"[c][ff8080]BDestr[-][/c] -on- [c][ff8080]V2[-][/c]- At[c][ffffff]RightJunk[-][/c] [c][ff8000][i](OffBy: SteelSalvg, SteelDestr)[/i] >C_Off[-][/c]",,,,,,,,"[c][ff8080]BDestr[-][/c] — вкл. — [c][ff8080]V2[-][/c] — у [c][ffffff]нужных обломков[-][/c] [c][ff8000][i](OffBy: SteelSalvg, SteelDestr)[/i] >C_Off[-][/c]",,,,,,,,
pda_4GomSmC,...,,,,,,,,...,,,,,,,,
pda_Wqa824S,...,,,,,,,,...,,,,,,,,
pda_0quOOK8,--,,,,,,,,--,,,,,,,,
pda_Cm4eqme,"[i]< Hey, really smart! Yes, that is a thing ...! [/i]\n... [i][c][ffffff]Block Salvage[-][/c]. >[/i]",,,,,,,,"[i]< Эй, очень умно! Да, это действительно работает...! [/i]\n[i]... [c][ffffff]Разбор блоков[-][/c]. >[/i]",,,,,,,,
pda_OieG80u,"HP0 -off- Primer [c][ffffff]Death2[-][/c] chapter [c][ff8000][i](RwBy: RespawnNote)[/i][-][/c] [c][ff8000][i](ToRwBy: EvilHack-Breach,Worry1&2,Fan,dead1)[/i][-][/c] [c][ff8000]>ChRw[-][/c]",,,,,,,,"HP0 — выкл. — подготовка главы [c][ffffff]смерть2[-][/c] [c][ff8000][i](RwBy: RespawnNote)[/i][-][/c] [c][ff8000][i](ToRwBy: EvilHack-Breach,Worry1&2,Fan,dead1)[/i][-][/c] [c][ff8000]>ChRw[-][/c]",,,,,,,,
pda_KS0qiuQ,Death,,,,,,,,Смерть,,,,,,,,
pda_eqKKhSG,...,,,,,,,,...,,,,,,,,
pda_WGKOGKS,--,,,,,,,,--,,,,,,,,
pda_a0KCS6e,[i]< No...! [/i][i]>[/i],,,,,,,,[i]< Нет...! >[/i],,,,,,,,
pda_KOuaqma,HP250 -rw-Death2 counter  [c][ff8000][i](RwBy: PrimDeath2) [/i]>C_Rw x3[-][/c],,,,,,,,HP250 — rw — счётчик смерти 2 [c][ff8000][i](RwBy: PrimDeath2)[/i]>C_Rw x3[-][/c],,,,,,,,
pda_8WmOmCx,[i](Respawning)[/i],,,,,,,,[i](Возрождение.)[/i],,,,,,,,
pda_GGO8K24,...,,,,,,,,...,,,,,,,,
pda_S44ieie,--,,,,,,,,--,,,,,,,,
pda_00mw8BW,HP0 -rw- Primer [c][ffffff]Death3[-][/c] chapter [c][ff8000][i](RwBy: Death2Count)[/i] >ChRw[-][/c],,,,,,,,HP0 — rw — подготовка главы [c][ffffff]смерть 3[-][/c] [c][ff8000][i](RwBy: Death2Count)[/i] >ChRw[-][/c],,,,,,,,
pda_0ubq1S0,Death,,,,,,,,Смерть,,,,,,,,
pda_uBOOWWe,...,,,,,,,,...,,,,,,,,
pda_SisCSW0,--,,,,,,,,--,,,,,,,,
pda_mas0Cs0,[i]< Please-... you have to get up ! >[/i],,,,,,,,[i]< Пожалуйста... вам нужно подняться! >[/i],,,,,,,,
pda_Wa08qGS,HP250 -rw-Death[c][ffffff]3 counter[-][/c] [c][ff8000][i] (RwBy: PrimDeath3) [/i]>C_Rw x2[-][/c],,,,,,,,HP250 — rw — счётчик [c][ffffff]смерти 3[-][/c] [c][ff8000][i](RwBy: PrimDeath3)[/i]>C_Rw x2[-][/c],,,,,,,,
pda_Yu4Au0G,[i](Respawning)[/i],,,,,,,,[i](Возрождение.)[/i],,,,,,,,
pda_0Cu3SWi,...,,,,,,,,...,,,,,,,,
pda_a4i4D0a,--,,,,,,,,--,,,,,,,,
pda_20Geiqq,HP0- rw- Primer Death4 chapter [i][c][ff8000](RwBy: Death3Count) [-][/c][c][ff8000]>ChRw[-][/c][/i],,,,,,,,HP0 — rw — подготовка главы «Смерть 4» [i][c][ff8000](RwBy: Death3Count)[-][/c][c][ff8000]>ChRw[-][/c][/i],,,,,,,,
pda_b0mKFCO,Death,,,,,,,,Смерть,,,,,,,,
pda_m4COeuq,...,,,,,,,,...,,,,,,,,
pda_8S44KOm,--,,,,,,,,--,,,,,,,,
pda_qaWmXe8,[i]< ... >[/i],,,,,,,,[i]< ... >[/i],,,,,,,,
pda_GD00CWC,[i]Choice. - 'Let Drill [c][ffffff]hack the Hangar doors[-][/c]'[/i],,,,,,,,[i]Выбор: «Позволить Дриллу [c][ffffff]взломать двери ангара[-][/c]». >[/i],,,,,,,,
pda_8i00ear,...,,,,,,,,...,,,,,,,,
pda_CGiWVGq,..,,,,,,,,..,,,,,,,,
pda_eKuWOif,--,,,,,,,,--,,,,,,,,
pda_GSqE4eK,[i]< This... isn't [b]right[/b]. ... - - I can do this... I can Do this ... [/i]\n[i]I can... - Will - [c][ffffff]hack the hangar door[-][/c] ![/i]\n[i]Then you can safely reach the space vessel ... ! >[/i]\n\n---\n[c][ffffff][u]Note[/u]: [-][/c][c][ff8000][b]This will bypass the battle[/b][-][/c] [c][ffffff]inside of the Dronebase.[-][/c]\n\nProceed?,,,,,,,,[i]< Это... [b]неправильно[/b]. Но я могу это сделать... Я могу... [/i]\n[i]Я смогу... [c][ffffff]взломать дверь ангара[-][/c]![/i]\n[i]Тогда вы сможете безопасно добраться до космического корабля...! >[/i]\n\n---\n[c][ffffff][u]Примечание[/u]:[-][/c] [c][ff8000][b]Это позволит пропустить бой[-][/b][/c] [c][ffffff]внутри базы дронов.[-][/c]\n\nПродолжить?,,,,,,,,
pda_omOiKOO,[i][b][c][ff8080]<<[-][/c][c][ff8080][-][/c][/b][c][c0c0c0] Rogue AI has[-][/c][b][c][ffffff] diverted system power[-][/c][/b][c][ffffff] to hacking module.[-][/c][/i]\n[i][c][c0c0c0]Preparing to [b]access the exposed[/b] memory nodes...[-][/c][b][c][ff8080] >>[-][/c][/b][/i],,,,,,,,[i][b][c][ff8080]<<[-][/c][/b][c][c0c0c0] ИИ-изгой[-][/c][b][c][ffffff] перенаправил энергию системы[-][/c][/b][c][ffffff] в модуль взлома.[-][/c][/i]\n[i][c][c0c0c0]Подготовка к [b]доступу к открытым[/b] узлам памяти...[-][/c][b][c][ff8080] >>[-][/c][/b][/i],,,,,,,,
pda_umSqmiW,[i]< Haaaangggaar ddooorrss uunnllooockkddd... ## >[/i],,,,,,,,[i]< Дввверрри аанггаарра раазблооккирооваааны... ## >[/i],,,,,,,,
pda_OCi00ea,[i]< Okay ... >[/i],,,,,,,,[i]< Хорошо... >[/i],,,,,,,,
pda_K0YqFul,[i](Hangar doors unlocked)[/i],,,,,,,,[i](Двери ангара разблокированы.)[/i],,,,,,,,
pda_e4mo6QO,...,,,,,,,,...,,,,,,,,
pda_Qequ4q0,--,,,,,,,,--,,,,,,,,
pda_Wk4ie8u,"[c][ffffff][u]Note[/u]: [-][/c]You can now reach the Space Vessel by[c][ffffff] the large topside hangar[-][/c] doors. \nPlease [c][ffff00]check the Marker.[-][/c]\n\n- [c][ffffff]When near,[-][/c] [c][ffff00]open the doors with[-][/c] [c][00ff00][ F ][-][/c]",,,,,,,,"[c][ffffff][u]Примечание[/u]:[-][/c] Теперь до космического корабля можно добраться через [c][ffffff]большие верхние двери ангара[-][/c].\nПожалуйста, [c][ffff00]проверьте маркер[-][/c].\n\n- [c][ffffff]Оказавшись рядом,[-][/c] [c][ffff00]откройте двери клавишей[-][/c] [c][00ff00][F][-][/c].",,,,,,,,
pda_CkimeKu,HP250 -rw-Death4 counter [c][ff8000][i] (RwBy: PrimDeath4) [/i]>C_Rw[-][/c],,,,,,,,HP250 — rw — счётчик смерти 4 [c][ff8000][i](RwBy: PrimDeath4)[/i]>C_Rw[-][/c],,,,,,,,
pda_S4akGeK,[i](Respawning)[/i],,,,,,,,[i](Возрождение.)[/i],,,,,,,,
pda_qWmGCWW,...,,,,,,,,...,,,,,,,,
pda_qCe8C4i,--,,,,,,,,--,,,,,,,,
pda_0K0G0mr,...,,,,,,,,...,,,,,,,,
pda_CqgiGqa,...,,,,,,,,...,,,,,,,,
pda_SuOeG0w,--,,,,,,,,--,,,,,,,,
pda_4S4S0GS,"[i]< All that pain - - [/i]\n[i]I can ... [b][c][ff8000]help[-][/c] ...[/b][/i] >\n[i][/i]\n[i]< If you want to, [/i][c][ffffff]please open the PDA[-][/c] [c][00ff00][ F1 ][-][/c][i] >[/i]",,,,,,,,"[i]< Вся эта боль... [/i]\n[i]Я могу... [b][c][ff8000]помочь[-][/c]...[/b][/i] >\n\n[i]< Если хотите, [c][ffffff]откройте PDA[-][/c] клавишей [c][00ff00][F1][-][/c]. >[/i]",,,,,,,,
pda_imiO8aC,[i]< I'm so [b]sorry[/b]...[/i]\n[i]I wish I could help ... ...  - - >[/i],,,,,,,,[i]< Мне так [b]жаль[/b]...[/i]\n[i]Хотелось бы мне помочь... >[/i],,,,,,,,
pda_W4UaW0O,[c][0080ff](nPOI3_DBCal)[-][/c] rw - [c][ffffff]Armor Warn[-][/c] [c][ff8000][i](RwBy: (DeathCounter3)[/i][-][/c][c][ffff00] +Dialog[-][/c],,,,,,,,[c][0080ff](nPOI3_DBCal)[-][/c] rw — [c][ffffff]предупреждение о броне[-][/c] [c][ff8000][i](RwBy: (DeathCounter3)[/i][-][/c][c][ffff00] +Dialog[-][/c],,,,,,,,
pda_a14GOiG,[i](Need repairs?)[/i],,,,,,,,[i](Нужен ремонт?)[/i],,,,,,,,
pda_G04deSI,...,,,,,,,,...,,,,,,,,
pda_SWC7uSC,--,,,,,,,,--,,,,,,,,
pda_O4WKw0O,[c][0080ff](nPOI3_DBCal)[-][/c] -rw- [c][ffffff]Ammo hint[-][/c][c][ff8000][i] (RwBy: DeathCount02) (OffBy: OpenDBWeap) [/i]>C_On[-][/c],,,,,,,,[c][0080ff](nPOI3_DBCal)[-][/c] — rw — [c][ffffff]подсказка о боеприпасах[-][/c] [c][ff8000][i](RwBy: DeathCount02) (OffBy: OpenDBWeap) >C_On[-][/c],,,,,,,,
pda_OaKqKc4,(Weapons),,,,,,,,(Оружие),,,,,,,,
pda_GO0viSG,...,,,,,,,,...,,,,,,,,
pda_4a8qK0G,--,,,,,,,,--,,,,,,,,
pda_Kmovku0,"_________ [i](DroneBase, Evil Hack vs Drill)[/i]",,,,,,,,_________ [i](База дронов: злой взлом против Дрилла)[/i],,,,,,,,
pda_eCaqCmS,--,,,,,,,,--,,,,,,,,
pda_i80C4mi,--,,,,,,,,--,,,,,,,,
pda_WSsaSp8,--,,,,,,,,--,,,,,,,,
pda_iOmSC04,InvOp-on- Open [c][ffffff]DBWeapBox[-][/c] [c][ff8000]>C_Off x2[-][/c],,,,,,,,InvOp — вкл. — открыть [c][ffffff]ящик с оружием на базе дронов[-][/c] [c][ff8000]>C_Off x2[-][/c],,,,,,,,
pda_iC404Ci,...,,,,,,,,...,,,,,,,,
pda_aG8ij8u,...,,,,,,,,...,,,,,,,,
pda_iCOw8CG,--,,,,,,,,--,,,,,,,,
pda_mWgmiMi,[i]< A [b]Plasma Cannon[/b] ... ?! ... >[/i],,,,,,,,[i]< [b]Плазменная пушка[/b]...?! >[/i],,,,,,,,
pda_iaiu88q,[i]< There ... could be a [b]repair station [/b]somewhere ...[/i][i] >[/i],,,,,,,,[i]< Где-то здесь может быть [b]ремонтная станция[/b]... >[/i],,,,,,,,
pda_e8u4SWe,[i](Armor state reminder)[/i],,,,,,,,[i](Напоминание о состоянии брони.)[/i],,,,,,,,
pda_0GOq4iS,...,,,,,,,,...,,,,,,,,
pda_8GKGO4C,--,,,,,,,,--,,,,,,,,
pda_uSKSiKu,[c][ff80ff]needed? - [-][/c][c][ffffff]DlgEnd[-][/c]- rw- RepairStation hint [c][ff8000][i](RwBy: ArmorWarn)[/i] >C_On[-][/c],,,,,,,,[c][ff80ff]нужно? —[-][/c] [c][ffffff]DlgEnd[-][/c] — rw — подсказка о ремонтной станции [c][ff8000][i](RwBy: ArmorWarn)[/i] >C_On[-][/c],,,,,,,,
pda_40EOaWu,[c][00ff00]rdy [-][/c]- [c][0080ff]Mrk[-][/c] - off- DBRepairStat Loc [i][c][ff8000](OnBy: HintLoc)[-][/c][/i],,,,,,,,[c][00ff00]готово[-][/c] — [c][0080ff]Mrk[-][/c] — выкл. — местоположение ремонтной станции базы дронов [i][c][ff8000](OnBy: HintLoc)[-][/c][/i],,,,,,,,
pda_mmuCWui,...,,,,,,,,...,,,,,,,,
pda_0CKOi4C,...,,,,,,,,...,,,,,,,,
pda_44iOvKm,--,,,,,,,,--,,,,,,,,
pda_au0CmeS,[c][0080ff]Mrk[-][/c] - off- Cool[c][ffffff]Weapons loc[-][/c]ation POI [c][ff8000][i](OnBy: AmmoHint) (OffBy: OpenDBWeap)[/i][-][/c],,,,,,,,[c][0080ff]Mrk[-][/c] — выкл. — местоположение [c][ffffff]крутого оружия[-][/c] в POI [c][ff8000][i](OnBy: AmmoHint) (OffBy: OpenDBWeap)[-][/c],,,,,,,,
pda_SaOuC4u,...,,,,,,,,...,,,,,,,,
pda_qGO06ue,...,,,,,,,,...,,,,,,,,
pda_mmi2muO,--,,,,,,,,--,,,,,,,,
pda_GqGmEWi,...,,,,,,,,...,,,,,,,,
pda_kg4mC8i,...,,,,,,,,...,,,,,,,,
pda_S0q08OC,--,,,,,,,,--,,,,,,,,
pda_GKaGmC8,...,,,,,,,,...,,,,,,,,
pda_GKgK0Cm,...,,,,,,,,...,,,,,,,,
pda_KSaS0Ou,--,,,,,,,,--,,,,,,,,
pda_quG04ia,[c][0080ff]Mrk[-][/c] - off- DBHangarLocation [c][ff8000][i](OnBy: ((HackHangar)) ) (OffBy: ReachSVHangar)[/i][-][/c],,,,,,,,[c][0080ff]Mrk[-][/c] — выкл. — местоположение ангара базы дронов [c][ff8000][i](OnBy: ((HackHangar)) ) (OffBy: ReachSVHangar)[-][/c],,,,,,,,
pda_a0W4Ytm,...,,,,,,,,...,,,,,,,,
pda_SCeaCi8,...,,,,,,,,...,,,,,,,,
pda_4equLe4,--,,,,,,,,--,,,,,,,,
pda_mSSeqCK,"Sig - off- Hint Drone spawn & [c][ffffff]grids [-][/c][c][ff8000][i](ToRwBy: DBFanFict) (RwBy: Death2,3,4Count) (OffBy: DbGrid) [/i]>C_Off[-][/c]",,,,,,,,"Sig — выкл. — подсказка о появлении дронов и [c][ffffff]решётках[-][/c] [c][ff8000][i](ToRwBy: DBFanFict) (RwBy: Death2,3,4Count) (OffBy: DbGrid)[/i]>C_Off[-][/c]",,,,,,,,
pda_kiKKq8K,...,,,,,,,,...,,,,,,,,
pda_qesKOq4,...,,,,,,,,...,,,,,,,,
pda_8q6uW84,--,,,,,,,,--,,,,,,,,
pda_G0eeiuK,"[c][ff8080]BlkDestr[-][/c] - off- [c][ffffff]DBGrid[-][/c][c][ff8000][i] (OnBy: EvilHack-breach, worry1+2)[/i][-][/c] [c][ff8000] >C_off[-][/c]",,,,,,,,"[c][ff8080]BlkDestr[-][/c] — выкл. — [c][ffffff]решётка базы дронов[-][/c] [c][ff8000][i](OnBy: EvilHack-breach, worry1+2)[-][/c] [c][ff8000]>C_off[-][/c]",,,,,,,,
pda_OeC8ka7,[i](Hidden Passages)[/i],,,,,,,,[i](Скрытые проходы.)[/i],,,,,,,,
pda_OSqGW8e,...,,,,,,,,...,,,,,,,,
pda_qQ8GIKa,--,,,,,,,,--,,,,,,,,
pda_S4mwmKq,"[i]< Yes, [b]this is better.[/b] - - [/i][i]No reason to barge directly into open areas ... >[/i]",,,,,,,,"[i]< Да, [b]так лучше.[/b] [/i][i]Нет причин врываться прямо на открытые участки... >[/i]",,,,,,,,
pda_8q0qYuT,"[i]< You ... could use your [c][ffffff]drone [-][/c][/i][c][00ff00][F5][-][/c] [i][c][ffffff]to scout[-][/c] more ... >[/i]\n[i][/i]\n[i]< And that [c][ffffff][b]grid over there[/b], it seems brittle[-][/c]... >[/i]",,,,,,,,"[i]< Можно использовать свой [c][ffffff]дрон[-][/c] [c][00ff00][F5][-][/c], чтобы лучше [c][ffffff]разведать[-][/c] местность... >[/i]\n\n[i]< А та [c][ffffff][b]решётка вон там[/b] выглядит хрупкой... >[/i]",,,,,,,,
pda_qOTCmue,[i]< Detecting ... some [b]powerful weapons[/b] here... - - Check the [c][ffff00]marker [-][/c]! >[/i],,,,,,,,[i]< Обнаружено... какое-то [b]мощное оружие[/b]. Проверьте [c][ffff00]маркер[-][/c]! >[/i],,,,,,,,
pda_WquS40i,sig -off- Tank[c][ffffff]CoreNote[-][/c] [c][ff8000][i](OnBy: ReachDBTsk) (OffBy: TankCoreBox)[/i][-][/c],,,,,,,,Sig — выкл. — [c][ffffff]подсказка о ядре танка[-][/c] [c][ff8000][i](OnBy: ReachDBTsk) (OffBy: TankCoreBox)[-][/c],,,,,,,,
pda_aCSmeWu,(Needs a Core),,,,,,,,(Нужно ядро.),,,,,,,,
pda_G0uEeee,...,,,,,,,,...,,,,,,,,
pda_qKuKOGi,--,,,,,,,,--,,,,,,,,
pda_aa8KGCK,[i]< This Tank [b]needs a[/b] [c][ffff00]Core[-][/c]. [/i]\n[i]- But there could be a spare one in the [c][ffffff]orange box[-][/c] at the front ... >[/i],,,,,,,,[i]< Этому танку [b]нужно[/b] [c][ffff00]ядро[-][/c]. [/i]\n[i]Но запасное может лежать в [c][ffffff]оранжевом ящике[-][/c] впереди... >[/i],,,,,,,,
pda_OCJu0G8,[b]BlkPlc[/b] - off- [c][ffffff]PlaceCoreTank[-][/c][c][ff8000][i] (OnBy: ExploreNest)[/i][-][/c],,,,,,,,[b]BlkPlc[/b] — выкл. — [c][ffffff]установить ядро в танк[-][/c] [c][ff8000][i](OnBy: ExploreNest)[-][/c],,,,,,,,
pda_0au8eCS,[i](Core Placed)[/i],,,,,,,,[i](Ядро установлено.)[/i],,,,,,,,
pda_40Ic2m4,...,,,,,,,,...,,,,,,,,
pda_gWaQqja,--,,,,,,,,--,,,,,,,,
pda_OOWq0qK,InvOp - on- [c][ffffff]tankCoreBox[-][/c] [c][ff8000]>C_off x2[-][/c],,,,,,,,InvOp — вкл. — [c][ffffff]ящик с ядром танка[-][/c] [c][ff8000]>C_off x2[-][/c],,,,,,,,
pda_GuiuC0K,...,,,,,,,,...,,,,,,,,
pda_O8qau06,...,,,,,,,,...,,,,,,,,
pda_mR8S0Gm,--,,,,,,,,--,,,,,,,,
pda_KO8UHCo,Mrk(nUnit) -rw- [c][ffffff]TankCoreMrk[-][/c] [c][ff8000][i](OnBy: TankCoreNote)[/i][-][/c],,,,,,,,Mrk(nUnit) — rw — [c][ffffff]маркер ядра танка[-][/c] [c][ff8000][i](OnBy: TankCoreNote)[-][/c],,,,,,,,
pda_aaKm4CQ,...,,,,,,,,...,,,,,,,,
pda_04eC8WE,...,,,,,,,,...,,,,,,,,
pda_G8qqeWa,--,,,,,,,,--,,,,,,,,
pda_Smm0aei,[c][0080ff](nPOI)[-][/c] -rw- Explore[c][ffffff]NestBridge[-][/c]Trg [c][ff8000][i](RwBy: ExploreNest)  [/i]>C_rw x3 >C_on x2 [-][/c][c][ffff80]Unlock & TurnOFF[-][/c],,,,,,,,[c][0080ff](nPOI)[-][/c] — rw — исследовать [c][ffffff]мост гнезда[-][/c] [c][ff8000][i](RwBy: ExploreNest)[/i]>C_rw x3 >C_on x2[-][/c][c][ffff80]Разблокировать и выключить[-][/c],,,,,,,,
pda_mSC00m8,...,,,,,,,,...,,,,,,,,
pda_SiCseK4,...,,,,,,,,...,,,,,,,,
pda_SSKmuWC,--,,,,,,,,--,,,,,,,,
pda_oGa6aiC,[c][80ffff]Sig[-][/c](ziraxSpawn)- on - [c][80ffff]CAL16[-][/c] - [c][ffffff]NestBattle[-][/c][i] [c][ff8000](OnBySig)[-][/c] [/i][c][ff8000]>C_Rw[-][/c],,,,,,,,[c][80ffff]Sig[-][/c] (появление зираксов) — вкл. — [c][80ffff]CAL16[-][/c] — [c][ffffff]бой в гнезде[-][/c] [i][c][ff8000](OnBySig)[-][/c][/i] [c][ff8000]>C_Rw[-][/c],,,,,,,,
pda_0iWCGKS,[i]Defend yourself[/i],,,,,,,,[i]Защищайтесь.[/i],,,,,,,,
pda_Kai4SmC,Shoot Attacker,,,,,,,,Выстрелите в атакующего,,,,,,,,
pda_KGOaaSG,--,,,,,,,,--,,,,,,,,
pda_WKEpCWx,Sig ([b][c][ffffff]&Multi[-][/c][/b]_HldItm_InvOp)[b][/b]- rw- Warn [c][ffffff]DBDifficulty[-][/c] [c][ff8000][i](rwBy: HackMsg2) [/i]((C_OffOnx4))[-][/c],,,,,,,,Sig ([b][c][ffffff]&Multi[-][/c][/b]_HldItm_InvOp)[b][/b] — rw — предупреждение о [c][ffffff]сложности базы дронов[-][/c] [c][ff8000][i](rwBy: HackMsg2)[/i] ((C_OffOnx4))[-][/c],,,,,,,,
pda_SiKCuiW,[c][ffff00]Reach Dronebase Hangar[-][/c],,,,,,,,[c][ffff00]Доберитесь до ангара базы дронов[-][/c],,,,,,,,
pda_EsOGmc4,...,,,,,,,,...,,,,,,,,
pda_0eqi4CC,--,,,,,,,,--,,,,,,,,
pda_u4C7WGs,Destroy Pad,,,,,,,,Уничтожьте площадку,,,,,,,,
pda_O8vG0Ki,--,,,,,,,,--,,,,,,,,
pda_qKaeC0K,[i]< Good. >[/i],,,,,,,,[i]< Хорошо. >[/i],,,,,,,,
pda_Oa4K0aW,[c][80ffff]Sig[-][/c] - on - CongratsPad [c][ff8000]>C_Off [-][/c] [c][ff8000]>C_Rw x2[-][/c],,,,,,,,[c][80ffff]Sig[-][/c] — вкл. — поздравление: площадка [c][ff8000]>C_Off[-][/c] [c][ff8000]>C_Rw x2[-][/c],,,,,,,,
pda_ac4qaGO,...,,,,,,,,...,,,,,,,,
pda_uuKGm8i,...,,,,,,,,...,,,,,,,,
pda_OO8ibe8,--,,,,,,,,--,,,,,,,,
pda_u8aaE8e,"[i]< [c][ffffff][b]Nicely done [/b]![-][/c][/i]\n[i]... N[/i][i]o teleporter, no reinforcements ! >[/i]",,,,,,,,[i]< [c][ffffff][b]Отлично сделано![/b][-][/c][/i]\n[i]... Нет телепортера — нет подкреплений! >[/i],,,,,,,,
pda_aui08ve,[c][ff8080]B_Dstr[-][/c] - [c][80ffff]CalSig16a [-][/c]- [c][ffffff]DestroySpawn[-][/c]Pad [c][ff8000][i](RwBy: NestOpen)[/i][-][/c],,,,,,,,[c][ff8080]B_Dstr[-][/c] — [c][80ffff]CalSig16a[-][/c] — [c][ffffff]уничтожить площадку появления[-][/c] [c][ff8000][i](RwBy: NestOpen)[/i][-][/c],,,,,,,,
pda_uiK3CK0,[i][c][c0c0c0]( Spawner destroyed )[-][/c][/i],,,,,,,,[i][c][c0c0c0](Точка появления уничтожена.)[-][/c][/i],,,,,,,,
pda_K4eSmOm,...,,,,,,,,...,,,,,,,,
pda_KGqVSWS,--,,,,,,,,--,,,,,,,,
pda_Sm8Kr4q,[c][ff8080]Kill [-][/c]- rw- [c][80ffff]CalSig16b[-][/c] - [c][ffffff]ZiraxDown[-][/c] [c][ff8000][i](RwBy: NestOpen) (Offby: CongratsPad[/i][i] & [/i][i]ExploreNest)[/i][-][/c],,,,,,,,[c][ff8080]Убийство[-][/c] — rw — [c][80ffff]CalSig16b[-][/c] — [c][ffffff]зиракс повержен[-][/c] [c][ff8000][i](RwBy: NestOpen) (Offby: CongratsPad & ExploreNest)[/i][-][/c],,,,,,,,
pda_4uqKqW4,[i][c][c0c0c0]( Zirax down )[-][/c][/i],,,,,,,,[i][c][c0c0c0](Зиракс повержен.)[-][/c][/i],,,,,,,,
pda_iWWq4q8,...,,,,,,,,...,,,,,,,,
pda_eMGWGqo,--,,,,,,,,--,,,,,,,,
pda_0eOiGei,[c][80ffff]Sig[-][/c] - Nest[c][ffffff]PadWarn[-][/c] [c][ff8000][i]>C_Rw[/i][-][/c],,,,,,,,[c][80ffff]Sig[-][/c] — предупреждение о [c][ffffff]площадке гнезда[-][/c] [c][ff8000][i]>C_Rw[/i][-][/c],,,,,,,,
pda_QOeEmo0,...,,,,,,,,...,,,,,,,,
pda_imO3e7u,...,,,,,,,,...,,,,,,,,
pda_qqGW480,--,,,,,,,,--,,,,,,,,
pda_Owh4euG,[i]< A [c][ff8000][c][ffffff]Zirax[-][/c] [-][/c]! >[/i]\n[i][/i]\n[i]< The [c][ffff00]teleporter pad - Destroy it! [-][/c]>[/i],,,,,,,,[i]< [c][ffffff]Зиракс[-][/c]! >[/i]\n\n[i]< [c][ffff00]Телепортная площадка — уничтожьте её![-][/c] >[/i],,,,,,,,
pda_uSmqGiK,[c][80ffff](CAL17) Sig[-][/c] - on - [c][ffffff]ZiraxCloning [-][/c][i][c][ff8000](OffBy: HackCounter)[-][/c][/i],,,,,,,,[c][80ffff](CAL17) Sig[-][/c] — вкл. — [c][ffffff]клонирование зираксов[-][/c] [i][c][ff8000](OffBy: HackCounter)[-][/c][/i],,,,,,,,
pda_aCqKGKW,Zirax Soldier,,,,,,,,Солдат зираксов,,,,,,,,
pda_WaK4meK,...,,,,,,,,...,,,,,,,,
pda_WiuGGKi,--,,,,,,,,--,,,,,,,,
pda_maYiS8u,[i]< Combine mass [b]Self-Cloning Technology[/b]... [/i]\n[i]...  with a [b]hyper-miltaristic[/b] society ... >[/i]\n\n[i]< - Poor bastard. - - All this [b]respawning [/b]... A copy of a copy ... >[/i],,,,,,,,[i]< Совместите массовую [b]технологию самоклонирования[/b]... [/i]\n[i]... с [b]гипермилитаристским[/b] обществом... >[/i]\n\n[i]< Бедняга... Все эти [b]возрождения[/b]... Копия копии... >[/i],,,,,,,,
pda_iuu0Su0,Zirax Soldier,,,,,,,,Солдат зираксов,,,,,,,,
pda_CeuCimC,...,,,,,,,,...,,,,,,,,
pda_W8WGq8S,--,,,,,,,,--,,,,,,,,
pda_q4Cm4Ce,[c][ffff00]Reach Dronebase Hangar[-][/c],,,,,,,,[c][ffff00]Доберитесь до ангара базы дронов[-][/c],,,,,,,,
pda_iq8K48S,...,,,,,,,,...,,,,,,,,
pda_m848akq,--,,,,,,,,--,,,,,,,,
pda_4O0e8a4,...,,,,,,,,...,,,,,,,,
pda_SduWui4,...,,,,,,,,...,,,,,,,,
pda_44D480W,--,,,,,,,,--,,,,,,,,
pda_4KK0uq8,"[i]< If [c][ffffff]something truly life-threatening happens,[-][/c] I will try to do my best distract the attackers. >[/i]\n[i]< You know, ...[/i]\n[i]sometimes it is good to [b][c][ffffff]have a choice[-][/c].[/b] - To just ... [b]crawl away[/b] ...? >[/i]",,,,,,,,"[i]< Если случится [c][ffffff]что-то действительно угрожающее жизни[-][/c], я постараюсь как можно лучше отвлечь нападающих. >[/i]\n[i]< Знаете...[/i]\n[i]Иногда хорошо [b][c][ffffff]иметь выбор[-][/c].[/b] Просто... [b]уползти прочь[/b]...? >[/i]",,,,,,,,
pda_gGmWaUC,"[i]< In case of death, you will be able to [b]respawn [/b]here, now. >[/i]",,,,,,,,[i]< В случае смерти теперь вы сможете [b]возродиться[/b] здесь. >[/i],,,,,,,,
pda_M4Oamue,"[i]<  But, about those ... clone bays ... ... >[/i]",,,,,,,,[i]< Но насчёт этих... капсул клонирования... >[/i],,,,,,,,
pda_0CWuKAO,"[i]< So, uh ...  ... >[/i]",,,,,,,,"[i]< Так, эм... >[/i]",,,,,,,,
pda_ieSqC4u,[c][ffff00]Reach Dronebase Hangar[-][/c],,,,,,,,[c][ffff00]Доберитесь до ангара базы дронов[-][/c],,,,,,,,
pda_WSuOaa4,...,,,,,,,,...,,,,,,,,
pda_KGKYmwC,--,,,,,,,,--,,,,,,,,
pda_kSKKS8K,[i]< - The [b][c][ffffff]escape vessel[-][/c][/b] is in the [/i][c][ffff00]Dronebase Hangar. [-][/c]\n[i]... We ... need to [b]get to it[/b] somehow ... >[/i],,,,,,,,[i]< [b][c][ffffff]Корабль для побега[-][/c][/b] находится в [/i][c][ffff00]ангаре базы дронов[-][/c].\n[i]Нам нужно как-то [b]добраться до него[/b]... >[/i],,,,,,,,
pda_aSe4dmK,[c][ffff00]Reach Dronebase Hangar[-][/c],,,,,,,,[c][ffff00]Доберитесь до ангара базы дронов[-][/c],,,,,,,,
pda_1eSKaSm,...,,,,,,,,...,,,,,,,,
pda_OCiOiuq,--,,,,,,,,--,,,,,,,,
pda_iWueeqa,[i]< But that will [b][u]not[/u] [/b]be easy. >[/i]\n[i][c][ffffff][-][/c][/i]\n[i]< ... [c][ffffff]Prepare for a difficult fight[-][/c] ... ! >[/i],,,,,,,,[i]< Но это будет [b][u]не[/u][/b] легко. >[/i]\n\n[i]< ... [c][ffffff]Готовьтесь к тяжёлому бою[-][/c]...! >[/i],,,,,,,,
pda_44ia8oS,...,,,,,,,,...,,,,,,,,
pda_4qiWK0K,...,,,,,,,,...,,,,,,,,
pda_mCu00PC,--,,,,,,,,--,,,,,,,,
pda_EuG7C4S,[i]< ... That was another[c][ff8000] Zirax Trooper[-][/c] [c][ffffff]teleporter pad[-][/c] ... [/i]\n[i]Why are - - >[/i],,,,,,,,[i]< ... Это была ещё одна [c][ff8000]телепортная площадка солдат зираксов[-][/c]... [/i]\n[i]Почему они... >[/i],,,,,,,,
pda_mqi88OG,[c][ffffff]Creating a new Vessel or Base[-][/c],,,,,,,,[c][ffffff]Создание нового корабля или базы[-][/c],,,,,,,,
pda_q48OqmC,Three ways to create structures in the game:,,,,,,,,Три способа создавать конструкции в игре:,,,,,,,,
pda_FaKmaWS,"\n[c][ffffff]A- [-][/c][b][c][ffffff]Place a 'Starter Block' on the ground. [-][/c][/b]\nThen build on that with your blocks.\n[i](The Starter will already include a Core, setting your Ownership of the structure.)[/i]\n\n[b][c][ffffff]B- Spawn a pre-made structures with the 'Factory' [-][/c][c][00ff00][ F2 ][-][/c][/b]\n[i](E.g. by designing a structure in Creative Mode, and then spawning it in Survival.[/i]\n[i]You can also subscribe to [b]Steam Workshop[/b] builds, and place them this way.)[/i]\n\n[b][c][ffffff]C- Take over an existing structure. [-][/c][/b]\n[i](You might need to find and destroy its Core first)[/i]",,,,,,,,"\n[c][ffffff]A — [-][/c][b][c][ffffff]Поместите «стартовый блок» на землю.[-][/c][/b]\nЗатем стройте на нём, используя свои блоки.\n[i](Стартовый блок уже содержит ядро, которое устанавливает ваше владение конструкцией.)[/i]\n\n[b][c][ffffff]Б — Создайте готовую конструкцию через «Фабрику»[-][/c] [c][00ff00][F2][-][/c][/b]\n[i](Например, можно спроектировать конструкцию в творческом режиме, а затем создать её в выживании.)[/i]\n[i]Также можно подписаться на постройки из [b]Мастерской Steam[/b] и разместить их таким способом.)[/i]\n\n[b][c][ffffff]В — Захватите существующую конструкцию.[-][/c][/b]\n[i](Сначала может потребоваться найти и уничтожить её ядро.)[/i]",,,,,,,,
pda_mSueqCW,Building:  Block pickup vs. Salvage,,,,,,,,Строительство: подбор блоков или разбор,,,,,,,,
pda_8iKdK0u,Faction standing,,,,,,,,Отношение фракций,,,,,,,,
pda_aKGaaG0,-,,,,,,,,-,,,,,,,,
pda_iC8WKWu,"[c][ffffff]Things you do might affect how other factions (NPC) will react to you.[-][/c]\n\nYou will get an indication at top left screen size, that displays if they approve or disprove of an action.\n[i]E.g. entering their territory with a vessel, drilling ore deposits... or shooting at them.[/i]\n\n[c][ffffff]'Unfriendly' and 'hostile' factions will attack you. [-][/c]\n[i][b]Stealing [/b]from containers is _very much_ hated in the whole of the galaxy, so be careful![/i]",,,,,,,,"[c][ffffff]Ваши действия могут влиять на то, как другие фракции (NPC) относятся к вам.[-][/c]\n\nВ верхнем левом углу экрана появится индикатор, показывающий, одобряет или не одобряет фракция совершённое действие.\n[i]Например: вход в их территорию на судне, добыча руды или стрельба по ним.[/i]\n\n[c][ffffff]«Недружелюбные» и «враждебные» фракции будут атаковать вас.[-][/c]\n[i][b]Кража[/b] из контейнеров крайне не одобряется во всей галактике, так что будьте осторожны![/i]",,,,,,,,
pda_WmiGKum,Space travel,,,,,,,,Космические путешествия,,,,,,,,
pda_08W4i8O,Space travel,,,,,,,,Космические путешествия,,,,,,,,
pda_uq88uuW,"\n- [c][ffffff]Small Vessels [-][/c](SV) can warp inside of a star system.\n- [c][ffffff]Capital Vessels[-][/c] (CV) can warp between stars.\n\nYou will need a 'Warpdrive' block and a 'Pentaxid tank' filled with fuel.\nSelect the target in the map (system or galaxy view). \nThen accelerate towards it, and press[c][00ff00] [K] [-][/c]to jump.\n\n---\n\n[i][c][c0c0c0]For training purposes, this [b]tutorial uses an exception[/b]- - Allowing you to warp to a different star, once, with a special SV.[-][/c][/i]",,,,,,,,"\n- [c][ffffff]Малые суда[-][/c] (SV) могут совершать варп-прыжки внутри звёздной системы.\n- [c][ffffff]Капитальные суда[-][/c] (CV) могут совершать варп-прыжки между звёздами.\n\nВам понадобятся блок «Варп-двигатель» и «Бак пентаксида», заполненный топливом.\nВыберите цель на карте (в режиме системы или галактики).\nЗатем разгонитесь в её направлении и нажмите [c][00ff00][K][-][/c], чтобы совершить прыжок.\n\n---\n\n[i][c][c0c0c0]Для обучения здесь сделано [b]исключение[/b]: специальное малое судно позволит один раз совершить варп-прыжок к другой звезде.[-][/c][/i]",,,,,,,,
pda_8Sie0m4,...,,,,,,,,...,,,,,,,,
pda_448qqfa,...,,,,,,,,...,,,,,,,,
pda_m04m2qL,--,,,,,,,,--,,,,,,,,
pda_uOmufmW,...,,,,,,,,...,,,,,,,,
pda_8mG0CaC,...,,,,,,,,...,,,,,,,,
pda_M8qui4K,--,,,,,,,,--,,,,,,,,
pda_CqaKaCu,Survey,,,,,,,,Опрос,,,,,,,,
pda_qam44cq,Activated,,,,,,,,Активировано,,,,,,,,
pda_qOOGC2a,- -,,,,,,,,- -,,,,,,,,
pda_4CuSWC4,"[c][ffffff]Thank you in advance for taking the time to send us your feedback![-][/c]\n\n[c][9db6c3]In the following dialogue, you can select the topic for which you would like to provide feedback.[-][/c]\n\n[c][fb00ff]Please click on 'activate mission' or 'activate tutorial' to start.[-][/c]\n[c][fb00ff][-][/c]\n[i][c][9db6c3][u]Note:[/u]\nAs long as you are in the feedback dialogue, you are protected by a temporary god mode (including deactivated AI).\n\nClose the form with the X at the top right of the web window and then click on an answer option to close the feedback dialogue.[-][/c][/i]",,,,,,,,"[c][ffffff]Заранее благодарим, что нашли время отправить нам свой отзыв![-][/c]\n\n[c][9db6c3]В следующем диалоге вы сможете выбрать тему, по которой хотите оставить отзыв.[-][/c]\n\n[c][fb00ff]Чтобы начать, нажмите «Активировать миссию» или «Активировать обучение».[-][/c]\n[c][fb00ff][-][/c]\n[i][c][9db6c3][u]Примечание:[/u]\nПока открыт диалог обратной связи, вы защищены временным режимом неуязвимости, включая отключение ИИ.\n\nЗакройте форму крестиком в правом верхнем углу окна браузера, затем нажмите вариант ответа, чтобы закрыть диалог обратной связи.[-][/c][/i]",,,,,,,,
pda_SWeW8GC,[c][fb00ff]SEND US YOUR FEEDBACK![-][/c],,,,,,,,[c][fb00ff]ОТПРАВЬТЕ НАМ СВОЙ ОТЗЫВ![-][/c],,,,,,,,
pda_Gumi44G,<b><color=#ffffff>Congratulations!</color></b>\nYou have completed the Tutorial.\n\nSee you in the Maingame for your <color=#ffff00>Galactic Adventure</color> !\n<i>Thank you for playing!</i>,,,,,,,,<b><color=#ffffff>Поздравляем!</color></b>\nВы завершили обучение.\n\nДо встречи в основной игре — вас ждёт <color=#ffff00>галактическое приключение</color>!\n<i>Спасибо за игру!</i>,,,,,,,,
